2025-11-07 15:10:02,294 [INFO] Firebase initialized
2025-11-07 15:10:06,472 [INFO] IslandRetriever initialized (DB: generated_sketches_all)
2025-11-07 15:10:06,479 [INFO] ComfyUI initialized (workflows: ['aurora', 'autumn', 'baekja', 'camellia', 'canola', 'cherry', 'constellation', 'dansaekhwa', 'entertainment', 'fantasy', 'hanok', 'jasu', 'kimhongdo', 'klimt', 'landscape', 'monet', 'origami', 'pollock', 'sinyunbok', 'sumuk', 'traditional', 'vangogh', 'wave', 'winter'])
2025-11-07 15:10:07,854 [INFO] OCR Client initialized
2025-11-07 15:10:07,856 [INFO] ==================================================
2025-11-07 15:10:07,856 [INFO] Flask AI Server Starting...
2025-11-07 15:10:07,857 [INFO] Storage Path: drawings/drawing.png
2025-11-07 15:10:07,859 [INFO] Port: 5000
2025-11-07 15:10:07,859 [INFO] ==================================================
2025-11-07 15:10:27,386 [INFO] Sketch downloaded from drawings/drawing.png
2025-11-07 15:10:27,387 [INFO] Checking for text in sketch...
2025-11-07 15:10:27,752 [INFO] No text detected, proceeding with retrieval
2025-11-07 15:10:27,823 [INFO] Matched Island ID: 278 (similarity: 0.373)
2025-11-07 15:10:28,020 [INFO] Request: Island 278, Category 'heritage'
2025-11-07 15:10:28,021 [INFO] Category: 'heritage' → 'jasu' (RANDOM)
2025-11-07 15:10:28,021 [INFO] Using folder: original
2025-11-07 15:10:28,022 [INFO] Starting AI image generation...
2025-11-07 15:15:19,029 [INFO] Image uploaded to generated/latest_island.png
2025-11-07 15:15:19,170 [INFO] Firestore updated
2025-11-07 15:15:19,171 [INFO] TIMING | Generation: 289.71s | Total: 291.15s
2025-11-07 15:16:39,745 [INFO] Sketch downloaded from drawings/drawing.png
2025-11-07 15:16:39,745 [INFO] Checking for text in sketch...
2025-11-07 15:16:40,098 [WARNING] Text detected: ['V']
2025-11-07 15:16:52,775 [INFO] Sketch downloaded from drawings/drawing.png
2025-11-07 15:16:52,776 [INFO] Checking for text in sketch...
2025-11-07 15:16:52,998 [INFO] No text detected, proceeding with retrieval
2025-11-07 15:16:53,012 [INFO] Matched Island ID: 193 (similarity: 0.323)
2025-11-07 15:16:53,198 [INFO] Request: Island 193, Category 'taste'
2025-11-07 15:16:53,198 [INFO] Category: 'taste' → 'sumuk' (RANDOM)
2025-11-07 15:16:53,198 [INFO] Using folder: original
2025-11-07 15:16:53,199 [INFO] Starting AI image generation...
2025-11-07 15:18:15,028 [INFO] Image uploaded to generated/latest_island.png
2025-11-07 15:18:15,078 [INFO] Firestore updated
2025-11-07 15:18:15,079 [INFO] TIMING | Generation: 80.40s | Total: 81.88s
2025-11-07 15:21:41,288 [INFO] Firebase initialized
2025-11-07 15:21:45,751 [INFO] IslandRetriever initialized (DB: generated_sketches_all)
2025-11-07 15:21:45,767 [INFO] ComfyUI initialized (workflows: ['aurora', 'autumn', 'baekja', 'camellia', 'canola', 'cherry', 'constellation', 'dansaekhwa', 'entertainment', 'fantasy', 'hanok', 'jasu', 'kimhongdo', 'klimt', 'landscape', 'monet', 'origami', 'pollock', 'sinyunbok', 'sumuk', 'traditional', 'vangogh', 'wave', 'winter'])
2025-11-07 15:21:47,185 [INFO] OCR Client initialized
2025-11-07 15:21:47,187 [INFO] ==================================================
2025-11-07 15:21:47,189 [INFO] Flask AI Server Starting...
2025-11-07 15:21:47,190 [INFO] Storage Path: drawings/drawing.png
2025-11-07 15:21:47,192 [INFO] Port: 5000
2025-11-07 15:21:47,193 [INFO] ==================================================
2025-11-07 15:22:22,594 [INFO] Sketch downloaded from drawings/drawing.png
2025-11-07 15:22:22,596 [INFO] Checking for text in sketch...
2025-11-07 15:22:22,911 [INFO] No text detected, proceeding with retrieval
2025-11-07 15:22:22,932 [INFO] Matched Island ID: 44 (similarity: 0.299)
2025-11-07 15:22:23,194 [INFO] Request: Island 44, Category 'taste'
2025-11-07 15:22:23,196 [INFO] Category: 'taste' → 'wave' (RANDOM)
2025-11-07 15:22:23,197 [INFO] Using folder: original
2025-11-07 15:22:23,198 [INFO] Starting AI image generation...
2025-11-07 15:24:35,784 [INFO] Image uploaded to generated/latest_island.png
2025-11-07 15:24:35,899 [INFO] Firestore updated
2025-11-07 15:24:35,901 [INFO] TIMING | Generation: 130.96s | Total: 132.71s
2025-11-07 15:25:00,391 [INFO] Firebase initialized
2025-11-07 15:25:04,519 [INFO] IslandRetriever initialized (DB: generated_sketches_all)
2025-11-07 15:25:04,528 [INFO] ComfyUI initialized (workflows: ['aurora', 'autumn', 'baekja', 'camellia', 'canola', 'cherry', 'constellation', 'dansaekhwa', 'entertainment', 'fantasy', 'hanok', 'jasu', 'kimhongdo', 'klimt', 'landscape', 'monet', 'origami', 'pollock', 'sinyunbok', 'sumuk', 'traditional', 'vangogh', 'wave', 'winter'])
2025-11-07 15:25:05,894 [INFO] OCR Client initialized
2025-11-07 15:25:05,896 [INFO] ==================================================
2025-11-07 15:25:05,898 [INFO] Flask AI Server Starting...
2025-11-07 15:25:05,899 [INFO] Storage Path: drawings/drawing.png
2025-11-07 15:25:05,901 [INFO] Port: 5000
2025-11-07 15:25:05,902 [INFO] ==================================================
2025-11-07 15:28:12,786 [INFO] Firebase initialized
2025-11-07 15:31:14,353 [INFO] Firebase initialized
2025-11-07 15:31:18,548 [INFO] IslandRetriever initialized (DB: generated_sketches_all)
2025-11-07 15:31:18,586 [INFO] ComfyUI initialized (workflows: ['aurora', 'autumn', 'baekja', 'camellia', 'canola', 'cherry', 'constellation', 'dansaekhwa', 'entertainment', 'fantasy', 'hanok', 'jasu', 'kimhongdo', 'klimt', 'landscape', 'monet', 'origami', 'pollock', 'sinyunbok', 'sumuk', 'traditional', 'vangogh', 'wave', 'winter'])
2025-11-07 15:31:19,955 [INFO] OCR Client initialized
2025-11-07 15:31:19,958 [INFO] ==================================================
2025-11-07 15:31:19,960 [INFO] Flask AI Server Starting...
2025-11-07 15:31:19,961 [INFO] Storage Path: drawings/drawing.png
2025-11-07 15:31:19,963 [INFO] Port: 5000
2025-11-07 15:31:19,964 [INFO] ==================================================
2025-11-07 15:36:13,377 [INFO] Firebase initialized
2025-11-07 15:36:17,470 [INFO] IslandRetriever initialized (DB: generated_sketches_all)
2025-11-07 15:36:17,494 [INFO] ComfyUI initialized (workflows: ['aurora', 'autumn', 'baekja', 'camellia', 'canola', 'cherry', 'constellation', 'dansaekhwa', 'entertainment', 'fantasy', 'hanok', 'jasu', 'kimhongdo', 'klimt', 'landscape', 'monet', 'origami', 'pollock', 'sinyunbok', 'sumuk', 'traditional', 'vangogh', 'wave', 'winter'])
2025-11-07 15:36:18,849 [INFO] OCR Client initialized
2025-11-07 15:36:18,852 [INFO] ==================================================
2025-11-07 15:36:18,853 [INFO] Flask AI Server Starting...
2025-11-07 15:36:18,854 [INFO] Storage Path: drawings/drawing.png
2025-11-07 15:36:18,854 [INFO] Port: 5000
2025-11-07 15:36:18,855 [INFO] ==================================================
2025-11-07 15:36:50,147 [INFO] Sketch downloaded from drawings/drawing.png
2025-11-07 15:36:50,150 [INFO] Checking for text in sketch...
2025-11-07 15:36:50,425 [INFO] No text detected, proceeding with retrieval
2025-11-07 15:36:50,497 [INFO] Matched Island ID: 193 (similarity: 0.379)
2025-11-07 15:36:50,663 [INFO] Request: Island 193, Category 'taste'
2025-11-07 15:36:50,664 [INFO] Category: 'taste' → 'wave' (RANDOM)
2025-11-07 15:36:50,666 [INFO] Using folder: original
2025-11-07 15:36:50,667 [INFO] Starting AI image generation...
2025-11-07 15:37:06,358 [INFO] Image uploaded to generated/latest_island.png
2025-11-07 15:37:06,464 [INFO] Firestore updated
2025-11-07 15:37:06,465 [INFO] TIMING | Generation: 14.14s | Total: 15.80s
2025-11-07 15:38:25,302 [INFO] Firebase initialized
2025-11-07 15:38:29,438 [INFO] IslandRetriever initialized (DB: generated_sketches_all)
2025-11-07 15:38:29,464 [INFO] ComfyUI initialized (workflows: ['aurora', 'autumn', 'baekja', 'camellia', 'canola', 'cherry', 'constellation', 'dansaekhwa', 'entertainment', 'fantasy', 'hanok', 'jasu', 'kimhongdo', 'klimt', 'landscape', 'monet', 'origami', 'pollock', 'sinyunbok', 'sumuk', 'traditional', 'vangogh', 'wave', 'winter'])
2025-11-07 15:38:30,819 [INFO] OCR Client initialized
2025-11-07 15:38:30,821 [INFO] ==================================================
2025-11-07 15:38:30,822 [INFO] Flask AI Server Starting...
2025-11-07 15:38:30,823 [INFO] Storage Path: drawings/drawing.png
2025-11-07 15:38:30,824 [INFO] Port: 5000
2025-11-07 15:38:30,825 [INFO] ==================================================
2025-11-07 15:38:36,140 [INFO] Sketch downloaded from drawings/drawing.png
2025-11-07 15:38:36,143 [INFO] Checking for text in sketch...
2025-11-07 15:38:36,461 [INFO] No text detected, proceeding with retrieval
2025-11-07 15:38:36,553 [INFO] Matched Island ID: 44 (similarity: 0.309)
2025-11-07 15:38:36,733 [INFO] Request: Island 44, Category 'art'
2025-11-07 15:38:36,734 [INFO] Category: 'art' → 'dansaekhwa' (RANDOM)
2025-11-07 15:38:36,736 [INFO] Using folder: original
2025-11-07 15:38:36,737 [INFO] Starting AI image generation...
2025-11-07 15:38:50,379 [INFO] Image uploaded to generated/latest_island.png
2025-11-07 15:38:50,492 [INFO] Firestore updated
2025-11-07 15:38:50,493 [INFO] TIMING | Generation: 12.12s | Total: 13.76s
2025-11-07 15:47:52,337 [INFO] Firebase initialized
2025-11-07 15:47:56,553 [INFO] IslandRetriever initialized (DB: generated_sketches_all)
2025-11-07 15:47:56,579 [INFO] ComfyUI initialized (workflows: ['aurora', 'autumn', 'baekja', 'camellia', 'canola', 'cherry', 'constellation', 'dansaekhwa', 'entertainment', 'fantasy', 'hanok', 'jasu', 'kimhongdo', 'klimt', 'landscape', 'monet', 'origami', 'pollock', 'sinyunbok', 'sumuk', 'traditional', 'vangogh', 'wave', 'winter'])
2025-11-07 15:47:58,089 [INFO] OCR Client initialized
2025-11-07 15:47:58,091 [INFO] ==================================================
2025-11-07 15:47:58,092 [INFO] Flask AI Server Starting...
2025-11-07 15:47:58,093 [INFO] Storage Path: drawings/drawing.png
2025-11-07 15:47:58,093 [INFO] Port: 5000
2025-11-07 15:47:58,094 [INFO] ==================================================
2025-11-07 16:44:03,370 [INFO] Firebase initialized
2025-11-07 16:44:07,479 [INFO] IslandRetriever initialized (DB: generated_sketches_all)
2025-11-07 16:44:07,505 [INFO] ComfyUI initialized (workflows: ['aurora', 'autumn', 'baekja', 'camellia', 'canola', 'cherry', 'constellation', 'dansaekhwa', 'entertainment', 'fantasy', 'hanok', 'jasu', 'kimhongdo', 'klimt', 'landscape', 'monet', 'origami', 'pollock', 'sinyunbok', 'sumuk', 'traditional', 'vangogh', 'wave', 'winter'])
2025-11-07 16:44:08,854 [INFO] OCR Client initialized
2025-11-07 16:44:08,857 [INFO] ==================================================
2025-11-07 16:44:08,858 [INFO] Flask AI Server Starting...
2025-11-07 16:44:08,859 [INFO] Storage Path: drawings/drawing.png
2025-11-07 16:44:08,860 [INFO] Port: 5000
2025-11-07 16:44:08,861 [INFO] ==================================================
2025-11-07 16:57:07,581 [INFO] Sketch downloaded from drawings/drawing.png
2025-11-07 16:57:07,584 [INFO] Checking for text in sketch...
2025-11-07 16:57:07,977 [INFO] No text detected, proceeding with retrieval
2025-11-07 16:57:08,040 [INFO] Matched Island ID: 361 (similarity: 0.314)
2025-11-07 16:57:08,119 [INFO] Request: Island 361, Category 'art'
2025-11-07 16:57:08,120 [INFO] Category: 'art' → 'monet' (RANDOM)
2025-11-07 16:57:08,122 [INFO] Using folder: original
2025-11-07 16:57:08,123 [INFO] Starting AI image generation...
2025-11-07 17:01:59,197 [INFO] Image uploaded to generated/latest_island.png
2025-11-07 17:01:59,347 [INFO] Firestore updated
2025-11-07 17:01:59,349 [INFO] TIMING | Generation: 289.49s | Total: 291.23s
2025-11-07 17:22:55,863 [INFO] Sketch downloaded from drawings/drawing.png
2025-11-07 17:22:55,864 [INFO] Checking for text in sketch...
2025-11-07 17:22:56,234 [INFO] No text detected, proceeding with retrieval
2025-11-07 17:22:56,252 [INFO] Matched Island ID: 44 (similarity: 0.317)
2025-11-07 17:22:56,300 [INFO] Request: Island 44, Category 'nature'
2025-11-07 17:22:56,301 [INFO] Category: 'nature' → 'camellia' (RANDOM)
2025-11-07 17:22:56,302 [INFO] Using folder: original
2025-11-07 17:22:56,303 [INFO] Starting AI image generation...
2025-11-07 17:23:20,037 [INFO] Image uploaded to generated/latest_island.png
2025-11-07 17:23:20,139 [INFO] Firestore updated
2025-11-07 17:23:20,140 [INFO] TIMING | Generation: 22.15s | Total: 23.84s
2025-11-07 17:25:58,321 [INFO] Sketch downloaded from drawings/drawing.png
2025-11-07 17:25:58,322 [INFO] Checking for text in sketch...
2025-11-07 17:25:58,578 [INFO] No text detected, proceeding with retrieval
2025-11-07 17:25:58,592 [INFO] Matched Island ID: 93 (similarity: 0.293)
2025-11-07 17:27:34,131 [INFO] Sketch downloaded from drawings/drawing.png
2025-11-07 17:27:34,132 [INFO] Checking for text in sketch...
2025-11-07 17:27:34,539 [INFO] No text detected, proceeding with retrieval
2025-11-07 17:27:34,552 [INFO] Matched Island ID: 39 (similarity: 0.500)
2025-11-07 17:29:35,947 [INFO] Request: Island 1, Category 'winter'
2025-11-07 17:29:35,949 [INFO] Category: 'winter' → 'winter' (SPECIFIED)
2025-11-07 17:29:35,950 [INFO] Using folder: original
2025-11-07 17:29:35,951 [INFO] Starting AI image generation...
2025-11-07 17:29:37,490 [INFO] Sketch downloaded from drawings/drawing.png
2025-11-07 17:29:37,492 [INFO] Checking for text in sketch...
2025-11-07 17:29:37,711 [INFO] No text detected, proceeding with retrieval
2025-11-07 17:29:37,727 [INFO] Matched Island ID: 39 (similarity: 0.500)
2025-11-07 17:29:37,825 [INFO] Request: Island 39, Category 'taste'
2025-11-07 17:29:37,827 [INFO] Category: 'taste' → 'landscape' (RANDOM)
2025-11-07 17:29:37,828 [INFO] Using folder: original
2025-11-07 17:29:37,829 [INFO] Starting AI image generation...
2025-11-07 17:29:51,737 [INFO] Image uploaded to generated/latest_island.png
2025-11-07 17:29:51,894 [INFO] Firestore updated
2025-11-07 17:29:51,895 [INFO] TIMING | Generation: 14.14s | Total: 15.95s
2025-11-07 17:30:01,603 [INFO] Image uploaded to generated/latest_island.png
2025-11-07 17:30:01,657 [INFO] Firestore updated
2025-11-07 17:30:01,658 [INFO] TIMING | Generation: 22.13s | Total: 23.83s
2025-11-07 17:36:32,691 [INFO] Firebase initialized
2025-11-07 17:36:37,179 [INFO] IslandRetriever initialized (DB: generated_sketches_all)
2025-11-07 17:36:37,215 [INFO] ComfyUI initialized (workflows: ['aurora', 'autumn', 'baekja', 'camellia', 'canola', 'cherry', 'constellation', 'dansaekhwa', 'entertainment', 'fantasy', 'hanok', 'jasu', 'kimhongdo', 'klimt', 'landscape', 'monet', 'origami', 'pollock', 'sinyunbok', 'sumuk', 'traditional', 'vangogh', 'wave', 'winter'])
2025-11-07 17:36:38,658 [INFO] OCR Client initialized
2025-11-07 17:36:38,660 [INFO] ==================================================
2025-11-07 17:36:38,661 [INFO] Flask AI Server Starting...
2025-11-07 17:36:38,662 [INFO] Storage Path: drawings/drawing.png
2025-11-07 17:36:38,663 [INFO] Port: 5000
2025-11-07 17:36:38,664 [INFO] ==================================================
2025-11-07 17:36:44,170 [INFO] Sketch downloaded from drawings/drawing.png
2025-11-07 17:36:44,173 [INFO] Checking for text in sketch...
2025-11-07 17:36:44,587 [INFO] No text detected, proceeding with retrieval
2025-11-07 17:36:44,611 [INFO] Matched Island ID: 230 (similarity: 0.281)
2025-11-07 17:36:44,676 [INFO] Request: Island 230, Category 'art'
2025-11-07 17:36:44,677 [INFO] Category: 'art' → 'origami' (RANDOM)
2025-11-07 17:36:44,678 [INFO] Using folder: original
2025-11-07 17:36:44,679 [INFO] Starting AI image generation...
2025-11-07 17:37:30,561 [INFO] Image uploaded to generated/latest_island.png
2025-11-07 17:37:30,671 [INFO] Firestore updated
2025-11-07 17:37:30,672 [INFO] TIMING | Generation: 44.28s | Total: 46.00s
2025-11-07 17:50:56,767 [INFO] Sketch downloaded from drawings/drawing.png
2025-11-07 17:50:56,768 [INFO] Checking for text in sketch...
2025-11-07 17:50:56,903 [INFO] No text detected, proceeding with retrieval
2025-11-07 17:50:56,926 [INFO] Matched Island ID: 278 (similarity: 0.285)
2025-11-07 17:50:57,110 [INFO] Request: Island 278, Category 'heritage'
2025-11-07 17:50:57,111 [INFO] Category: 'heritage' → 'jasu' (RANDOM)
2025-11-07 17:50:57,113 [INFO] Using folder: original
2025-11-07 17:50:57,114 [INFO] Starting AI image generation...
2025-11-07 17:52:27,412 [INFO] Firebase initialized
2025-11-07 17:52:32,604 [INFO] IslandRetriever initialized (DB: generated_sketches_all)
2025-11-07 17:52:32,639 [INFO] ComfyUI initialized (workflows: ['aurora', 'autumn', 'baekja', 'camellia', 'canola', 'cherry', 'constellation', 'dansaekhwa', 'entertainment', 'fantasy', 'hanok', 'jasu', 'kimhongdo', 'klimt', 'landscape', 'monet', 'origami', 'pollock', 'sinyunbok', 'sumuk', 'traditional', 'vangogh', 'wave', 'winter'])
2025-11-07 17:52:34,057 [INFO] OCR Client initialized
2025-11-07 17:52:34,059 [INFO] ==================================================
2025-11-07 17:52:34,060 [INFO] Flask AI Server Starting...
2025-11-07 17:52:34,061 [INFO] Storage Path: drawings/drawing.png
2025-11-07 17:52:34,062 [INFO] Port: 5000
2025-11-07 17:52:34,063 [INFO] ==================================================
2025-11-07 17:52:58,190 [INFO] Sketch downloaded from drawings/drawing.png
2025-11-07 17:52:58,192 [INFO] Checking for text in sketch...
2025-11-07 17:52:58,355 [INFO] No text detected, proceeding with retrieval
2025-11-07 17:52:58,391 [INFO] Matched Island ID: 278 (similarity: 0.285)
2025-11-07 17:52:58,568 [INFO] Request: Island 278, Category 'nature'
2025-11-07 17:52:58,569 [INFO] Category: 'nature' → 'aurora' (RANDOM)
2025-11-07 17:52:58,571 [INFO] Using folder: original
2025-11-07 17:52:58,572 [INFO] Starting AI image generation...
2025-11-07 17:54:38,948 [INFO] Image uploaded to generated/latest_island.png
2025-11-07 17:54:39,065 [INFO] Firestore updated
2025-11-07 17:54:39,066 [INFO] TIMING | Generation: 98.50s | Total: 100.50s
2025-11-10 09:55:36,698 [INFO] Firebase initialized
2025-11-10 09:55:41,476 [INFO] IslandRetriever initialized (DB: generated_sketches_all)
2025-11-10 09:55:41,503 [INFO] ComfyUI initialized (workflows: ['aurora', 'autumn', 'baekja', 'camellia', 'canola', 'cherry', 'constellation', 'dansaekhwa', 'entertainment', 'fantasy', 'hanok', 'jasu', 'kimhongdo', 'klimt', 'landscape', 'monet', 'origami', 'pollock', 'sinyunbok', 'sumuk', 'traditional', 'vangogh', 'wave', 'winter'])
2025-11-10 09:55:42,913 [INFO] OCR Client initialized
2025-11-10 09:55:42,916 [INFO] ==================================================
2025-11-10 09:55:42,916 [INFO] Flask AI Server Starting...
2025-11-10 09:55:42,917 [INFO] Storage Path: drawings/drawing.png
2025-11-10 09:55:42,918 [INFO] Port: 5000
2025-11-10 09:55:42,919 [INFO] ==================================================
2025-11-10 10:37:58,829 [INFO] Sketch downloaded from drawings/drawing.png
2025-11-10 10:37:58,831 [INFO] Checking for text in sketch...
2025-11-10 10:37:59,278 [INFO] No text detected, proceeding with retrieval
2025-11-10 10:37:59,316 [INFO] Matched Island ID: 101 (similarity: 0.288)
2025-11-10 10:37:59,392 [INFO] Request: Island 101, Category 'art'
2025-11-10 10:37:59,393 [INFO] Category: 'art' → 'vangogh' (RANDOM)
2025-11-10 10:37:59,394 [INFO] Using folder: original
2025-11-10 10:37:59,395 [INFO] Starting AI image generation...
2025-11-10 10:38:17,267 [INFO] Image uploaded to generated/latest_island.png
2025-11-10 10:38:17,476 [INFO] Firestore updated
2025-11-10 10:38:17,478 [INFO] TIMING | Generation: 16.14s | Total: 18.08s
2025-11-10 10:38:26,542 [INFO] Sketch downloaded from drawings/drawing.png
2025-11-10 10:38:26,544 [INFO] Checking for text in sketch...
2025-11-10 10:38:26,777 [INFO] No text detected, proceeding with retrieval
2025-11-10 10:38:26,791 [INFO] Matched Island ID: 98 (similarity: 0.509)
2025-11-10 10:38:26,838 [INFO] Request: Island 98, Category 'taste'
2025-11-10 10:38:26,840 [INFO] Category: 'taste' → 'landscape' (RANDOM)
2025-11-10 10:38:26,841 [INFO] Using folder: original
2025-11-10 10:38:26,842 [INFO] Starting AI image generation...
2025-11-10 10:38:38,476 [INFO] Image uploaded to generated/latest_island.png
2025-11-10 10:38:38,518 [INFO] Firestore updated
2025-11-10 10:38:38,519 [INFO] TIMING | Generation: 10.09s | Total: 11.68s
2025-11-10 10:39:25,689 [INFO] Firebase initialized
2025-11-10 10:39:29,744 [INFO] IslandRetriever initialized (DB: generated_sketches_all)
2025-11-10 10:39:29,770 [INFO] ComfyUI initialized (workflows: ['autumn', 'baekja', 'camellia', 'canola', 'cherry', 'constellation', 'dansaekhwa', 'entertainment', 'fantasy', 'hydragea', 'jasu', 'kimhongdo', 'klimt', 'landscape', 'monet', 'origami', 'pollock', 'sinyunbok', 'sumuk', 'traditional', 'vangogh', 'wave', 'winter'])
2025-11-10 10:39:31,129 [INFO] OCR Client initialized
2025-11-10 10:39:31,131 [INFO] ==================================================
2025-11-10 10:39:31,132 [INFO] Flask AI Server Starting...
2025-11-10 10:39:31,133 [INFO] Storage Path: drawings/drawing.png
2025-11-10 10:39:31,134 [INFO] Port: 5000
2025-11-10 10:39:31,135 [INFO] ==================================================
2025-11-10 10:43:39,339 [INFO] Timing CSV initialized: ./logs\timing_log.csv
2025-11-10 10:43:39,372 [INFO] Firebase initialized
2025-11-10 10:43:54,115 [INFO] Firebase initialized
2025-11-10 10:43:58,055 [INFO] IslandRetriever initialized (DB: generated_sketches_all)
2025-11-10 10:43:58,079 [INFO] ComfyUI initialized (workflows: ['autumn', 'baekja', 'camellia', 'canola', 'cherry', 'constellation', 'dansaekhwa', 'entertainment', 'fantasy', 'hydragea', 'jasu', 'kimhongdo', 'klimt', 'landscape', 'monet', 'origami', 'pollock', 'sinyunbok', 'sumuk', 'traditional', 'vangogh', 'wave', 'winter'])
2025-11-10 10:43:59,431 [INFO] OCR Client initialized
2025-11-10 10:43:59,433 [INFO] ==================================================
2025-11-10 10:43:59,434 [INFO] Flask AI Server Starting...
2025-11-10 10:43:59,435 [INFO] Storage Path: drawings/drawing.png
2025-11-10 10:43:59,436 [INFO] Port: 5000
2025-11-10 10:43:59,437 [INFO] ==================================================
2025-11-10 10:44:53,294 [INFO] Sketch downloaded from drawings/drawing.png
2025-11-10 10:44:53,296 [INFO] Checking for text in sketch...
2025-11-10 10:44:53,554 [INFO] No text detected, proceeding with retrieval
2025-11-10 10:44:53,634 [INFO] Matched Island ID: 99 (similarity: 0.350)
2025-11-10 10:44:53,676 [INFO] Request: Island 99, Category 'art'
2025-11-10 10:44:53,678 [INFO] Category: 'art' → 'origami' (RANDOM)
2025-11-10 10:44:53,679 [INFO] Using folder: original
2025-11-10 10:44:53,681 [INFO] Starting AI image generation...
2025-11-10 10:45:39,538 [INFO] Image uploaded to generated/latest_island.png
2025-11-10 10:45:39,657 [INFO] Firestore updated
2025-11-10 10:45:39,658 [INFO] TIMING | Generation: 44.26s | Total: 45.98s
2025-11-10 10:45:51,751 [INFO] Sketch downloaded from drawings/drawing.png
2025-11-10 10:45:51,752 [INFO] Checking for text in sketch...
2025-11-10 10:45:51,989 [INFO] No text detected, proceeding with retrieval
2025-11-10 10:45:52,004 [INFO] Matched Island ID: 70 (similarity: 0.380)
2025-11-10 10:45:52,034 [INFO] Request: Island 70, Category 'nature'
2025-11-10 10:45:52,035 [INFO] Category: 'nature' → 'cherry' (RANDOM)
2025-11-10 10:45:52,036 [INFO] Using folder: original
2025-11-10 10:45:52,037 [INFO] Starting AI image generation...
2025-11-10 10:46:05,700 [INFO] Image uploaded to generated/latest_island.png
2025-11-10 10:46:05,743 [INFO] Firestore updated
2025-11-10 10:46:05,744 [INFO] TIMING | Generation: 12.10s | Total: 13.71s
2025-11-10 10:46:25,471 [INFO] Sketch downloaded from drawings/drawing.png
2025-11-10 10:46:25,472 [INFO] Checking for text in sketch...
2025-11-10 10:46:25,814 [INFO] No text detected, proceeding with retrieval
2025-11-10 10:46:25,828 [INFO] Matched Island ID: 16 (similarity: 0.243)
2025-11-10 10:46:25,848 [INFO] Request: Island 16, Category 'heritage'
2025-11-10 10:46:25,849 [INFO] Category: 'heritage' → 'jasu' (RANDOM)
2025-11-10 10:46:25,850 [INFO] Using folder: original
2025-11-10 10:46:25,852 [INFO] Starting AI image generation...
2025-11-10 10:47:07,509 [INFO] Image uploaded to generated/latest_island.png
2025-11-10 10:47:07,553 [INFO] Firestore updated
2025-11-10 10:47:07,554 [INFO] TIMING | Generation: 40.38s | Total: 41.71s
2025-11-10 10:47:16,066 [INFO] Sketch downloaded from drawings/drawing.png
2025-11-10 10:47:16,067 [INFO] Checking for text in sketch...
2025-11-10 10:47:16,395 [INFO] No text detected, proceeding with retrieval
2025-11-10 10:47:16,409 [INFO] Matched Island ID: 330 (similarity: 0.449)
2025-11-10 10:47:16,433 [INFO] Request: Island 330, Category 'heritage'
2025-11-10 10:47:16,435 [INFO] Category: 'heritage' → 'sinyunbok' (RANDOM)
2025-11-10 10:47:16,436 [INFO] Using folder: original
2025-11-10 10:47:16,437 [INFO] Starting AI image generation...
2025-11-10 10:50:12,999 [INFO] Image uploaded to generated/latest_island.png
2025-11-10 10:50:13,049 [INFO] Firestore updated
2025-11-10 10:50:13,051 [INFO] TIMING | Generation: 175.00s | Total: 176.62s
2025-11-10 10:52:07,466 [INFO] Request: Island 311, Category 'sinyunbok'
2025-11-10 10:52:07,467 [INFO] Category: 'sinyunbok' → 'sinyunbok' (SPECIFIED)
2025-11-10 10:52:07,469 [INFO] Using folder: original
2025-11-10 10:52:07,471 [INFO] Starting AI image generation...
2025-11-10 10:52:35,255 [INFO] Image uploaded to generated/latest_island.png
2025-11-10 10:52:35,347 [INFO] Firestore updated
2025-11-10 10:52:35,348 [INFO] TIMING | Generation: 26.17s | Total: 27.88s
2025-11-10 10:52:57,320 [INFO] Request: Island 215, Category 'jasu'
2025-11-10 10:52:57,321 [INFO] Category: 'jasu' → 'jasu' (SPECIFIED)
2025-11-10 10:52:57,323 [INFO] Using folder: original
2025-11-10 10:52:57,324 [INFO] Starting AI image generation...
2025-11-10 10:53:30,858 [INFO] Image uploaded to generated/latest_island.png
2025-11-10 10:53:30,940 [INFO] Firestore updated
2025-11-10 10:53:30,941 [INFO] TIMING | Generation: 32.22s | Total: 33.62s
2025-11-10 10:55:36,087 [INFO] Request: Island 109, Category 'jasu'
2025-11-10 10:55:36,088 [INFO] Category: 'jasu' → 'jasu' (SPECIFIED)
2025-11-10 10:55:36,090 [INFO] Using folder: original
2025-11-10 10:55:36,092 [INFO] Starting AI image generation...
2025-11-10 10:55:55,525 [INFO] Image uploaded to generated/latest_island.png
2025-11-10 10:55:55,620 [INFO] Firestore updated
2025-11-10 10:55:55,621 [INFO] TIMING | Generation: 18.14s | Total: 19.53s
2025-11-10 10:56:25,263 [INFO] Request: Island 36, Category 'sinyunbok'
2025-11-10 10:56:25,265 [INFO] Category: 'sinyunbok' → 'sinyunbok' (SPECIFIED)
2025-11-10 10:56:25,267 [INFO] Using folder: original
2025-11-10 10:56:25,268 [INFO] Starting AI image generation...
2025-11-10 10:57:09,150 [INFO] Image uploaded to generated/latest_island.png
2025-11-10 10:57:09,240 [INFO] Firestore updated
2025-11-10 10:57:09,241 [INFO] TIMING | Generation: 42.25s | Total: 43.98s
2025-11-10 10:57:36,499 [INFO] Firebase initialized
2025-11-10 10:57:40,765 [INFO] IslandRetriever initialized (DB: generated_sketches_all)
2025-11-10 10:57:40,795 [INFO] ComfyUI initialized (workflows: ['autumn', 'baekja', 'camellia', 'canola', 'cherry', 'constellation', 'dansaekhwa', 'entertainment', 'fantasy', 'hydragea', 'jasu', 'kimhongdo', 'klimt', 'landscape', 'monet', 'origami', 'pollock', 'sinyunbok', 'sumuk', 'traditional', 'vangogh', 'wave', 'winter'])
2025-11-10 10:57:42,146 [INFO] OCR Client initialized
2025-11-10 10:57:42,148 [INFO] ==================================================
2025-11-10 10:57:42,149 [INFO] Flask AI Server Starting...
2025-11-10 10:57:42,150 [INFO] Storage Path: drawings/drawing.png
2025-11-10 10:57:42,151 [INFO] Port: 5000
2025-11-10 10:57:42,152 [INFO] ==================================================
2025-11-10 10:59:14,664 [INFO] Request: Island 89, Category 'sinyunbok'
2025-11-10 10:59:14,665 [INFO] Category: 'sinyunbok' → 'sinyunbok' (SPECIFIED)
2025-11-10 10:59:14,667 [INFO] Using folder: original
2025-11-10 10:59:14,668 [INFO] Starting AI image generation...
2025-11-10 11:03:36,006 [INFO] Image uploaded to generated/latest_island.png
2025-11-10 11:03:36,204 [INFO] Firestore updated
2025-11-10 11:03:36,205 [INFO] TIMING | Generation: 259.45s | Total: 261.54s
2025-11-10 11:04:17,980 [INFO] Request: Island 12, Category 'jasu'
2025-11-10 11:04:17,981 [INFO] Category: 'jasu' → 'jasu' (SPECIFIED)
2025-11-10 11:04:17,983 [INFO] Using folder: original
2025-11-10 11:04:17,984 [INFO] Starting AI image generation...
2025-11-10 11:08:43,275 [INFO] Image uploaded to generated/latest_island.png
2025-11-10 11:08:43,415 [INFO] Firestore updated
2025-11-10 11:08:43,416 [INFO] TIMING | Generation: 263.48s | Total: 265.44s
2025-11-10 11:09:47,261 [INFO] Request: Island 12, Category 'sinyunbok'
2025-11-10 11:09:47,262 [INFO] Category: 'sinyunbok' → 'sinyunbok' (SPECIFIED)
2025-11-10 11:09:47,264 [INFO] Using folder: original
2025-11-10 11:09:47,266 [INFO] Starting AI image generation...
2025-11-10 11:10:25,123 [INFO] Image uploaded to generated/latest_island.png
2025-11-10 11:10:25,219 [INFO] Firestore updated
2025-11-10 11:10:25,221 [INFO] TIMING | Generation: 36.23s | Total: 37.96s
2025-11-10 11:13:13,108 [INFO] Firebase initialized
2025-11-10 11:13:17,484 [INFO] IslandRetriever initialized (DB: generated_sketches_all)
2025-11-10 11:13:17,513 [INFO] ComfyUI initialized (workflows: ['autumn', 'baekja', 'camellia', 'canola', 'cherry', 'constellation', 'dansaekhwa', 'entertainment', 'fantasy', 'hydragea', 'jasu', 'kimhongdo', 'klimt', 'landscape', 'monet', 'origami', 'pollock', 'sinyunbok', 'sumuk', 'traditional', 'vangogh', 'wave', 'winter'])
2025-11-10 11:35:11,315 [INFO] Firebase initialized
2025-11-10 11:35:15,791 [INFO] IslandRetriever initialized (DB: generated_sketches_all)
2025-11-10 11:35:15,822 [INFO] ComfyUI initialized (workflows: ['autumn', 'baekja', 'camellia', 'canola', 'cherry', 'constellation', 'dansaekhwa', 'entertainment', 'fantasy', 'hydragea', 'jasu', 'kimhongdo', 'klimt', 'landscape', 'monet', 'origami', 'pollock', 'sinyunbok', 'sumuk', 'traditional', 'vangogh', 'wave', 'winter'])
2025-11-10 11:36:30,061 [INFO] OCR Client initialized
2025-11-10 11:36:30,063 [INFO] ==================================================
2025-11-10 11:36:30,064 [INFO] Flask AI Server Starting...
2025-11-10 11:36:30,065 [INFO] Storage Path: drawings/drawing.png
2025-11-10 11:36:30,066 [INFO] Port: 5000
2025-11-10 11:36:30,067 [INFO] ==================================================
2025-11-10 11:37:02,952 [INFO] Firebase initialized
2025-11-10 11:37:07,360 [INFO] IslandRetriever initialized (DB: generated_sketches_all)
2025-11-10 11:37:07,386 [INFO] ComfyUI initialized (workflows: ['autumn', 'baekja', 'camellia', 'canola', 'cherry', 'constellation', 'dansaekhwa', 'entertainment', 'fantasy', 'hydragea', 'jasu', 'kimhongdo', 'klimt', 'landscape', 'monet', 'origami', 'pollock', 'sinyunbok', 'sumuk', 'traditional', 'vangogh', 'wave', 'winter'])
2025-11-10 11:38:13,851 [INFO] OCR Client initialized
2025-11-10 11:38:13,854 [INFO] ==================================================
2025-11-10 11:38:13,855 [INFO] Flask AI Server Starting...
2025-11-10 11:38:13,856 [INFO] Storage Path: drawings/drawing.png
2025-11-10 11:38:13,856 [INFO] Port: 5000
2025-11-10 11:38:13,857 [INFO] ==================================================
2025-11-10 11:46:56,110 [INFO] Firebase initialized
2025-11-10 11:47:00,488 [INFO] IslandRetriever initialized (DB: generated_sketches_all)
2025-11-10 11:47:30,143 [INFO] Firebase initialized
2025-11-10 11:47:34,186 [INFO] IslandRetriever initialized (DB: generated_sketches_all)
2025-11-10 11:48:14,301 [INFO] Firebase initialized
2025-11-10 11:48:18,328 [INFO] IslandRetriever initialized (DB: generated_sketches_all)
2025-11-10 11:48:18,357 [INFO] ComfyUI initialized (workflows: ['autumn', 'baekja', 'camellia', 'canola', 'cherry', 'constellation', 'dansaekhwa', 'entertainment', 'fantasy', 'hydragea', 'jasu', 'kimhongdo', 'klimt', 'landscape', 'monet', 'origami', 'pollock', 'sinyunbok', 'sumuk', 'traditional', 'vangogh', 'wave', 'winter'])
2025-11-10 11:59:06,322 [INFO] Firebase initialized
2025-11-10 11:59:10,367 [INFO] IslandRetriever initialized (DB: generated_sketches_all)
2025-11-10 11:59:10,390 [INFO] ComfyUI initialized (workflows: ['autumn', 'baekja', 'camellia', 'canola', 'cherry', 'constellation', 'dansaekhwa', 'entertainment', 'fantasy', 'hydragea', 'jasu', 'kimhongdo', 'klimt', 'landscape', 'monet', 'origami', 'pollock', 'sinyunbok', 'sumuk', 'traditional', 'vangogh', 'wave', 'winter'])
2025-11-10 12:00:30,125 [INFO] Firebase initialized
2025-11-10 12:00:34,521 [INFO] IslandRetriever initialized (DB: generated_sketches_all)
2025-11-10 12:00:34,546 [INFO] ComfyUI initialized (workflows: ['autumn', 'baekja', 'camellia', 'canola', 'cherry', 'constellation', 'dansaekhwa', 'entertainment', 'fantasy', 'hydragea', 'jasu', 'kimhongdo', 'klimt', 'landscape', 'monet', 'origami', 'pollock', 'sinyunbok', 'sumuk', 'traditional', 'vangogh', 'wave', 'winter'])
2025-11-10 12:06:07,219 [INFO] Firebase initialized
2025-11-10 12:06:11,376 [INFO] IslandRetriever initialized (DB: generated_sketches_all)
2025-11-10 12:06:11,401 [INFO] ComfyUI initialized (workflows: ['autumn', 'baekja', 'camellia', 'canola', 'cherry', 'constellation', 'dansaekhwa', 'entertainment', 'fantasy', 'hydragea', 'jasu', 'kimhongdo', 'klimt', 'landscape', 'monet', 'origami', 'pollock', 'sinyunbok', 'sumuk', 'traditional', 'vangogh', 'wave', 'winter'])
2025-11-10 12:10:40,148 [INFO] Firebase initialized
2025-11-10 12:10:44,522 [INFO] IslandRetriever initialized (DB: generated_sketches_all)
2025-11-10 12:10:44,554 [INFO] ComfyUI initialized (workflows: ['autumn', 'baekja', 'camellia', 'canola', 'cherry', 'constellation', 'dansaekhwa', 'entertainment', 'fantasy', 'hydragea', 'jasu', 'kimhongdo', 'klimt', 'landscape', 'monet', 'origami', 'pollock', 'sinyunbok', 'sumuk', 'traditional', 'vangogh', 'wave', 'winter'])
2025-11-10 12:15:32,054 [INFO] Firebase initialized
2025-11-10 12:15:36,483 [INFO] IslandRetriever initialized (DB: generated_sketches_all)
2025-11-10 12:15:36,508 [INFO] ComfyUI initialized (workflows: ['autumn', 'baekja', 'camellia', 'canola', 'cherry', 'constellation', 'dansaekhwa', 'entertainment', 'fantasy', 'hydragea', 'jasu', 'kimhongdo', 'klimt', 'landscape', 'monet', 'origami', 'pollock', 'sinyunbok', 'sumuk', 'traditional', 'vangogh', 'wave', 'winter'])
2025-11-10 12:18:14,293 [INFO] Firebase initialized
2025-11-10 12:18:18,374 [INFO] IslandRetriever initialized (DB: generated_sketches_all)
2025-11-10 12:18:18,397 [INFO] ComfyUI initialized (workflows: ['autumn', 'baekja', 'camellia', 'canola', 'cherry', 'constellation', 'dansaekhwa', 'entertainment', 'fantasy', 'hydragea', 'jasu', 'kimhongdo', 'klimt', 'landscape', 'monet', 'origami', 'pollock', 'sinyunbok', 'sumuk', 'traditional', 'vangogh', 'wave', 'winter'])
2025-11-10 12:21:05,022 [INFO] Firebase initialized
2025-11-10 12:21:09,413 [INFO] IslandRetriever initialized (DB: generated_sketches_all)
2025-11-10 12:21:09,442 [INFO] ComfyUI initialized (workflows: ['autumn', 'baekja', 'camellia', 'canola', 'cherry', 'constellation', 'dansaekhwa', 'entertainment', 'fantasy', 'hydragea', 'jasu', 'kimhongdo', 'klimt', 'landscape', 'monet', 'origami', 'pollock', 'sinyunbok', 'sumuk', 'traditional', 'vangogh', 'wave', 'winter'])
2025-11-10 12:23:07,299 [INFO] OCR Client initialized
2025-11-10 12:23:07,302 [INFO] ==================================================
2025-11-10 12:23:07,303 [INFO] Flask AI Server Starting...
2025-11-10 12:23:07,304 [INFO] Storage Path: drawings/drawing.png
2025-11-10 12:23:07,305 [INFO] Port: 5000
2025-11-10 12:23:07,306 [INFO] ==================================================
2025-11-10 12:24:04,155 [INFO] Firebase initialized
2025-11-10 12:24:08,529 [INFO] IslandRetriever initialized (DB: generated_sketches_all)
2025-11-10 12:24:08,558 [INFO] ComfyUI initialized (workflows: ['autumn', 'baekja', 'camellia', 'canola', 'cherry', 'constellation', 'dansaekhwa', 'entertainment', 'fantasy', 'hydragea', 'jasu', 'kimhongdo', 'klimt', 'landscape', 'monet', 'origami', 'pollock', 'sinyunbok', 'sumuk', 'traditional', 'vangogh', 'wave', 'winter'])
2025-11-10 12:26:06,863 [INFO] OCR Client initialized
2025-11-10 12:26:06,865 [INFO] ==================================================
2025-11-10 12:26:06,866 [INFO] Flask AI Server Starting...
2025-11-10 12:26:06,867 [INFO] Storage Path: drawings/drawing.png
2025-11-10 12:26:06,868 [INFO] Port: 5000
2025-11-10 12:26:06,869 [INFO] ==================================================
2025-11-10 12:26:52,127 [INFO] Request: Island 50, Category 'sinyunbok'
2025-11-10 12:26:52,128 [INFO] Category: 'sinyunbok' → 'sinyunbok' (SPECIFIED)
2025-11-10 12:26:52,129 [INFO] Using folder: original
2025-11-10 12:26:52,130 [INFO] Starting AI image generation...
2025-11-10 12:27:32,260 [INFO] Image uploaded to generated/latest_island.png
2025-11-10 12:27:32,470 [INFO] Firestore updated
2025-11-10 12:27:32,471 [INFO] TIMING | Generation: 38.26s | Total: 40.35s
2025-11-10 12:32:23,787 [INFO] Sketch downloaded from drawings/drawing.png
2025-11-10 12:32:23,788 [INFO] Checking for text in sketch...
2025-11-10 12:32:24,359 [INFO] No text detected, proceeding with retrieval
2025-11-10 12:32:24,400 [INFO] Matched Island ID: 222 (similarity: 0.369)
2025-11-10 12:32:24,467 [INFO] Request: Island 222, Category 'heritage'
2025-11-10 12:32:24,468 [INFO] Category: 'heritage' → 'jasu' (RANDOM)
2025-11-10 12:32:24,470 [INFO] Using folder: original
2025-11-10 12:32:24,470 [INFO] Starting AI image generation...
2025-11-10 12:33:02,090 [INFO] Image uploaded to generated/latest_island.png
2025-11-10 12:33:02,197 [INFO] Firestore updated
2025-11-10 12:33:02,198 [INFO] TIMING | Generation: 36.24s | Total: 37.73s
2025-11-10 12:33:12,613 [INFO] Sketch downloaded from drawings/drawing.png
2025-11-10 12:33:12,614 [INFO] Checking for text in sketch...
2025-11-10 12:33:13,032 [INFO] No text detected, proceeding with retrieval
2025-11-10 12:33:13,046 [INFO] Matched Island ID: 222 (similarity: 0.313)
2025-11-10 12:33:13,063 [INFO] Request: Island 222, Category 'heritage'
2025-11-10 12:33:13,066 [INFO] Category: 'heritage' → 'traditional' (RANDOM)
2025-11-10 12:33:13,067 [INFO] Using folder: generated_sketches_all
2025-11-10 12:33:13,068 [INFO] Starting AI image generation...
2025-11-10 12:33:30,778 [INFO] Image uploaded to generated/latest_island.png
2025-11-10 12:33:30,827 [INFO] Firestore updated
2025-11-10 12:33:30,828 [INFO] TIMING | Generation: 16.16s | Total: 17.76s
2025-11-10 12:36:13,866 [INFO] Sketch downloaded from drawings/drawing.png
2025-11-10 12:36:13,867 [INFO] Checking for text in sketch...
2025-11-10 12:36:14,126 [INFO] No text detected, proceeding with retrieval
2025-11-10 12:36:14,140 [INFO] Matched Island ID: 112 (similarity: 0.306)
2025-11-10 12:36:14,176 [INFO] Request: Island 112, Category 'heritage'
2025-11-10 12:36:14,178 [INFO] Category: 'heritage' → 'sinyunbok' (RANDOM)
2025-11-10 12:36:14,180 [INFO] Using folder: original
2025-11-10 12:36:14,181 [INFO] Starting AI image generation...
2025-11-10 12:39:11,137 [INFO] Firebase initialized
2025-11-10 12:39:15,612 [INFO] IslandRetriever initialized (DB: generated_sketches_all)
2025-11-10 12:39:15,642 [INFO] ComfyUI initialized (workflows: ['autumn', 'baekja', 'camellia', 'canola', 'cherry', 'constellation', 'dansaekhwa', 'entertainment', 'fantasy', 'hydragea', 'jasu', 'kimhongdo', 'klimt', 'landscape', 'monet', 'origami', 'pollock', 'sinyunbok', 'sumuk', 'traditional', 'vangogh', 'wave', 'winter'])
2025-11-10 12:41:05,979 [INFO] OCR Client initialized
2025-11-10 12:41:05,982 [INFO] ==================================================
2025-11-10 12:41:05,983 [INFO] Flask AI Server Starting...
2025-11-10 12:41:05,984 [INFO] Storage Path: drawings/drawing.png
2025-11-10 12:41:05,985 [INFO] Port: 5000
2025-11-10 12:41:05,985 [INFO] ==================================================
2025-11-10 12:42:30,923 [INFO] Request: Island 50, Category 'sinyunbok'
2025-11-10 12:42:30,924 [INFO] Category: 'sinyunbok' → 'sinyunbok' (SPECIFIED)
2025-11-10 12:42:30,926 [INFO] Using folder: original
2025-11-10 12:42:30,927 [INFO] Starting AI image generation...
2025-11-10 12:43:11,095 [INFO] Image uploaded to generated/latest_island.png
2025-11-10 12:43:11,297 [INFO] Firestore updated
2025-11-10 12:43:11,298 [INFO] TIMING | Generation: 38.28s | Total: 40.38s
2025-11-10 12:43:22,302 [INFO] Sketch downloaded from drawings/drawing.png
2025-11-10 12:43:22,303 [INFO] Checking for text in sketch...
2025-11-10 12:43:22,736 [INFO] No text detected, proceeding with retrieval
2025-11-10 12:43:22,775 [INFO] Matched Island ID: 299 (similarity: 0.314)
2025-11-10 12:43:22,818 [INFO] Request: Island 299, Category 'heritage'
2025-11-10 12:43:22,819 [INFO] Category: 'heritage' → 'traditional' (RANDOM)
2025-11-10 12:43:22,821 [INFO] Using folder: generated_sketches_all
2025-11-10 12:43:22,822 [INFO] Starting AI image generation...
2025-11-10 12:43:38,549 [INFO] Image uploaded to generated/latest_island.png
2025-11-10 12:43:38,597 [INFO] Firestore updated
2025-11-10 12:43:38,598 [INFO] TIMING | Generation: 14.10s | Total: 15.78s
2025-11-10 12:43:48,058 [INFO] Sketch downloaded from drawings/drawing.png
2025-11-10 12:43:48,059 [INFO] Checking for text in sketch...
2025-11-10 12:43:48,418 [INFO] No text detected, proceeding with retrieval
2025-11-10 12:43:48,432 [INFO] Matched Island ID: 94 (similarity: 0.300)
2025-11-10 12:43:48,469 [INFO] Request: Island 94, Category 'heritage'
2025-11-10 12:43:48,471 [INFO] Category: 'heritage' → 'sinyunbok' (RANDOM)
2025-11-10 12:43:48,472 [INFO] Using folder: original
2025-11-10 12:43:48,473 [INFO] Starting AI image generation...
2025-11-10 12:44:30,349 [INFO] Image uploaded to generated/latest_island.png
2025-11-10 12:44:30,396 [INFO] Firestore updated
2025-11-10 12:44:30,397 [INFO] TIMING | Generation: 40.24s | Total: 41.93s
2025-11-10 12:46:10,104 [INFO] Firebase initialized
2025-11-10 12:46:14,563 [INFO] IslandRetriever initialized (DB: generated_sketches_all)
2025-11-10 12:46:14,594 [INFO] ComfyUI initialized (workflows: ['autumn', 'baekja', 'camellia', 'canola', 'cherry', 'constellation', 'dansaekhwa', 'entertainment', 'fantasy', 'hydragea', 'jasu', 'kimhongdo', 'klimt', 'landscape', 'monet', 'origami', 'pollock', 'sinyunbok', 'sumuk', 'traditional', 'vangogh', 'wave', 'winter'])
2025-11-10 12:47:40,200 [INFO] Firebase initialized
2025-11-10 12:47:44,605 [INFO] IslandRetriever initialized (DB: generated_sketches_all)
2025-11-10 12:47:44,632 [INFO] ComfyUI initialized (workflows: ['autumn', 'baekja', 'camellia', 'canola', 'cherry', 'constellation', 'dansaekhwa', 'entertainment', 'fantasy', 'hydragea', 'jasu', 'kimhongdo', 'klimt', 'landscape', 'monet', 'origami', 'pollock', 'sinyunbok', 'sumuk', 'traditional', 'vangogh', 'wave', 'winter'])
2025-11-10 12:47:46,006 [INFO] OCR Client initialized
2025-11-10 12:47:46,008 [INFO] ==================================================
2025-11-10 12:47:46,009 [INFO] Flask AI Server Starting...
2025-11-10 12:47:46,010 [INFO] Storage Path: drawings/drawing.png
2025-11-10 12:47:46,010 [INFO] Port: 5000
2025-11-10 12:47:46,011 [INFO] ==================================================
2025-11-10 12:47:55,637 [INFO] Request: Island 50, Category 'sinyunbok'
2025-11-10 12:47:55,638 [INFO] Category: 'sinyunbok' → 'sinyunbok' (SPECIFIED)
2025-11-10 12:47:55,640 [INFO] Using folder: original
2025-11-10 12:47:55,641 [INFO] Starting AI image generation...
2025-11-10 12:48:41,827 [INFO] Image uploaded to generated/latest_island.png
2025-11-10 12:48:42,007 [INFO] Firestore updated
2025-11-10 12:48:42,008 [INFO] TIMING | Generation: 44.32s | Total: 46.37s
2025-11-10 12:48:47,717 [INFO] Request: Island 50, Category 'jasu'
2025-11-10 12:48:47,718 [INFO] Category: 'jasu' → 'jasu' (SPECIFIED)
2025-11-10 12:48:47,720 [INFO] Using folder: original
2025-11-10 12:48:47,721 [INFO] Starting AI image generation...
2025-11-10 12:49:15,299 [INFO] Image uploaded to generated/latest_island.png
2025-11-10 12:49:15,387 [INFO] Firestore updated
2025-11-10 12:49:15,388 [INFO] TIMING | Generation: 26.17s | Total: 27.67s
2025-11-10 12:51:06,096 [INFO] Firebase initialized
2025-11-10 12:51:10,568 [INFO] IslandRetriever initialized (DB: generated_sketches_all)
2025-11-10 12:51:10,599 [INFO] ComfyUI initialized (workflows: ['autumn', 'baekja', 'camellia', 'canola', 'cherry', 'constellation', 'dansaekhwa', 'entertainment', 'fantasy', 'hydragea', 'jasu', 'kimhongdo', 'klimt', 'landscape', 'monet', 'origami', 'pollock', 'sinyunbok', 'sumuk', 'traditional', 'vangogh', 'wave', 'winter'])
2025-11-10 12:51:12,001 [INFO] OCR Client initialized
2025-11-10 12:51:12,004 [INFO] ==================================================
2025-11-10 12:51:12,005 [INFO] Flask AI Server Starting...
2025-11-10 12:51:12,005 [INFO] Storage Path: drawings/drawing.png
2025-11-10 12:51:12,006 [INFO] Port: 5000
2025-11-10 12:51:12,007 [INFO] ==================================================
2025-11-10 12:51:17,571 [INFO] Sketch downloaded from drawings/drawing.png
2025-11-10 12:51:17,574 [INFO] Checking for text in sketch...
2025-11-10 12:51:17,976 [INFO] No text detected, proceeding with retrieval
2025-11-10 12:51:18,012 [INFO] Matched Island ID: 104 (similarity: 0.414)
2025-11-10 12:51:18,055 [INFO] Request: Island 104, Category 'nature'
2025-11-10 12:51:18,056 [INFO] Category: 'nature' → 'winter' (RANDOM)
2025-11-10 12:51:18,058 [INFO] Using folder: original
2025-11-10 12:51:18,059 [INFO] Starting AI image generation...
2025-11-10 12:51:37,767 [INFO] Image uploaded to generated/latest_island.png
2025-11-10 12:51:37,881 [INFO] Firestore updated
2025-11-10 12:51:37,883 [INFO] TIMING | Generation: 18.16s | Total: 19.83s
2025-11-10 12:51:44,461 [INFO] Sketch downloaded from drawings/drawing.png
2025-11-10 12:51:44,462 [INFO] Checking for text in sketch...
2025-11-10 12:51:44,854 [INFO] No text detected, proceeding with retrieval
2025-11-10 12:51:44,869 [INFO] Matched Island ID: 41 (similarity: 0.239)
2025-11-10 12:51:44,908 [INFO] Request: Island 41, Category 'heritage'
2025-11-10 12:51:44,910 [INFO] Category: 'heritage' → 'traditional' (RANDOM)
2025-11-10 12:51:44,911 [INFO] Using folder: generated_sketches_all
2025-11-10 12:51:44,912 [INFO] Starting AI image generation...
2025-11-10 12:51:56,677 [INFO] Image uploaded to generated/latest_island.png
2025-11-10 12:51:56,729 [INFO] Firestore updated
2025-11-10 12:51:56,730 [INFO] TIMING | Generation: 10.12s | Total: 11.82s
2025-11-10 12:52:04,471 [INFO] Sketch downloaded from drawings/drawing.png
2025-11-10 12:52:04,472 [INFO] Checking for text in sketch...
2025-11-10 12:52:04,846 [INFO] No text detected, proceeding with retrieval
2025-11-10 12:52:04,859 [INFO] Matched Island ID: 330 (similarity: 0.325)
2025-11-10 12:52:04,890 [INFO] Request: Island 330, Category 'heritage'
2025-11-10 12:52:04,891 [INFO] Category: 'heritage' → 'baekja' (RANDOM)
2025-11-10 12:52:04,893 [INFO] Using folder: generated_sketches_all
2025-11-10 12:52:04,894 [INFO] Starting AI image generation...
2025-11-10 12:52:22,047 [INFO] Image uploaded to generated/latest_island.png
2025-11-10 12:52:22,091 [INFO] Firestore updated
2025-11-10 12:52:22,092 [INFO] TIMING | Generation: 16.13s | Total: 17.20s
2025-11-10 12:53:25,242 [INFO] Sketch downloaded from drawings/drawing.png
2025-11-10 12:53:25,244 [INFO] Checking for text in sketch...
2025-11-10 12:53:25,631 [INFO] No text detected, proceeding with retrieval
2025-11-10 12:53:25,645 [INFO] Matched Island ID: 148 (similarity: 0.450)
2025-11-10 12:53:25,674 [INFO] Request: Island 148, Category 'heritage'
2025-11-10 12:53:25,675 [INFO] Category: 'heritage' → 'traditional' (RANDOM)
2025-11-10 12:53:25,677 [INFO] Using folder: generated_sketches_all
2025-11-10 12:53:25,678 [INFO] Starting AI image generation...
2025-11-10 12:53:37,411 [INFO] Image uploaded to generated/latest_island.png
2025-11-10 12:53:37,452 [INFO] Firestore updated
2025-11-10 12:53:37,453 [INFO] TIMING | Generation: 10.10s | Total: 11.78s
2025-11-10 12:53:45,500 [INFO] Sketch downloaded from drawings/drawing.png
2025-11-10 12:53:45,507 [INFO] Checking for text in sketch...
2025-11-10 12:53:45,827 [INFO] No text detected, proceeding with retrieval
2025-11-10 12:53:45,843 [INFO] Matched Island ID: 85 (similarity: 0.324)
2025-11-10 12:53:45,872 [INFO] Request: Island 85, Category 'heritage'
2025-11-10 12:53:45,874 [INFO] Category: 'heritage' → 'jasu' (RANDOM)
2025-11-10 12:53:45,876 [INFO] Using folder: original
2025-11-10 12:53:45,878 [INFO] Starting AI image generation...
2025-11-10 12:55:26,063 [INFO] Image uploaded to generated/latest_island.png
2025-11-10 12:55:26,120 [INFO] Firestore updated
2025-11-10 12:55:26,121 [INFO] TIMING | Generation: 98.76s | Total: 100.25s
2025-11-10 12:55:33,055 [INFO] Sketch downloaded from drawings/drawing.png
2025-11-10 12:55:33,056 [INFO] Checking for text in sketch...
2025-11-10 12:55:33,376 [INFO] No text detected, proceeding with retrieval
2025-11-10 12:55:33,391 [INFO] Matched Island ID: 342 (similarity: 0.395)
2025-11-10 12:55:33,419 [INFO] Request: Island 342, Category 'heritage'
2025-11-10 12:55:33,420 [INFO] Category: 'heritage' → 'sinyunbok' (RANDOM)
2025-11-10 12:55:33,422 [INFO] Using folder: original
2025-11-10 12:55:33,423 [INFO] Starting AI image generation...
2025-11-10 12:56:20,372 [INFO] Firebase initialized
2025-11-10 12:56:24,824 [INFO] IslandRetriever initialized (DB: generated_sketches_all)
2025-11-10 12:56:24,852 [INFO] ComfyUI initialized (workflows: ['autumn', 'baekja', 'camellia', 'canola', 'cherry', 'constellation', 'dansaekhwa', 'entertainment', 'fantasy', 'hydragea', 'jasu', 'kimhongdo', 'klimt', 'landscape', 'monet', 'origami', 'pollock', 'sinyunbok', 'sumuk', 'traditional', 'vangogh', 'wave', 'winter'])
2025-11-10 12:56:26,266 [INFO] OCR Client initialized
2025-11-10 12:56:26,269 [INFO] ==================================================
2025-11-10 12:56:26,269 [INFO] Flask AI Server Starting...
2025-11-10 12:56:26,271 [INFO] Storage Path: drawings/drawing.png
2025-11-10 12:56:26,271 [INFO] Port: 5000
2025-11-10 12:56:26,272 [INFO] ==================================================
2025-11-10 12:56:40,725 [INFO] Request: Island 50, Category 'jasu'
2025-11-10 12:56:40,727 [INFO] Category: 'jasu' → 'jasu' (SPECIFIED)
2025-11-10 12:56:40,729 [INFO] Using folder: original
2025-11-10 12:56:40,731 [INFO] Starting AI image generation...
2025-11-10 12:57:18,605 [INFO] Image uploaded to generated/latest_island.png
2025-11-10 12:57:18,804 [INFO] Firestore updated
2025-11-10 12:57:18,806 [INFO] TIMING | Generation: 36.21s | Total: 38.08s
2025-11-10 12:57:49,273 [INFO] Request: Island 50, Category 'sinyunbok'
2025-11-10 12:57:49,275 [INFO] Category: 'sinyunbok' → 'sinyunbok' (SPECIFIED)
2025-11-10 12:57:49,277 [INFO] Using folder: original
2025-11-10 12:57:49,278 [INFO] Starting AI image generation...
2025-11-10 12:58:25,118 [INFO] Image uploaded to generated/latest_island.png
2025-11-10 12:58:25,201 [INFO] Firestore updated
2025-11-10 12:58:25,202 [INFO] TIMING | Generation: 34.23s | Total: 35.93s
2025-11-10 12:58:27,452 [INFO] Request: Island 80, Category 'sinyunbok'
2025-11-10 12:58:27,453 [INFO] Category: 'sinyunbok' → 'sinyunbok' (SPECIFIED)
2025-11-10 12:58:27,455 [INFO] Using folder: original
2025-11-10 12:58:27,456 [INFO] Starting AI image generation...
2025-11-10 12:58:53,123 [INFO] Image uploaded to generated/latest_island.png
2025-11-10 12:58:53,217 [INFO] Firestore updated
2025-11-10 12:58:53,219 [INFO] TIMING | Generation: 24.15s | Total: 25.79s
2025-11-10 12:58:57,958 [INFO] Request: Island 80, Category 'traditional'
2025-11-10 12:58:57,960 [INFO] Category: 'traditional' → 'traditional' (SPECIFIED)
2025-11-10 12:58:57,961 [INFO] Using folder: generated_sketches_all
2025-11-10 12:58:57,962 [INFO] Starting AI image generation...
2025-11-10 12:59:13,703 [INFO] Image uploaded to generated/latest_island.png
2025-11-10 12:59:13,792 [INFO] Firestore updated
2025-11-10 12:59:13,794 [INFO] TIMING | Generation: 14.13s | Total: 15.84s
2025-11-10 12:59:20,174 [INFO] Request: Island 80, Category 'jasu'
2025-11-10 12:59:20,175 [INFO] Category: 'jasu' → 'jasu' (SPECIFIED)
2025-11-10 12:59:20,177 [INFO] Using folder: original
2025-11-10 12:59:20,178 [INFO] Starting AI image generation...
2025-11-10 12:59:55,757 [INFO] Image uploaded to generated/latest_island.png
2025-11-10 12:59:55,839 [INFO] Firestore updated
2025-11-10 12:59:55,840 [INFO] TIMING | Generation: 34.20s | Total: 35.67s
2025-11-10 12:59:57,348 [INFO] Request: Island 80, Category 'sinyunbok'
2025-11-10 12:59:57,350 [INFO] Category: 'sinyunbok' → 'sinyunbok' (SPECIFIED)
2025-11-10 12:59:57,351 [INFO] Using folder: original
2025-11-10 12:59:57,353 [INFO] Starting AI image generation...
2025-11-10 13:00:33,191 [INFO] Image uploaded to generated/latest_island.png
2025-11-10 13:00:33,270 [INFO] Firestore updated
2025-11-10 13:00:33,272 [INFO] TIMING | Generation: 34.22s | Total: 35.92s
2025-11-10 14:03:14,659 [INFO] Sketch downloaded from drawings/drawing.png
2025-11-10 14:03:14,660 [INFO] Checking for text in sketch...
2025-11-10 14:03:15,101 [INFO] No text detected, proceeding with retrieval
2025-11-10 14:03:15,137 [INFO] Matched Island ID: 342 (similarity: 0.395)
2025-11-10 14:03:15,199 [INFO] Request: Island 342, Category 'heritage'
2025-11-10 14:03:15,201 [INFO] Category: 'heritage' → 'jasu' (RANDOM)
2025-11-10 14:03:15,202 [INFO] Using folder: original
2025-11-10 14:03:15,203 [INFO] Starting AI image generation...
2025-11-10 14:03:49,195 [INFO] Image uploaded to generated/latest_island.png
2025-11-10 14:03:49,306 [INFO] Firestore updated
2025-11-10 14:03:49,308 [INFO] TIMING | Generation: 32.19s | Total: 34.11s
2025-11-10 14:04:41,316 [INFO] Firebase initialized
2025-11-10 14:04:45,934 [INFO] IslandRetriever initialized (DB: generated_sketches_all)
2025-11-10 14:04:45,966 [INFO] ComfyUI initialized (workflows: ['autumn', 'baekja', 'camellia', 'canola', 'cherry', 'constellation', 'dansaekhwa', 'entertainment', 'fantasy', 'hydragea', 'jasu', 'kimhongdo', 'klimt', 'landscape', 'monet', 'origami', 'pollock', 'sinyunbok', 'sumuk', 'traditional', 'vangogh', 'wave', 'winter'])
2025-11-10 14:04:47,391 [INFO] OCR Client initialized
2025-11-10 14:04:47,394 [INFO] ==================================================
2025-11-10 14:04:47,395 [INFO] Flask AI Server Starting...
2025-11-10 14:04:47,396 [INFO] Storage Path: drawings/drawing.png
2025-11-10 14:04:47,397 [INFO] Port: 5000
2025-11-10 14:04:47,398 [INFO] ==================================================
2025-11-10 14:05:30,658 [INFO] Sketch downloaded from drawings/drawing.png
2025-11-10 14:05:30,660 [INFO] Checking for text in sketch...
2025-11-10 14:05:30,885 [INFO] No text detected, proceeding with retrieval
2025-11-10 14:05:30,914 [INFO] Matched Island ID: 232 (similarity: 0.285)
2025-11-10 14:05:30,970 [INFO] Request: Island 232, Category 'taste'
2025-11-10 14:05:30,971 [INFO] Category: 'taste' → 'sumuk' (RANDOM)
2025-11-10 14:05:30,973 [INFO] Using folder: original
2025-11-10 14:05:30,974 [INFO] Starting AI image generation...
2025-11-10 14:06:46,925 [INFO] Image uploaded to generated/latest_island.png
2025-11-10 14:06:47,041 [INFO] Firestore updated
2025-11-10 14:06:47,042 [INFO] TIMING | Generation: 74.49s | Total: 76.07s
2025-11-10 14:07:16,155 [INFO] Sketch downloaded from drawings/drawing.png
2025-11-10 14:07:16,156 [INFO] Checking for text in sketch...
2025-11-10 14:07:16,484 [INFO] No text detected, proceeding with retrieval
2025-11-10 14:07:16,499 [INFO] Matched Island ID: 75 (similarity: 0.364)
2025-11-10 14:07:16,530 [INFO] Request: Island 75, Category 'art'
2025-11-10 14:07:16,532 [INFO] Category: 'art' → 'vangogh' (RANDOM)
2025-11-10 14:07:16,533 [INFO] Using folder: original
2025-11-10 14:07:16,534 [INFO] Starting AI image generation...
2025-11-10 14:07:32,260 [INFO] Image uploaded to generated/latest_island.png
2025-11-10 14:07:32,305 [INFO] Firestore updated
2025-11-10 14:07:32,306 [INFO] TIMING | Generation: 14.12s | Total: 15.78s
2025-11-10 14:08:10,269 [INFO] Sketch downloaded from drawings/drawing.png
2025-11-10 14:08:10,270 [INFO] Checking for text in sketch...
2025-11-10 14:08:10,483 [INFO] No text detected, proceeding with retrieval
2025-11-10 14:08:10,498 [INFO] Matched Island ID: 112 (similarity: 0.318)
2025-11-10 14:08:10,534 [INFO] Request: Island 112, Category 'taste'
2025-11-10 14:08:10,535 [INFO] Category: 'taste' → 'fantasy' (RANDOM)
2025-11-10 14:08:10,536 [INFO] Using folder: original
2025-11-10 14:08:10,537 [INFO] Starting AI image generation...
2025-11-10 14:08:56,420 [INFO] Image uploaded to generated/latest_island.png
2025-11-10 14:08:56,469 [INFO] Firestore updated
2025-11-10 14:08:56,470 [INFO] TIMING | Generation: 44.26s | Total: 45.94s
2025-11-10 14:09:54,878 [INFO] Sketch downloaded from drawings/drawing.png
2025-11-10 14:09:54,880 [INFO] Checking for text in sketch...
2025-11-10 14:09:55,257 [INFO] No text detected, proceeding with retrieval
2025-11-10 14:09:55,271 [INFO] Matched Island ID: 50 (similarity: 0.283)
2025-11-10 14:09:55,292 [INFO] Request: Island 50, Category 'taste'
2025-11-10 14:09:55,294 [INFO] Category: 'taste' → 'landscape' (RANDOM)
2025-11-10 14:09:55,296 [INFO] Using folder: original
2025-11-10 14:09:55,297 [INFO] Starting AI image generation...
2025-11-10 14:10:11,031 [INFO] Image uploaded to generated/latest_island.png
2025-11-10 14:10:11,070 [INFO] Firestore updated
2025-11-10 14:10:11,071 [INFO] TIMING | Generation: 14.11s | Total: 15.78s
2025-11-10 14:10:20,891 [INFO] Sketch downloaded from drawings/drawing.png
2025-11-10 14:10:20,893 [INFO] Checking for text in sketch...
2025-11-10 14:10:21,247 [INFO] No text detected, proceeding with retrieval
2025-11-10 14:10:21,261 [INFO] Matched Island ID: 312 (similarity: 0.423)
2025-11-10 14:10:21,283 [INFO] Request: Island 312, Category 'taste'
2025-11-10 14:10:21,284 [INFO] Category: 'taste' → 'wave' (RANDOM)
2025-11-10 14:10:21,286 [INFO] Using folder: original
2025-11-10 14:10:21,287 [INFO] Starting AI image generation...
2025-11-10 14:10:35,008 [INFO] Image uploaded to generated/latest_island.png
2025-11-10 14:10:35,051 [INFO] Firestore updated
2025-11-10 14:10:35,052 [INFO] TIMING | Generation: 12.11s | Total: 13.77s
2025-11-10 14:10:42,416 [INFO] Sketch downloaded from drawings/drawing.png
2025-11-10 14:10:42,417 [INFO] Checking for text in sketch...
2025-11-10 14:10:42,639 [INFO] No text detected, proceeding with retrieval
2025-11-10 14:10:42,654 [INFO] Matched Island ID: 41 (similarity: 0.368)
2025-11-10 14:10:42,678 [INFO] Request: Island 41, Category 'taste'
2025-11-10 14:10:42,680 [INFO] Category: 'taste' → 'landscape' (RANDOM)
2025-11-10 14:10:42,681 [INFO] Using folder: original
2025-11-10 14:10:42,683 [INFO] Starting AI image generation...
2025-11-10 14:10:54,407 [INFO] Image uploaded to generated/latest_island.png
2025-11-10 14:10:54,451 [INFO] Firestore updated
2025-11-10 14:10:54,452 [INFO] TIMING | Generation: 10.10s | Total: 11.77s
2025-11-10 14:11:04,588 [INFO] Sketch downloaded from drawings/drawing.png
2025-11-10 14:11:04,589 [INFO] Checking for text in sketch...
2025-11-10 14:11:04,843 [INFO] No text detected, proceeding with retrieval
2025-11-10 14:11:04,861 [INFO] Matched Island ID: 222 (similarity: 0.335)
2025-11-10 14:11:04,888 [INFO] Request: Island 222, Category 'taste'
2025-11-10 14:11:04,890 [INFO] Category: 'taste' → 'constellation' (RANDOM)
2025-11-10 14:11:04,891 [INFO] Using folder: outline
2025-11-10 14:11:04,892 [INFO] Starting AI image generation...
2025-11-10 14:11:20,533 [INFO] Image uploaded to generated/latest_island.png
2025-11-10 14:11:20,577 [INFO] Firestore updated
2025-11-10 14:11:20,578 [INFO] TIMING | Generation: 14.12s | Total: 15.69s
2025-11-10 14:11:29,506 [INFO] Sketch downloaded from drawings/drawing.png
2025-11-10 14:11:29,507 [INFO] Checking for text in sketch...
2025-11-10 14:11:29,822 [INFO] No text detected, proceeding with retrieval
2025-11-10 14:11:29,838 [INFO] Matched Island ID: 16 (similarity: 0.318)
2025-11-10 14:11:29,864 [INFO] Request: Island 16, Category 'taste'
2025-11-10 14:11:29,866 [INFO] Category: 'taste' → 'wave' (RANDOM)
2025-11-10 14:11:29,867 [INFO] Using folder: original
2025-11-10 14:11:29,868 [INFO] Starting AI image generation...
2025-11-10 14:11:43,581 [INFO] Image uploaded to generated/latest_island.png
2025-11-10 14:11:43,609 [INFO] Firestore updated
2025-11-10 14:11:43,611 [INFO] TIMING | Generation: 12.12s | Total: 13.75s
2025-11-10 14:11:49,909 [INFO] Sketch downloaded from drawings/drawing.png
2025-11-10 14:11:49,910 [INFO] Checking for text in sketch...
2025-11-10 14:11:50,215 [INFO] No text detected, proceeding with retrieval
2025-11-10 14:11:50,229 [INFO] Matched Island ID: 70 (similarity: 0.344)
2025-11-10 14:11:50,266 [INFO] Request: Island 70, Category 'taste'
2025-11-10 14:11:50,268 [INFO] Category: 'taste' → 'landscape' (RANDOM)
2025-11-10 14:11:50,269 [INFO] Using folder: original
2025-11-10 14:11:50,270 [INFO] Starting AI image generation...
2025-11-10 14:12:01,934 [INFO] Image uploaded to generated/latest_island.png
2025-11-10 14:12:01,981 [INFO] Firestore updated
2025-11-10 14:12:01,981 [INFO] TIMING | Generation: 10.09s | Total: 11.72s
2025-11-10 14:12:10,002 [INFO] Sketch downloaded from drawings/drawing.png
2025-11-10 14:12:10,003 [INFO] Checking for text in sketch...
2025-11-10 14:12:10,422 [INFO] No text detected, proceeding with retrieval
2025-11-10 14:12:10,436 [INFO] Matched Island ID: 330 (similarity: 0.366)
2025-11-10 14:12:10,457 [INFO] Request: Island 330, Category 'art'
2025-11-10 14:12:10,459 [INFO] Category: 'art' → 'dansaekhwa' (RANDOM)
2025-11-10 14:12:10,461 [INFO] Using folder: original
2025-11-10 14:12:10,462 [INFO] Starting AI image generation...
2025-11-10 14:12:21,991 [INFO] Image uploaded to generated/latest_island.png
2025-11-10 14:12:22,024 [INFO] Firestore updated
2025-11-10 14:12:22,025 [INFO] TIMING | Generation: 10.09s | Total: 11.57s
2025-11-10 14:12:31,512 [INFO] Sketch downloaded from drawings/drawing.png
2025-11-10 14:12:31,513 [INFO] Checking for text in sketch...
2025-11-10 14:12:31,802 [INFO] No text detected, proceeding with retrieval
2025-11-10 14:12:31,817 [INFO] Matched Island ID: 330 (similarity: 0.559)
2025-11-10 14:12:31,841 [INFO] Request: Island 330, Category 'heritage'
2025-11-10 14:12:31,843 [INFO] Category: 'heritage' → 'jasu' (RANDOM)
2025-11-10 14:12:31,845 [INFO] Using folder: original
2025-11-10 14:12:31,846 [INFO] Starting AI image generation...
2025-11-10 14:13:05,806 [INFO] Image uploaded to generated/latest_island.png
2025-11-10 14:13:05,843 [INFO] Firestore updated
2025-11-10 14:13:05,844 [INFO] TIMING | Generation: 32.20s | Total: 34.00s
2025-11-10 14:13:23,532 [INFO] Sketch downloaded from drawings/drawing.png
2025-11-10 14:13:23,533 [INFO] Checking for text in sketch...
2025-11-10 14:13:23,783 [INFO] No text detected, proceeding with retrieval
2025-11-10 14:13:23,797 [INFO] Matched Island ID: 37 (similarity: 0.443)
2025-11-10 14:13:23,823 [INFO] Request: Island 37, Category 'heritage'
2025-11-10 14:13:23,824 [INFO] Category: 'heritage' → 'traditional' (RANDOM)
2025-11-10 14:13:23,826 [INFO] Using folder: generated_sketches_all
2025-11-10 14:13:23,827 [INFO] Starting AI image generation...
2025-11-10 14:13:39,502 [INFO] Image uploaded to generated/latest_island.png
2025-11-10 14:13:39,544 [INFO] Firestore updated
2025-11-10 14:13:39,545 [INFO] TIMING | Generation: 14.12s | Total: 15.72s
2025-11-10 14:13:55,463 [INFO] Sketch downloaded from drawings/drawing.png
2025-11-10 14:13:55,464 [INFO] Checking for text in sketch...
2025-11-10 14:13:55,775 [INFO] No text detected, proceeding with retrieval
2025-11-10 14:13:55,789 [INFO] Matched Island ID: 4 (similarity: 0.536)
2025-11-10 14:13:55,810 [INFO] Request: Island 4, Category 'heritage'
2025-11-10 14:13:55,812 [INFO] Category: 'heritage' → 'traditional' (RANDOM)
2025-11-10 14:13:55,813 [INFO] Using folder: generated_sketches_all
2025-11-10 14:13:55,814 [INFO] Starting AI image generation...
2025-11-10 14:14:07,591 [INFO] Image uploaded to generated/latest_island.png
2025-11-10 14:14:07,627 [INFO] Firestore updated
2025-11-10 14:14:07,628 [INFO] TIMING | Generation: 10.09s | Total: 11.82s
2025-11-10 14:14:14,543 [INFO] Sketch downloaded from drawings/drawing.png
2025-11-10 14:14:14,544 [INFO] Checking for text in sketch...
2025-11-10 14:14:14,746 [INFO] No text detected, proceeding with retrieval
2025-11-10 14:14:14,760 [INFO] Matched Island ID: 355 (similarity: 0.324)
2025-11-10 14:14:14,785 [INFO] Request: Island 355, Category 'art'
2025-11-10 14:14:14,787 [INFO] Category: 'art' → 'klimt' (RANDOM)
2025-11-10 14:14:14,788 [INFO] Using folder: original
2025-11-10 14:14:14,790 [INFO] Starting AI image generation...
2025-11-10 14:14:46,061 [INFO] Image uploaded to generated/latest_island.png
2025-11-10 14:14:46,096 [INFO] Firestore updated
2025-11-10 14:14:46,097 [INFO] TIMING | Generation: 30.16s | Total: 31.31s
2025-11-10 14:14:51,634 [INFO] Sketch downloaded from drawings/drawing.png
2025-11-10 14:14:51,635 [INFO] Checking for text in sketch...
2025-11-10 14:14:51,793 [INFO] No text detected, proceeding with retrieval
2025-11-10 14:14:51,808 [INFO] Matched Island ID: 66 (similarity: 0.275)
2025-11-10 14:14:51,831 [INFO] Request: Island 66, Category 'nature'
2025-11-10 14:14:51,832 [INFO] Category: 'nature' → 'winter' (RANDOM)
2025-11-10 14:14:51,834 [INFO] Using folder: original
2025-11-10 14:14:51,837 [INFO] Starting AI image generation...
2025-11-10 14:15:07,543 [INFO] Image uploaded to generated/latest_island.png
2025-11-10 14:15:07,582 [INFO] Firestore updated
2025-11-10 14:15:07,583 [INFO] TIMING | Generation: 14.12s | Total: 15.75s
2025-11-10 14:15:33,656 [INFO] Sketch downloaded from drawings/drawing.png
2025-11-10 14:15:33,657 [INFO] Checking for text in sketch...
2025-11-10 14:15:33,948 [INFO] No text detected, proceeding with retrieval
2025-11-10 14:15:33,963 [INFO] Matched Island ID: 338 (similarity: 0.361)
2025-11-10 14:15:33,983 [INFO] Request: Island 338, Category 'nature'
2025-11-10 14:15:33,985 [INFO] Category: 'nature' → 'winter' (RANDOM)
2025-11-10 14:15:33,986 [INFO] Using folder: original
2025-11-10 14:15:33,987 [INFO] Starting AI image generation...
2025-11-10 14:15:45,675 [INFO] Image uploaded to generated/latest_island.png
2025-11-10 14:15:45,715 [INFO] Firestore updated
2025-11-10 14:15:45,716 [INFO] TIMING | Generation: 10.10s | Total: 11.73s
2025-11-10 14:16:16,950 [INFO] Sketch downloaded from drawings/drawing.png
2025-11-10 14:16:16,952 [INFO] Checking for text in sketch...
2025-11-10 14:16:17,306 [INFO] No text detected, proceeding with retrieval
2025-11-10 14:16:17,319 [INFO] Matched Island ID: 294 (similarity: 0.338)
2025-11-10 14:16:17,341 [INFO] Request: Island 294, Category 'nature'
2025-11-10 14:16:17,343 [INFO] Category: 'nature' → 'camellia' (RANDOM)
2025-11-10 14:16:17,344 [INFO] Using folder: original
2025-11-10 14:16:17,346 [INFO] Starting AI image generation...
2025-11-10 14:16:35,052 [INFO] Image uploaded to generated/latest_island.png
2025-11-10 14:16:35,090 [INFO] Firestore updated
2025-11-10 14:16:35,091 [INFO] TIMING | Generation: 16.13s | Total: 17.75s
2025-11-10 14:17:15,802 [INFO] Sketch downloaded from drawings/drawing.png
2025-11-10 14:17:15,803 [INFO] Checking for text in sketch...
2025-11-10 14:17:16,108 [INFO] No text detected, proceeding with retrieval
2025-11-10 14:17:16,122 [INFO] Matched Island ID: 60 (similarity: 0.340)
2025-11-10 14:17:16,165 [INFO] Request: Island 60, Category 'taste'
2025-11-10 14:17:16,167 [INFO] Category: 'taste' → 'landscape' (RANDOM)
2025-11-10 14:17:16,168 [INFO] Using folder: original
2025-11-10 14:17:16,169 [INFO] Starting AI image generation...
2025-11-10 14:17:27,467 [INFO] Image uploaded to generated/latest_island.png
2025-11-10 14:17:27,519 [INFO] Firestore updated
2025-11-10 14:17:27,520 [INFO] TIMING | Generation: 10.08s | Total: 11.35s
2025-11-10 14:18:11,839 [INFO] Sketch downloaded from drawings/drawing.png
2025-11-10 14:18:11,840 [INFO] Checking for text in sketch...
2025-11-10 14:18:12,088 [INFO] No text detected, proceeding with retrieval
2025-11-10 14:18:12,102 [INFO] Matched Island ID: 135 (similarity: 0.321)
2025-11-10 14:18:12,123 [INFO] Request: Island 135, Category 'nature'
2025-11-10 14:18:12,125 [INFO] Category: 'nature' → 'camellia' (RANDOM)
2025-11-10 14:18:12,126 [INFO] Using folder: original
2025-11-10 14:18:12,127 [INFO] Starting AI image generation...
2025-11-10 14:18:29,779 [INFO] Image uploaded to generated/latest_island.png
2025-11-10 14:18:29,814 [INFO] Firestore updated
2025-11-10 14:18:29,815 [INFO] TIMING | Generation: 16.11s | Total: 17.69s
2025-11-10 14:19:09,444 [INFO] Sketch downloaded from drawings/drawing.png
2025-11-10 14:19:09,445 [INFO] Checking for text in sketch...
2025-11-10 14:19:09,672 [INFO] No text detected, proceeding with retrieval
2025-11-10 14:19:09,687 [INFO] Matched Island ID: 146 (similarity: 0.276)
2025-11-10 14:19:09,713 [INFO] Request: Island 146, Category 'nature'
2025-11-10 14:19:09,714 [INFO] Category: 'nature' → 'winter' (RANDOM)
2025-11-10 14:19:09,715 [INFO] Using folder: original
2025-11-10 14:19:09,716 [INFO] Starting AI image generation...
2025-11-10 14:19:23,675 [INFO] Image uploaded to generated/latest_island.png
2025-11-10 14:19:23,710 [INFO] Firestore updated
2025-11-10 14:19:23,711 [INFO] TIMING | Generation: 12.33s | Total: 14.00s
2025-11-10 14:19:49,055 [INFO] Sketch downloaded from drawings/drawing.png
2025-11-10 14:19:49,057 [INFO] Checking for text in sketch...
2025-11-10 14:19:49,236 [INFO] No text detected, proceeding with retrieval
2025-11-10 14:19:49,249 [INFO] Matched Island ID: 39 (similarity: 0.430)
2025-11-10 14:19:49,274 [INFO] Request: Island 39, Category 'taste'
2025-11-10 14:19:49,276 [INFO] Category: 'taste' → 'wave' (RANDOM)
2025-11-10 14:19:49,277 [INFO] Using folder: original
2025-11-10 14:19:49,278 [INFO] Starting AI image generation...
2025-11-10 14:20:02,971 [INFO] Image uploaded to generated/latest_island.png
2025-11-10 14:20:03,003 [INFO] Firestore updated
2025-11-10 14:20:03,005 [INFO] TIMING | Generation: 12.10s | Total: 13.73s
2025-11-10 14:20:18,456 [INFO] Sketch downloaded from drawings/drawing.png
2025-11-10 14:20:18,457 [INFO] Checking for text in sketch...
2025-11-10 14:20:18,843 [INFO] No text detected, proceeding with retrieval
2025-11-10 14:20:18,859 [INFO] Matched Island ID: 66 (similarity: 0.440)
2025-11-10 14:20:18,889 [INFO] Request: Island 66, Category 'nature'
2025-11-10 14:20:18,890 [INFO] Category: 'nature' → 'canola' (RANDOM)
2025-11-10 14:20:18,892 [INFO] Using folder: original
2025-11-10 14:20:18,892 [INFO] Starting AI image generation...
2025-11-10 14:21:08,873 [INFO] Image uploaded to generated/latest_island.png
2025-11-10 14:21:08,911 [INFO] Firestore updated
2025-11-10 14:21:08,913 [INFO] TIMING | Generation: 48.50s | Total: 50.02s
2025-11-10 14:21:34,267 [INFO] Sketch downloaded from drawings/drawing.png
2025-11-10 14:21:34,268 [INFO] Checking for text in sketch...
2025-11-10 14:21:34,622 [INFO] No text detected, proceeding with retrieval
2025-11-10 14:21:34,637 [INFO] Matched Island ID: 16 (similarity: 0.315)
2025-11-10 14:21:34,676 [INFO] Request: Island 16, Category 'nature'
2025-11-10 14:21:34,678 [INFO] Category: 'nature' → 'hydragea' (RANDOM)
2025-11-10 14:21:34,679 [INFO] Using folder: original
2025-11-10 14:21:34,680 [INFO] Starting AI image generation...
2025-11-10 14:21:49,742 [INFO] Image uploaded to generated/latest_island.png
2025-11-10 14:21:49,777 [INFO] Firestore updated
2025-11-10 14:21:49,779 [INFO] TIMING | Generation: 14.13s | Total: 15.10s
2025-11-10 14:22:32,114 [INFO] Sketch downloaded from drawings/drawing.png
2025-11-10 14:22:32,115 [INFO] Checking for text in sketch...
2025-11-10 14:22:32,399 [INFO] No text detected, proceeding with retrieval
2025-11-10 14:22:32,413 [INFO] Matched Island ID: 16 (similarity: 0.312)
2025-11-10 14:22:32,433 [INFO] Request: Island 16, Category 'heritage'
2025-11-10 14:22:32,435 [INFO] Category: 'heritage' → 'baekja' (RANDOM)
2025-11-10 14:22:32,436 [INFO] Using folder: generated_sketches_all
2025-11-10 14:22:32,437 [INFO] Starting AI image generation...
2025-11-10 14:22:39,432 [INFO] Image uploaded to generated/latest_island.png
2025-11-10 14:22:39,470 [INFO] Firestore updated
2025-11-10 14:22:39,471 [INFO] TIMING | Generation: 6.06s | Total: 7.04s
2025-11-10 14:23:09,158 [INFO] Sketch downloaded from drawings/drawing.png
2025-11-10 14:23:09,159 [INFO] Checking for text in sketch...
2025-11-10 14:23:09,346 [INFO] No text detected, proceeding with retrieval
2025-11-10 14:23:09,361 [INFO] Matched Island ID: 114 (similarity: 0.499)
2025-11-10 14:23:09,385 [INFO] Request: Island 114, Category 'art'
2025-11-10 14:23:09,387 [INFO] Category: 'art' → 'dansaekhwa' (RANDOM)
2025-11-10 14:23:09,388 [INFO] Using folder: original
2025-11-10 14:23:09,389 [INFO] Starting AI image generation...
2025-11-10 14:23:20,826 [INFO] Image uploaded to generated/latest_island.png
2025-11-10 14:23:20,879 [INFO] Firestore updated
2025-11-10 14:23:20,881 [INFO] TIMING | Generation: 10.07s | Total: 11.50s
2025-11-10 14:23:46,100 [INFO] Sketch downloaded from drawings/drawing.png
2025-11-10 14:23:46,101 [INFO] Checking for text in sketch...
2025-11-10 14:23:46,373 [INFO] No text detected, proceeding with retrieval
2025-11-10 14:23:46,387 [INFO] Matched Island ID: 233 (similarity: 0.272)
2025-11-10 14:23:46,427 [INFO] Request: Island 233, Category 'art'
2025-11-10 14:23:46,429 [INFO] Category: 'art' → 'monet' (RANDOM)
2025-11-10 14:23:46,430 [INFO] Using folder: original
2025-11-10 14:23:46,431 [INFO] Starting AI image generation...
2025-11-10 14:24:26,145 [INFO] Image uploaded to generated/latest_island.png
2025-11-10 14:24:26,186 [INFO] Firestore updated
2025-11-10 14:24:26,187 [INFO] TIMING | Generation: 38.22s | Total: 39.76s
2025-11-10 14:25:20,761 [INFO] Sketch downloaded from drawings/drawing.png
2025-11-10 14:25:20,762 [INFO] Checking for text in sketch...
2025-11-10 14:25:21,140 [INFO] No text detected, proceeding with retrieval
2025-11-10 14:25:21,155 [INFO] Matched Island ID: 129 (similarity: 0.233)
2025-11-10 14:25:21,185 [INFO] Request: Island 129, Category 'heritage'
2025-11-10 14:25:21,186 [INFO] Category: 'heritage' → 'traditional' (RANDOM)
2025-11-10 14:25:21,187 [INFO] Using folder: generated_sketches_all
2025-11-10 14:25:21,188 [INFO] Starting AI image generation...
2025-11-10 14:25:36,894 [INFO] Image uploaded to generated/latest_island.png
2025-11-10 14:25:36,937 [INFO] Firestore updated
2025-11-10 14:25:36,939 [INFO] TIMING | Generation: 14.09s | Total: 15.75s
2025-11-10 14:26:00,844 [INFO] Sketch downloaded from drawings/drawing.png
2025-11-10 14:26:00,845 [INFO] Checking for text in sketch...
2025-11-10 14:26:01,246 [INFO] No text detected, proceeding with retrieval
2025-11-10 14:26:01,260 [INFO] Matched Island ID: 355 (similarity: 0.348)
2025-11-10 14:26:01,297 [INFO] Request: Island 355, Category 'nature'
2025-11-10 14:26:01,298 [INFO] Category: 'nature' → 'hydragea' (RANDOM)
2025-11-10 14:26:01,299 [INFO] Using folder: original
2025-11-10 14:26:01,300 [INFO] Starting AI image generation...
2025-11-10 14:26:16,395 [INFO] Image uploaded to generated/latest_island.png
2025-11-10 14:26:16,424 [INFO] Firestore updated
2025-11-10 14:26:16,425 [INFO] TIMING | Generation: 14.09s | Total: 15.13s
2025-11-10 14:26:54,434 [INFO] Sketch downloaded from drawings/drawing.png
2025-11-10 14:26:54,435 [INFO] Checking for text in sketch...
2025-11-10 14:26:54,677 [INFO] No text detected, proceeding with retrieval
2025-11-10 14:26:54,692 [INFO] Matched Island ID: 234 (similarity: 0.350)
2025-11-10 14:26:54,731 [INFO] Request: Island 234, Category 'nature'
2025-11-10 14:26:54,733 [INFO] Category: 'nature' → 'camellia' (RANDOM)
2025-11-10 14:26:54,734 [INFO] Using folder: original
2025-11-10 14:26:54,735 [INFO] Starting AI image generation...
2025-11-10 14:27:12,678 [INFO] Image uploaded to generated/latest_island.png
2025-11-10 14:27:12,714 [INFO] Firestore updated
2025-11-10 14:27:12,715 [INFO] TIMING | Generation: 16.12s | Total: 17.98s
2025-11-10 14:27:39,538 [INFO] Sketch downloaded from drawings/drawing.png
2025-11-10 14:27:39,539 [INFO] Checking for text in sketch...
2025-11-10 14:27:39,673 [INFO] No text detected, proceeding with retrieval
2025-11-10 14:27:39,687 [INFO] Matched Island ID: 129 (similarity: 0.319)
2025-11-10 14:27:39,710 [INFO] Request: Island 129, Category 'taste'
2025-11-10 14:27:39,711 [INFO] Category: 'taste' → 'fantasy' (RANDOM)
2025-11-10 14:27:39,712 [INFO] Using folder: original
2025-11-10 14:27:39,714 [INFO] Starting AI image generation...
2025-11-10 14:28:23,522 [INFO] Image uploaded to generated/latest_island.png
2025-11-10 14:28:23,562 [INFO] Firestore updated
2025-11-10 14:28:23,563 [INFO] TIMING | Generation: 42.23s | Total: 43.85s
2025-11-10 14:28:56,312 [INFO] Sketch downloaded from drawings/drawing.png
2025-11-10 14:28:56,313 [INFO] Checking for text in sketch...
2025-11-10 14:28:56,663 [INFO] No text detected, proceeding with retrieval
2025-11-10 14:28:56,677 [INFO] Matched Island ID: 44 (similarity: 0.224)
2025-11-10 14:28:56,703 [INFO] Request: Island 44, Category 'taste'
2025-11-10 14:28:56,705 [INFO] Category: 'taste' → 'entertainment' (RANDOM)
2025-11-10 14:28:56,706 [INFO] Using folder: original
2025-11-10 14:28:56,707 [INFO] Starting AI image generation...
2025-11-10 14:29:28,490 [INFO] Image uploaded to generated/latest_island.png
2025-11-10 14:29:28,544 [INFO] Firestore updated
2025-11-10 14:29:28,545 [INFO] TIMING | Generation: 30.20s | Total: 31.84s
2025-11-10 14:29:47,905 [INFO] Sketch downloaded from drawings/drawing.png
2025-11-10 14:29:47,906 [INFO] Checking for text in sketch...
2025-11-10 14:29:48,246 [INFO] No text detected, proceeding with retrieval
2025-11-10 14:29:48,260 [INFO] Matched Island ID: 234 (similarity: 0.291)
2025-11-10 14:29:48,290 [INFO] Request: Island 234, Category 'nature'
2025-11-10 14:29:48,291 [INFO] Category: 'nature' → 'cherry' (RANDOM)
2025-11-10 14:29:48,293 [INFO] Using folder: original
2025-11-10 14:29:48,294 [INFO] Starting AI image generation...
2025-11-10 14:30:05,993 [INFO] Image uploaded to generated/latest_island.png
2025-11-10 14:30:06,042 [INFO] Firestore updated
2025-11-10 14:30:06,043 [INFO] TIMING | Generation: 16.13s | Total: 17.75s
2025-11-10 14:30:38,950 [INFO] Sketch downloaded from drawings/drawing.png
2025-11-10 14:30:38,951 [INFO] Checking for text in sketch...
2025-11-10 14:30:39,243 [INFO] No text detected, proceeding with retrieval
2025-11-10 14:30:39,257 [INFO] Matched Island ID: 16 (similarity: 0.253)
2025-11-10 14:30:39,290 [INFO] Request: Island 16, Category 'taste'
2025-11-10 14:30:39,292 [INFO] Category: 'taste' → 'entertainment' (RANDOM)
2025-11-10 14:30:39,293 [INFO] Using folder: original
2025-11-10 14:30:39,294 [INFO] Starting AI image generation...
2025-11-10 14:31:21,103 [INFO] Image uploaded to generated/latest_island.png
2025-11-10 14:31:21,142 [INFO] Firestore updated
2025-11-10 14:31:21,143 [INFO] TIMING | Generation: 40.23s | Total: 41.85s
2025-11-10 14:31:45,706 [INFO] Sketch downloaded from drawings/drawing.png
2025-11-10 14:31:45,707 [INFO] Checking for text in sketch...
2025-11-10 14:31:46,015 [INFO] No text detected, proceeding with retrieval
2025-11-10 14:31:46,028 [INFO] Matched Island ID: 169 (similarity: 0.353)
2025-11-10 14:31:46,058 [INFO] Request: Island 169, Category 'taste'
2025-11-10 14:31:46,059 [INFO] Category: 'taste' → 'constellation' (RANDOM)
2025-11-10 14:31:46,060 [INFO] Using folder: outline
2025-11-10 14:31:46,061 [INFO] Starting AI image generation...
2025-11-10 14:32:05,764 [INFO] Image uploaded to generated/latest_island.png
2025-11-10 14:32:05,801 [INFO] Firestore updated
2025-11-10 14:32:05,802 [INFO] TIMING | Generation: 18.14s | Total: 19.74s
2025-11-10 14:34:28,725 [INFO] Sketch downloaded from drawings/drawing.png
2025-11-10 14:34:28,727 [INFO] Checking for text in sketch...
2025-11-10 14:34:28,953 [INFO] No text detected, proceeding with retrieval
2025-11-10 14:34:28,968 [INFO] Matched Island ID: 16 (similarity: 0.339)
2025-11-10 14:34:29,041 [INFO] Request: Island 16, Category 'taste'
2025-11-10 14:34:29,042 [INFO] Category: 'taste' → 'sumuk' (RANDOM)
2025-11-10 14:34:29,043 [INFO] Using folder: original
2025-11-10 14:34:29,044 [INFO] Starting AI image generation...
2025-11-10 14:35:43,032 [INFO] Image uploaded to generated/latest_island.png
2025-11-10 14:35:43,072 [INFO] Firestore updated
2025-11-10 14:35:43,074 [INFO] TIMING | Generation: 72.43s | Total: 74.03s
2025-11-10 14:35:57,327 [INFO] Sketch downloaded from drawings/drawing.png
2025-11-10 14:35:57,328 [INFO] Checking for text in sketch...
2025-11-10 14:35:57,504 [INFO] No text detected, proceeding with retrieval
2025-11-10 14:35:57,517 [INFO] Matched Island ID: 222 (similarity: 0.347)
2025-11-10 14:35:57,550 [INFO] Request: Island 222, Category 'heritage'
2025-11-10 14:35:57,552 [INFO] Category: 'heritage' → 'traditional' (RANDOM)
2025-11-10 14:35:57,553 [INFO] Using folder: generated_sketches_all
2025-11-10 14:35:57,554 [INFO] Starting AI image generation...
2025-11-10 14:36:09,207 [INFO] Image uploaded to generated/latest_island.png
2025-11-10 14:36:09,244 [INFO] Firestore updated
2025-11-10 14:36:09,245 [INFO] TIMING | Generation: 10.10s | Total: 11.69s
2025-11-10 14:36:22,506 [INFO] Sketch downloaded from drawings/drawing.png
2025-11-10 14:36:22,507 [INFO] Checking for text in sketch...
2025-11-10 14:36:22,915 [INFO] No text detected, proceeding with retrieval
2025-11-10 14:36:22,929 [INFO] Matched Island ID: 141 (similarity: 0.380)
2025-11-10 14:36:22,957 [INFO] Request: Island 141, Category 'taste'
2025-11-10 14:36:22,958 [INFO] Category: 'taste' → 'fantasy' (RANDOM)
2025-11-10 14:36:22,959 [INFO] Using folder: original
2025-11-10 14:36:22,960 [INFO] Starting AI image generation...
2025-11-10 14:37:04,807 [INFO] Image uploaded to generated/latest_island.png
2025-11-10 14:37:04,844 [INFO] Firestore updated
2025-11-10 14:37:04,845 [INFO] TIMING | Generation: 40.24s | Total: 41.89s
2025-11-10 14:37:16,360 [INFO] Sketch downloaded from drawings/drawing.png
2025-11-10 14:37:16,361 [INFO] Checking for text in sketch...
2025-11-10 14:37:16,694 [INFO] No text detected, proceeding with retrieval
2025-11-10 14:37:16,709 [INFO] Matched Island ID: 359 (similarity: 0.254)
2025-11-10 14:37:16,736 [INFO] Request: Island 359, Category 'heritage'
2025-11-10 14:37:16,738 [INFO] Category: 'heritage' → 'sinyunbok' (RANDOM)
2025-11-10 14:37:16,739 [INFO] Using folder: original
2025-11-10 14:37:16,740 [INFO] Starting AI image generation...
2025-11-10 14:37:58,566 [INFO] Image uploaded to generated/latest_island.png
2025-11-10 14:37:58,617 [INFO] Firestore updated
2025-11-10 14:37:58,618 [INFO] TIMING | Generation: 40.25s | Total: 41.88s
2025-11-10 14:39:48,859 [INFO] Firebase initialized
2025-11-10 14:39:53,414 [INFO] IslandRetriever initialized (DB: generated_sketches_all)
2025-11-10 14:39:53,445 [INFO] ComfyUI initialized (workflows: ['autumn', 'baekja', 'camellia', 'canola', 'cherry', 'constellation', 'dansaekhwa', 'entertainment', 'fantasy', 'hydragea', 'jasu', 'kimhongdo', 'klimt', 'landscape', 'monet', 'origami', 'pollock', 'sinyunbok', 'sumuk', 'traditional', 'vangogh', 'wave', 'winter'])
2025-11-10 14:39:54,881 [INFO] OCR Client initialized
2025-11-10 14:39:54,884 [INFO] ==================================================
2025-11-10 14:39:54,885 [INFO] Flask AI Server Starting...
2025-11-10 14:39:54,886 [INFO] Storage Path: drawings/drawing.png
2025-11-10 14:39:54,886 [INFO] Port: 5000
2025-11-10 14:39:54,887 [INFO] ==================================================
2025-11-10 14:40:01,313 [INFO] Sketch downloaded from drawings/drawing.png
2025-11-10 14:40:01,315 [INFO] Checking for text in sketch...
2025-11-10 14:40:01,676 [INFO] No text detected, proceeding with retrieval
2025-11-10 14:40:01,708 [INFO] Matched Island ID: 186 (similarity: 0.235)
2025-11-10 14:40:01,751 [INFO] Request: Island 186, Category 'taste'
2025-11-10 14:40:01,753 [INFO] Category: 'taste' → 'fantasy' (RANDOM)
2025-11-10 14:40:01,754 [INFO] Using folder: original
2025-11-10 14:40:01,755 [INFO] Starting AI image generation...
2025-11-10 14:40:03,805 [ERROR] AI generation failed
2025-11-10 14:40:18,344 [INFO] Sketch downloaded from drawings/drawing.png
2025-11-10 14:40:18,345 [INFO] Checking for text in sketch...
2025-11-10 14:40:18,639 [INFO] No text detected, proceeding with retrieval
2025-11-10 14:40:18,654 [INFO] Matched Island ID: 186 (similarity: 0.235)
2025-11-10 14:40:18,687 [INFO] Request: Island 186, Category 'taste'
2025-11-10 14:40:18,688 [INFO] Category: 'taste' → 'wave' (RANDOM)
2025-11-10 14:40:18,690 [INFO] Using folder: original
2025-11-10 14:40:18,691 [INFO] Starting AI image generation...
2025-11-10 14:40:36,564 [INFO] Image uploaded to generated/latest_island.png
2025-11-10 14:40:36,672 [INFO] Firestore updated
2025-11-10 14:40:36,674 [INFO] TIMING | Generation: 16.25s | Total: 17.99s
2025-11-10 14:40:41,591 [INFO] Sketch downloaded from drawings/drawing.png
2025-11-10 14:40:41,592 [INFO] Checking for text in sketch...
2025-11-10 14:40:41,816 [INFO] No text detected, proceeding with retrieval
2025-11-10 14:40:41,832 [INFO] Matched Island ID: 169 (similarity: 0.300)
2025-11-10 14:40:41,860 [INFO] Request: Island 169, Category 'taste'
2025-11-10 14:40:41,862 [INFO] Category: 'taste' → 'entertainment' (RANDOM)
2025-11-10 14:40:41,863 [INFO] Using folder: original
2025-11-10 14:40:41,864 [INFO] Starting AI image generation...
2025-11-10 14:41:35,740 [INFO] Image uploaded to generated/latest_island.png
2025-11-10 14:41:35,785 [INFO] Firestore updated
2025-11-10 14:41:35,786 [INFO] TIMING | Generation: 52.32s | Total: 53.93s
2025-11-10 14:41:41,496 [INFO] Sketch downloaded from drawings/drawing.png
2025-11-10 14:41:41,497 [INFO] Checking for text in sketch...
2025-11-10 14:41:41,683 [INFO] No text detected, proceeding with retrieval
2025-11-10 14:41:41,696 [INFO] Matched Island ID: 315 (similarity: 0.255)
2025-11-10 14:41:41,724 [INFO] Request: Island 315, Category 'heritage'
2025-11-10 14:41:41,725 [INFO] Category: 'heritage' → 'sinyunbok' (RANDOM)
2025-11-10 14:41:41,727 [INFO] Using folder: original
2025-11-10 14:41:41,728 [INFO] Starting AI image generation...
2025-11-10 14:46:24,817 [INFO] Image uploaded to generated/latest_island.png
2025-11-10 14:46:24,909 [INFO] Firestore updated
2025-11-10 14:46:24,910 [INFO] TIMING | Generation: 281.49s | Total: 283.19s
2025-11-10 14:46:36,712 [INFO] Sketch downloaded from drawings/drawing.png
2025-11-10 14:46:36,714 [INFO] Checking for text in sketch...
2025-11-10 14:46:37,106 [INFO] No text detected, proceeding with retrieval
2025-11-10 14:46:37,119 [INFO] Matched Island ID: 315 (similarity: 0.255)
2025-11-10 14:46:37,166 [INFO] Request: Island 315, Category 'heritage'
2025-11-10 14:46:37,168 [INFO] Category: 'heritage' → 'sinyunbok' (RANDOM)
2025-11-10 14:46:37,169 [INFO] Using folder: original
2025-11-10 14:46:37,170 [INFO] Starting AI image generation...
2025-11-10 14:47:00,890 [INFO] Image uploaded to generated/latest_island.png
2025-11-10 14:47:00,927 [INFO] Firestore updated
2025-11-10 14:47:00,928 [INFO] TIMING | Generation: 22.17s | Total: 23.76s
2025-11-10 14:47:49,591 [INFO] Sketch downloaded from drawings/drawing.png
2025-11-10 14:47:49,592 [INFO] Checking for text in sketch...
2025-11-10 14:47:49,884 [INFO] No text detected, proceeding with retrieval
2025-11-10 14:47:49,899 [INFO] Matched Island ID: 222 (similarity: 0.229)
2025-11-10 14:47:49,920 [INFO] Request: Island 222, Category 'heritage'
2025-11-10 14:47:49,921 [INFO] Category: 'heritage' → 'traditional' (RANDOM)
2025-11-10 14:47:49,923 [INFO] Using folder: generated_sketches_all
2025-11-10 14:47:49,924 [INFO] Starting AI image generation...
2025-11-10 14:48:05,656 [INFO] Image uploaded to generated/latest_island.png
2025-11-10 14:48:05,685 [INFO] Firestore updated
2025-11-10 14:48:05,686 [INFO] TIMING | Generation: 14.12s | Total: 15.77s
2025-11-10 14:48:13,189 [INFO] Sketch downloaded from drawings/drawing.png
2025-11-10 14:48:13,190 [INFO] Checking for text in sketch...
2025-11-10 14:48:13,475 [INFO] No text detected, proceeding with retrieval
2025-11-10 14:48:13,489 [INFO] Matched Island ID: 112 (similarity: 0.250)
2025-11-10 14:48:13,513 [INFO] Request: Island 112, Category 'heritage'
2025-11-10 14:48:13,514 [INFO] Category: 'heritage' → 'jasu' (RANDOM)
2025-11-10 14:48:13,516 [INFO] Using folder: original
2025-11-10 14:48:13,517 [INFO] Starting AI image generation...
2025-11-10 14:48:53,130 [INFO] Image uploaded to generated/latest_island.png
2025-11-10 14:48:53,167 [INFO] Firestore updated
2025-11-10 14:48:53,168 [INFO] TIMING | Generation: 38.24s | Total: 39.66s
2025-11-10 14:49:06,214 [INFO] Firebase initialized
2025-11-10 14:49:10,636 [INFO] IslandRetriever initialized (DB: generated_sketches_all)
2025-11-10 14:49:10,670 [INFO] ComfyUI initialized (workflows: ['autumn', 'baekja', 'camellia', 'canola', 'cherry', 'constellation', 'dansaekhwa', 'entertainment', 'fantasy', 'hydragea', 'jasu', 'kimhongdo', 'klimt', 'landscape', 'monet', 'origami', 'pollock', 'sinyunbok', 'sumuk', 'traditional', 'vangogh', 'wave', 'winter'])
2025-11-10 14:49:11,995 [INFO] OCR Client initialized
2025-11-10 14:49:11,998 [INFO] ==================================================
2025-11-10 14:49:11,999 [INFO] Flask AI Server Starting...
2025-11-10 14:49:12,000 [INFO] Storage Path: drawings/drawing.png
2025-11-10 14:49:12,000 [INFO] Port: 5000
2025-11-10 14:49:12,001 [INFO] ==================================================
2025-11-10 14:49:51,610 [INFO] Sketch downloaded from drawings/drawing.png
2025-11-10 14:49:51,612 [INFO] Checking for text in sketch...
2025-11-10 14:49:52,068 [INFO] No text detected, proceeding with retrieval
2025-11-10 14:49:52,147 [INFO] Matched Island ID: 169 (similarity: 0.325)
2025-11-10 14:49:52,181 [INFO] Request: Island 169, Category 'heritage'
2025-11-10 14:49:52,182 [INFO] Category: 'heritage' → 'jasu' (RANDOM)
2025-11-10 14:49:52,185 [INFO] Using folder: original
2025-11-10 14:49:52,186 [INFO] Starting AI image generation...
2025-11-10 14:51:23,976 [INFO] Image uploaded to generated/latest_island.png
2025-11-10 14:51:24,116 [INFO] Firestore updated
2025-11-10 14:51:24,118 [INFO] TIMING | Generation: 90.51s | Total: 91.94s
2025-11-10 14:51:40,507 [INFO] Sketch downloaded from drawings/drawing.png
2025-11-10 14:51:40,508 [INFO] Checking for text in sketch...
2025-11-10 14:51:40,809 [INFO] No text detected, proceeding with retrieval
2025-11-10 14:51:40,824 [INFO] Matched Island ID: 200 (similarity: 0.283)
2025-11-10 14:51:40,858 [INFO] Request: Island 200, Category 'heritage'
2025-11-10 14:51:40,860 [INFO] Category: 'heritage' → 'traditional' (RANDOM)
2025-11-10 14:51:40,861 [INFO] Using folder: generated_sketches_all
2025-11-10 14:51:40,862 [INFO] Starting AI image generation...
2025-11-10 14:51:58,683 [INFO] Image uploaded to generated/latest_island.png
2025-11-10 14:51:58,724 [INFO] Firestore updated
2025-11-10 14:51:58,725 [INFO] TIMING | Generation: 16.12s | Total: 17.87s
2025-11-10 14:52:04,253 [INFO] Sketch downloaded from drawings/drawing.png
2025-11-10 14:52:04,254 [INFO] Checking for text in sketch...
2025-11-10 14:52:04,513 [INFO] No text detected, proceeding with retrieval
2025-11-10 14:52:04,528 [INFO] Matched Island ID: 169 (similarity: 0.328)
2025-11-10 14:52:04,567 [INFO] Request: Island 169, Category 'heritage'
2025-11-10 14:52:04,570 [INFO] Category: 'heritage' → 'jasu' (RANDOM)
2025-11-10 14:52:04,571 [INFO] Using folder: original
2025-11-10 14:52:04,572 [INFO] Starting AI image generation...
2025-11-10 14:56:19,312 [INFO] Image uploaded to generated/latest_island.png
2025-11-10 14:56:19,423 [INFO] Firestore updated
2025-11-10 14:56:19,424 [INFO] TIMING | Generation: 253.36s | Total: 254.86s
2025-11-10 14:56:53,459 [INFO] Sketch downloaded from drawings/drawing.png
2025-11-10 14:56:53,461 [INFO] Checking for text in sketch...
2025-11-10 14:56:53,623 [INFO] No text detected, proceeding with retrieval
2025-11-10 14:56:53,639 [INFO] Matched Island ID: 169 (similarity: 0.328)
2025-11-10 14:56:53,692 [INFO] Request: Island 169, Category 'heritage'
2025-11-10 14:56:53,693 [INFO] Category: 'heritage' → 'sinyunbok' (RANDOM)
2025-11-10 14:56:53,695 [INFO] Using folder: original
2025-11-10 14:56:53,696 [INFO] Starting AI image generation...
2025-11-10 14:57:29,502 [INFO] Image uploaded to generated/latest_island.png
2025-11-10 14:57:29,537 [INFO] Firestore updated
2025-11-10 14:57:29,539 [INFO] TIMING | Generation: 34.22s | Total: 35.85s
2025-11-10 14:58:04,415 [INFO] Firebase initialized
2025-11-10 14:58:08,959 [INFO] IslandRetriever initialized (DB: generated_sketches_all)
2025-11-10 14:58:08,989 [INFO] ComfyUI initialized (workflows: ['autumn', 'baekja', 'camellia', 'canola', 'cherry', 'constellation', 'dansaekhwa', 'entertainment', 'fantasy', 'hydragea', 'jasu', 'kimhongdo', 'klimt', 'landscape', 'monet', 'origami', 'pollock', 'sinyunbok', 'sumuk', 'traditional', 'vangogh', 'wave', 'winter'])
2025-11-10 14:58:10,402 [INFO] OCR Client initialized
2025-11-10 14:58:10,404 [INFO] ==================================================
2025-11-10 14:58:10,405 [INFO] Flask AI Server Starting...
2025-11-10 14:58:10,406 [INFO] Storage Path: drawings/drawing.png
2025-11-10 14:58:10,407 [INFO] Port: 5000
2025-11-10 14:58:10,408 [INFO] ==================================================
2025-11-10 14:58:15,086 [INFO] Sketch downloaded from drawings/drawing.png
2025-11-10 14:58:15,089 [INFO] Checking for text in sketch...
2025-11-10 14:58:15,585 [INFO] No text detected, proceeding with retrieval
2025-11-10 14:58:15,602 [INFO] Matched Island ID: 75 (similarity: 0.346)
2025-11-10 14:58:15,671 [INFO] Request: Island 75, Category 'heritage'
2025-11-10 14:58:15,673 [INFO] Category: 'heritage' → 'baekja' (RANDOM)
2025-11-10 14:58:15,674 [INFO] Using folder: generated_sketches_all
2025-11-10 14:58:15,675 [INFO] Starting AI image generation...
2025-11-10 14:58:28,714 [INFO] Image uploaded to generated/latest_island.png
2025-11-10 14:58:28,825 [INFO] Firestore updated
2025-11-10 14:58:28,839 [INFO] TIMING | Generation: 12.09s | Total: 13.17s
2025-11-10 14:59:08,242 [INFO] Sketch downloaded from drawings/drawing.png
2025-11-10 14:59:08,243 [INFO] Checking for text in sketch...
2025-11-10 14:59:08,652 [INFO] No text detected, proceeding with retrieval
2025-11-10 14:59:08,666 [INFO] Matched Island ID: 16 (similarity: 0.324)
2025-11-10 14:59:08,693 [INFO] Request: Island 16, Category 'heritage'
2025-11-10 14:59:08,695 [INFO] Category: 'heritage' → 'sinyunbok' (RANDOM)
2025-11-10 14:59:08,696 [INFO] Using folder: original
2025-11-10 14:59:08,697 [INFO] Starting AI image generation...
2025-11-10 15:01:17,002 [INFO] Image uploaded to generated/latest_island.png
2025-11-10 15:01:17,035 [INFO] Firestore updated
2025-11-10 15:01:17,036 [INFO] TIMING | Generation: 126.70s | Total: 128.34s
2025-11-10 15:01:40,063 [INFO] Sketch downloaded from drawings/drawing.png
2025-11-10 15:01:40,064 [INFO] Checking for text in sketch...
2025-11-10 15:01:40,408 [INFO] No text detected, proceeding with retrieval
2025-11-10 15:01:40,421 [INFO] Matched Island ID: 16 (similarity: 0.324)
2025-11-10 15:01:40,474 [INFO] Request: Island 16, Category 'heritage'
2025-11-10 15:01:40,475 [INFO] Category: 'heritage' → 'sinyunbok' (RANDOM)
2025-11-10 15:01:40,477 [INFO] Using folder: original
2025-11-10 15:01:40,478 [INFO] Starting AI image generation...
2025-11-10 15:02:04,163 [INFO] Image uploaded to generated/latest_island.png
2025-11-10 15:02:04,195 [INFO] Firestore updated
2025-11-10 15:02:04,196 [INFO] TIMING | Generation: 22.17s | Total: 23.72s
2025-11-10 15:02:21,105 [INFO] Firebase initialized
2025-11-10 15:02:25,531 [INFO] IslandRetriever initialized (DB: generated_sketches_all)
2025-11-10 15:02:25,565 [INFO] ComfyUI initialized (workflows: ['autumn', 'baekja', 'camellia', 'canola', 'cherry', 'constellation', 'dansaekhwa', 'entertainment', 'fantasy', 'hydragea', 'jasu', 'kimhongdo', 'klimt', 'landscape', 'monet', 'origami', 'pollock', 'sinyunbok', 'sumuk', 'traditional', 'vangogh', 'wave', 'winter'])
2025-11-10 15:02:26,919 [INFO] OCR Client initialized
2025-11-10 15:02:26,921 [INFO] ==================================================
2025-11-10 15:02:26,922 [INFO] Flask AI Server Starting...
2025-11-10 15:02:26,923 [INFO] Storage Path: drawings/drawing.png
2025-11-10 15:02:26,924 [INFO] Port: 5000
2025-11-10 15:02:26,926 [INFO] ==================================================
2025-11-10 15:05:12,143 [INFO] Sketch downloaded from drawings/drawing.png
2025-11-10 15:05:12,145 [INFO] Checking for text in sketch...
2025-11-10 15:05:12,438 [INFO] No text detected, proceeding with retrieval
2025-11-10 15:05:12,455 [INFO] Matched Island ID: 91 (similarity: 0.306)
2025-11-10 15:05:12,518 [INFO] Request: Island 91, Category 'heritage'
2025-11-10 15:05:12,519 [INFO] Category: 'heritage' → 'jasu' (RANDOM)
2025-11-10 15:05:12,521 [INFO] Using folder: original
2025-11-10 15:05:12,522 [INFO] Starting AI image generation...
2025-11-10 15:06:50,370 [INFO] Image uploaded to generated/latest_island.png
2025-11-10 15:06:50,512 [INFO] Firestore updated
2025-11-10 15:06:50,514 [INFO] TIMING | Generation: 96.49s | Total: 98.00s
2025-11-10 15:09:03,197 [INFO] Sketch downloaded from drawings/drawing.png
2025-11-10 15:09:03,198 [INFO] Checking for text in sketch...
2025-11-10 15:09:03,454 [INFO] No text detected, proceeding with retrieval
2025-11-10 15:09:03,468 [INFO] Matched Island ID: 112 (similarity: 0.215)
2025-11-10 15:09:03,526 [INFO] Request: Island 112, Category 'heritage'
2025-11-10 15:09:03,528 [INFO] Category: 'heritage' → 'baekja' (RANDOM)
2025-11-10 15:09:03,530 [INFO] Using folder: generated_sketches_all
2025-11-10 15:09:03,531 [INFO] Starting AI image generation...
2025-11-10 15:09:16,582 [INFO] Image uploaded to generated/latest_island.png
2025-11-10 15:09:16,615 [INFO] Firestore updated
2025-11-10 15:09:16,616 [INFO] TIMING | Generation: 12.07s | Total: 13.09s
2025-11-10 15:10:30,019 [INFO] Sketch downloaded from drawings/drawing.png
2025-11-10 15:10:30,020 [INFO] Checking for text in sketch...
2025-11-10 15:10:30,419 [INFO] No text detected, proceeding with retrieval
2025-11-10 15:10:30,433 [INFO] Matched Island ID: 16 (similarity: 0.395)
2025-11-10 15:10:30,480 [INFO] Request: Island 16, Category 'heritage'
2025-11-10 15:10:30,482 [INFO] Category: 'heritage' → 'traditional' (RANDOM)
2025-11-10 15:10:30,484 [INFO] Using folder: generated_sketches_all
2025-11-10 15:10:30,486 [INFO] Starting AI image generation...
2025-11-10 15:10:42,189 [INFO] Image uploaded to generated/latest_island.png
2025-11-10 15:10:42,230 [INFO] Firestore updated
2025-11-10 15:10:42,231 [INFO] TIMING | Generation: 10.12s | Total: 11.75s
2025-11-10 15:11:30,912 [INFO] Sketch downloaded from drawings/drawing.png
2025-11-10 15:11:30,913 [INFO] Checking for text in sketch...
2025-11-10 15:11:31,202 [INFO] No text detected, proceeding with retrieval
2025-11-10 15:11:31,215 [INFO] Matched Island ID: 112 (similarity: 0.236)
2025-11-10 15:11:31,243 [INFO] Request: Island 112, Category 'heritage'
2025-11-10 15:11:31,244 [INFO] Category: 'heritage' → 'traditional' (RANDOM)
2025-11-10 15:11:31,245 [INFO] Using folder: generated_sketches_all
2025-11-10 15:11:31,246 [INFO] Starting AI image generation...
2025-11-10 15:11:42,901 [INFO] Image uploaded to generated/latest_island.png
2025-11-10 15:11:42,947 [INFO] Firestore updated
2025-11-10 15:11:42,948 [INFO] TIMING | Generation: 10.09s | Total: 11.70s
2025-11-10 15:11:47,730 [INFO] Sketch downloaded from drawings/drawing.png
2025-11-10 15:11:47,731 [INFO] Checking for text in sketch...
2025-11-10 15:11:47,995 [INFO] No text detected, proceeding with retrieval
2025-11-10 15:11:48,009 [INFO] Matched Island ID: 169 (similarity: 0.339)
2025-11-10 15:11:48,040 [INFO] Request: Island 169, Category 'heritage'
2025-11-10 15:11:48,042 [INFO] Category: 'heritage' → 'jasu' (RANDOM)
2025-11-10 15:11:48,043 [INFO] Using folder: original
2025-11-10 15:11:48,044 [INFO] Starting AI image generation...
2025-11-10 15:16:38,517 [INFO] Image uploaded to generated/latest_island.png
2025-11-10 15:16:38,610 [INFO] Firestore updated
2025-11-10 15:16:38,611 [INFO] TIMING | Generation: 289.64s | Total: 290.57s
2025-11-10 15:27:30,256 [INFO] Firebase initialized
2025-11-10 15:27:34,637 [INFO] IslandRetriever initialized (DB: generated_sketches_all)
2025-11-10 15:27:34,665 [INFO] ComfyUI initialized (workflows: ['autumn', 'baekja', 'camellia', 'canola', 'cherry', 'constellation', 'dansaekhwa', 'entertainment', 'fantasy', 'hydragea', 'jasu', 'kimhongdo', 'klimt', 'landscape', 'monet', 'origami', 'pollock', 'sinyunbok', 'sumuk', 'traditional', 'vangogh', 'wave', 'winter'])
2025-11-10 15:27:36,103 [INFO] OCR Client initialized
2025-11-10 15:27:36,105 [INFO] ==================================================
2025-11-10 15:27:36,106 [INFO] Flask AI Server Starting...
2025-11-10 15:27:36,107 [INFO] Storage Path: drawings/drawing.png
2025-11-10 15:27:36,108 [INFO] Port: 5000
2025-11-10 15:27:36,109 [INFO] ==================================================
2025-11-10 15:27:49,836 [INFO] Sketch downloaded from drawings/drawing.png
2025-11-10 15:27:49,838 [INFO] Checking for text in sketch...
2025-11-10 15:27:50,097 [INFO] No text detected, proceeding with retrieval
2025-11-10 15:27:50,124 [INFO] Matched Island ID: 91 (similarity: 0.341)
2025-11-10 15:27:50,165 [INFO] Request: Island 91, Category 'heritage'
2025-11-10 15:27:50,167 [INFO] Category: 'heritage' → 'jasu' (RANDOM)
2025-11-10 15:27:50,168 [INFO] Using folder: original
2025-11-10 15:27:50,169 [INFO] Starting AI image generation...
2025-11-10 15:29:42,345 [INFO] Image uploaded to generated/latest_island.png
2025-11-10 15:29:42,485 [INFO] Firestore updated
2025-11-10 15:29:42,486 [INFO] TIMING | Generation: 110.78s | Total: 112.32s
2025-11-10 15:53:14,480 [INFO] Sketch downloaded from drawings/drawing.png
2025-11-10 15:53:14,481 [INFO] Checking for text in sketch...
2025-11-10 15:53:14,751 [INFO] No text detected, proceeding with retrieval
2025-11-10 15:53:14,765 [INFO] Matched Island ID: 63 (similarity: 0.265)
2025-11-10 15:53:14,817 [INFO] Request: Island 63, Category 'heritage'
2025-11-10 15:53:14,818 [INFO] Category: 'heritage' → 'jasu' (RANDOM)
2025-11-10 15:53:14,820 [INFO] Using folder: original
2025-11-10 15:53:14,820 [INFO] Starting AI image generation...
2025-11-10 15:53:32,290 [INFO] Image uploaded to generated/latest_island.png
2025-11-10 15:53:32,384 [INFO] Firestore updated
2025-11-10 15:53:32,386 [INFO] TIMING | Generation: 16.19s | Total: 17.57s
2025-11-10 15:53:38,828 [INFO] Sketch downloaded from drawings/drawing.png
2025-11-10 15:53:38,830 [INFO] Checking for text in sketch...
2025-11-10 15:53:39,140 [INFO] No text detected, proceeding with retrieval
2025-11-10 15:53:39,154 [INFO] Matched Island ID: 135 (similarity: 0.354)
2025-11-10 15:53:39,190 [INFO] Request: Island 135, Category 'heritage'
2025-11-10 15:53:39,192 [INFO] Category: 'heritage' → 'baekja' (RANDOM)
2025-11-10 15:53:39,193 [INFO] Using folder: generated_sketches_all
2025-11-10 15:53:39,194 [INFO] Starting AI image generation...
2025-11-10 15:53:52,341 [INFO] Image uploaded to generated/latest_island.png
2025-11-10 15:53:52,384 [INFO] Firestore updated
2025-11-10 15:53:52,385 [INFO] TIMING | Generation: 12.12s | Total: 13.19s
2025-11-10 15:53:57,798 [INFO] Sketch downloaded from drawings/drawing.png
2025-11-10 15:53:57,799 [INFO] Checking for text in sketch...
2025-11-10 15:53:58,110 [INFO] No text detected, proceeding with retrieval
2025-11-10 15:53:58,124 [INFO] Matched Island ID: 359 (similarity: 0.214)
2025-11-10 15:53:58,149 [INFO] Request: Island 359, Category 'heritage'
2025-11-10 15:53:58,150 [INFO] Category: 'heritage' → 'traditional' (RANDOM)
2025-11-10 15:53:58,152 [INFO] Using folder: generated_sketches_all
2025-11-10 15:53:58,153 [INFO] Starting AI image generation...
2025-11-10 15:54:09,526 [INFO] Image uploaded to generated/latest_island.png
2025-11-10 15:54:09,568 [INFO] Firestore updated
2025-11-10 15:54:09,569 [INFO] TIMING | Generation: 10.09s | Total: 11.42s
2025-11-10 15:54:15,234 [INFO] Sketch downloaded from drawings/drawing.png
2025-11-10 15:54:15,235 [INFO] Checking for text in sketch...
2025-11-10 15:54:15,629 [INFO] No text detected, proceeding with retrieval
2025-11-10 15:54:15,644 [INFO] Matched Island ID: 112 (similarity: 0.281)
2025-11-10 15:54:15,675 [INFO] Request: Island 112, Category 'heritage'
2025-11-10 15:54:15,677 [INFO] Category: 'heritage' → 'traditional' (RANDOM)
2025-11-10 15:54:15,678 [INFO] Using folder: generated_sketches_all
2025-11-10 15:54:15,679 [INFO] Starting AI image generation...
2025-11-10 15:54:27,374 [INFO] Image uploaded to generated/latest_island.png
2025-11-10 15:54:27,404 [INFO] Firestore updated
2025-11-10 15:54:27,405 [INFO] TIMING | Generation: 10.10s | Total: 11.73s
2025-11-10 15:54:32,051 [INFO] Sketch downloaded from drawings/drawing.png
2025-11-10 15:54:32,076 [INFO] Checking for text in sketch...
2025-11-10 15:54:32,520 [INFO] No text detected, proceeding with retrieval
2025-11-10 15:54:32,535 [INFO] Matched Island ID: 91 (similarity: 0.229)
2025-11-10 15:54:32,560 [INFO] Request: Island 91, Category 'heritage'
2025-11-10 15:54:32,561 [INFO] Category: 'heritage' → 'jasu' (RANDOM)
2025-11-10 15:54:32,562 [INFO] Using folder: original
2025-11-10 15:54:32,564 [INFO] Starting AI image generation...
2025-11-10 15:55:08,510 [INFO] Image uploaded to generated/latest_island.png
2025-11-10 15:55:08,552 [INFO] Firestore updated
2025-11-10 15:55:08,553 [INFO] TIMING | Generation: 34.22s | Total: 35.99s
2025-11-10 15:55:14,290 [INFO] Sketch downloaded from drawings/drawing.png
2025-11-10 15:55:14,292 [INFO] Checking for text in sketch...
2025-11-10 15:55:14,738 [INFO] No text detected, proceeding with retrieval
2025-11-10 15:55:14,752 [INFO] Matched Island ID: 101 (similarity: 0.294)
2025-11-10 15:55:14,778 [INFO] Request: Island 101, Category 'taste'
2025-11-10 15:55:14,780 [INFO] Category: 'taste' → 'landscape' (RANDOM)
2025-11-10 15:55:14,781 [INFO] Using folder: original
2025-11-10 15:55:14,782 [INFO] Starting AI image generation...
2025-11-10 15:55:30,539 [INFO] Image uploaded to generated/latest_island.png
2025-11-10 15:55:30,583 [INFO] Firestore updated
2025-11-10 15:55:30,584 [INFO] TIMING | Generation: 14.15s | Total: 15.81s
2025-11-10 15:55:37,320 [INFO] Sketch downloaded from drawings/drawing.png
2025-11-10 15:55:37,321 [INFO] Checking for text in sketch...
2025-11-10 15:55:37,610 [INFO] No text detected, proceeding with retrieval
2025-11-10 15:55:37,624 [INFO] Matched Island ID: 112 (similarity: 0.263)
2025-11-10 15:55:37,656 [INFO] Request: Island 112, Category 'heritage'
2025-11-10 15:55:37,658 [INFO] Category: 'heritage' → 'baekja' (RANDOM)
2025-11-10 15:55:37,659 [INFO] Using folder: generated_sketches_all
2025-11-10 15:55:37,660 [INFO] Starting AI image generation...
2025-11-10 15:55:46,697 [INFO] Image uploaded to generated/latest_island.png
2025-11-10 15:55:46,725 [INFO] Firestore updated
2025-11-10 15:55:46,726 [INFO] TIMING | Generation: 8.10s | Total: 9.07s
2025-11-10 15:55:52,133 [INFO] Sketch downloaded from drawings/drawing.png
2025-11-10 15:55:52,134 [INFO] Checking for text in sketch...
2025-11-10 15:55:52,311 [INFO] No text detected, proceeding with retrieval
2025-11-10 15:55:52,325 [INFO] Matched Island ID: 16 (similarity: 0.346)
2025-11-10 15:55:52,349 [INFO] Request: Island 16, Category 'heritage'
2025-11-10 15:55:52,351 [INFO] Category: 'heritage' → 'traditional' (RANDOM)
2025-11-10 15:55:52,352 [INFO] Using folder: generated_sketches_all
2025-11-10 15:55:52,353 [INFO] Starting AI image generation...
2025-11-10 15:56:04,185 [INFO] Image uploaded to generated/latest_island.png
2025-11-10 15:56:04,217 [INFO] Firestore updated
2025-11-10 15:56:04,218 [INFO] TIMING | Generation: 10.13s | Total: 11.87s
2025-11-10 15:56:08,665 [INFO] Sketch downloaded from drawings/drawing.png
2025-11-10 15:56:08,666 [INFO] Checking for text in sketch...
2025-11-10 15:56:09,078 [INFO] No text detected, proceeding with retrieval
2025-11-10 15:56:09,091 [INFO] Matched Island ID: 16 (similarity: 0.284)
2025-11-10 15:56:09,116 [INFO] Request: Island 16, Category 'heritage'
2025-11-10 15:56:09,118 [INFO] Category: 'heritage' → 'traditional' (RANDOM)
2025-11-10 15:56:09,119 [INFO] Using folder: generated_sketches_all
2025-11-10 15:56:09,120 [INFO] Starting AI image generation...
2025-11-10 15:56:20,862 [INFO] Image uploaded to generated/latest_island.png
2025-11-10 15:56:20,885 [INFO] Firestore updated
2025-11-10 15:56:20,886 [INFO] TIMING | Generation: 10.11s | Total: 11.77s
2025-11-10 15:56:25,436 [INFO] Sketch downloaded from drawings/drawing.png
2025-11-10 15:56:25,438 [INFO] Checking for text in sketch...
2025-11-10 15:56:25,672 [INFO] No text detected, proceeding with retrieval
2025-11-10 15:56:25,687 [INFO] Matched Island ID: 40 (similarity: 0.288)
2025-11-10 15:56:25,712 [INFO] Request: Island 40, Category 'heritage'
2025-11-10 15:56:25,713 [INFO] Category: 'heritage' → 'baekja' (RANDOM)
2025-11-10 15:56:25,715 [INFO] Using folder: generated_sketches_all
2025-11-10 15:56:25,716 [INFO] Starting AI image generation...
2025-11-10 15:56:32,648 [INFO] Image uploaded to generated/latest_island.png
2025-11-10 15:56:32,688 [INFO] Firestore updated
2025-11-10 15:56:32,689 [INFO] TIMING | Generation: 6.08s | Total: 6.98s
2025-11-10 15:56:38,136 [INFO] Sketch downloaded from drawings/drawing.png
2025-11-10 15:56:38,137 [INFO] Checking for text in sketch...
2025-11-10 15:56:38,453 [INFO] No text detected, proceeding with retrieval
2025-11-10 15:56:38,469 [INFO] Matched Island ID: 91 (similarity: 0.265)
2025-11-10 15:56:38,500 [INFO] Request: Island 91, Category 'heritage'
2025-11-10 15:56:38,502 [INFO] Category: 'heritage' → 'traditional' (RANDOM)
2025-11-10 15:56:38,503 [INFO] Using folder: generated_sketches_all
2025-11-10 15:56:38,504 [INFO] Starting AI image generation...
2025-11-10 15:56:50,320 [INFO] Image uploaded to generated/latest_island.png
2025-11-10 15:56:50,362 [INFO] Firestore updated
2025-11-10 15:56:50,363 [INFO] TIMING | Generation: 10.18s | Total: 11.86s
2025-11-10 15:56:56,178 [INFO] Sketch downloaded from drawings/drawing.png
2025-11-10 15:56:56,179 [INFO] Checking for text in sketch...
2025-11-10 15:56:56,472 [INFO] No text detected, proceeding with retrieval
2025-11-10 15:56:56,487 [INFO] Matched Island ID: 135 (similarity: 0.352)
2025-11-10 15:56:56,512 [INFO] Request: Island 135, Category 'heritage'
2025-11-10 15:56:56,513 [INFO] Category: 'heritage' → 'jasu' (RANDOM)
2025-11-10 15:56:56,514 [INFO] Using folder: original
2025-11-10 15:56:56,516 [INFO] Starting AI image generation...
2025-11-10 15:57:28,111 [INFO] Image uploaded to generated/latest_island.png
2025-11-10 15:57:28,149 [INFO] Firestore updated
2025-11-10 15:57:28,150 [INFO] TIMING | Generation: 30.26s | Total: 31.64s
2025-11-10 15:57:35,054 [INFO] Sketch downloaded from drawings/drawing.png
2025-11-10 15:57:35,055 [INFO] Checking for text in sketch...
2025-11-10 15:57:35,450 [INFO] No text detected, proceeding with retrieval
2025-11-10 15:57:35,465 [INFO] Matched Island ID: 75 (similarity: 0.368)
2025-11-10 15:57:35,489 [INFO] Request: Island 75, Category 'heritage'
2025-11-10 15:57:35,490 [INFO] Category: 'heritage' → 'sinyunbok' (RANDOM)
2025-11-10 15:57:35,492 [INFO] Using folder: original
2025-11-10 15:57:35,493 [INFO] Starting AI image generation...
2025-11-10 16:03:19,533 [INFO] Image uploaded to generated/latest_island.png
2025-11-10 16:03:19,641 [INFO] Firestore updated
2025-11-10 16:03:19,642 [INFO] TIMING | Generation: 342.40s | Total: 344.15s
2025-11-10 16:53:54,309 [INFO] Firebase initialized
2025-11-10 16:53:59,069 [INFO] IslandRetriever initialized (DB: generated_sketches_all)
2025-11-10 16:53:59,096 [INFO] ComfyUI initialized (workflows: ['autumn', 'baekja', 'camellia', 'canola', 'cherry', 'constellation', 'dansaekhwa', 'entertainment', 'fantasy', 'hydragea', 'jasu', 'kimhongdo', 'klimt', 'landscape', 'monet', 'origami', 'pollock', 'sinyunbok', 'sumuk', 'traditional', 'vangogh', 'wave', 'winter'])
2025-11-10 16:54:00,498 [INFO] OCR Client initialized
2025-11-10 16:54:00,500 [INFO] ==================================================
2025-11-10 16:54:00,501 [INFO] Flask AI Server Starting...
2025-11-10 16:54:00,502 [INFO] Storage Path: drawings/drawing.png
2025-11-10 16:54:00,503 [INFO] Port: 5000
2025-11-10 16:54:00,504 [INFO] ==================================================
2025-11-10 16:54:25,742 [INFO] Sketch downloaded from drawings/drawing.png
2025-11-10 16:54:25,744 [INFO] Checking for text in sketch...
2025-11-10 16:54:26,133 [INFO] No text detected, proceeding with retrieval
2025-11-10 16:54:26,162 [INFO] Matched Island ID: 91 (similarity: 0.279)
2025-11-10 16:54:26,193 [INFO] Request: Island 91, Category 'heritage'
2025-11-10 16:54:26,194 [INFO] Category: 'heritage' → 'sinyunbok' (RANDOM)
2025-11-10 16:54:26,196 [INFO] Using folder: original
2025-11-10 16:54:26,197 [INFO] Starting AI image generation...
2025-11-10 16:57:10,805 [INFO] Image uploaded to generated/latest_island.png
2025-11-10 16:57:10,950 [INFO] Firestore updated
2025-11-10 16:57:10,951 [INFO] TIMING | Generation: 163.00s | Total: 164.76s
2025-11-10 16:58:51,019 [INFO] Sketch downloaded from drawings/drawing.png
2025-11-10 16:58:51,020 [INFO] Checking for text in sketch...
2025-11-10 16:58:51,411 [INFO] No text detected, proceeding with retrieval
2025-11-10 16:58:51,425 [INFO] Matched Island ID: 91 (similarity: 0.279)
2025-11-10 16:58:51,471 [INFO] Request: Island 91, Category 'heritage'
2025-11-10 16:58:51,472 [INFO] Category: 'heritage' → 'traditional' (RANDOM)
2025-11-10 16:58:51,474 [INFO] Using folder: generated_sketches_all
2025-11-10 16:58:51,475 [INFO] Starting AI image generation...
2025-11-10 16:59:07,217 [INFO] Image uploaded to generated/latest_island.png
2025-11-10 16:59:07,256 [INFO] Firestore updated
2025-11-10 16:59:07,257 [INFO] TIMING | Generation: 14.10s | Total: 15.79s
2025-11-10 17:19:52,912 [INFO] Sketch downloaded from drawings/drawing.png
2025-11-10 17:19:52,913 [INFO] Checking for text in sketch...
2025-11-10 17:19:53,180 [INFO] No text detected, proceeding with retrieval
2025-11-10 17:19:53,196 [INFO] Matched Island ID: 361 (similarity: 0.236)
2025-11-10 17:19:53,239 [INFO] Request: Island 361, Category 'heritage'
2025-11-10 17:19:53,240 [INFO] Category: 'heritage' → 'baekja' (RANDOM)
2025-11-10 17:19:53,242 [INFO] Using folder: generated_sketches_all
2025-11-10 17:19:53,243 [INFO] Starting AI image generation...
2025-11-10 17:20:00,270 [INFO] Image uploaded to generated/latest_island.png
2025-11-10 17:20:00,378 [INFO] Firestore updated
2025-11-10 17:20:00,380 [INFO] TIMING | Generation: 6.12s | Total: 7.14s
2025-11-10 17:27:56,262 [INFO] Sketch downloaded from drawings/drawing.png
2025-11-10 17:27:56,263 [INFO] Checking for text in sketch...
2025-11-10 17:27:56,454 [INFO] No text detected, proceeding with retrieval
2025-11-10 17:27:56,471 [INFO] Matched Island ID: 75 (similarity: 0.310)
2025-11-10 17:27:56,540 [INFO] Request: Island 75, Category 'heritage'
2025-11-10 17:27:56,542 [INFO] Category: 'heritage' → 'traditional' (RANDOM)
2025-11-10 17:27:56,543 [INFO] Using folder: generated_sketches_all
2025-11-10 17:27:56,544 [INFO] Starting AI image generation...
2025-11-10 17:28:10,260 [INFO] Image uploaded to generated/latest_island.png
2025-11-10 17:28:10,347 [INFO] Firestore updated
2025-11-10 17:28:10,348 [INFO] TIMING | Generation: 12.09s | Total: 13.81s
2025-11-10 17:56:14,093 [INFO] Sketch downloaded from drawings/drawing.png
2025-11-10 17:56:14,095 [INFO] Checking for text in sketch...
2025-11-10 17:56:14,457 [INFO] No text detected, proceeding with retrieval
2025-11-10 17:56:14,470 [INFO] Matched Island ID: 44 (similarity: 0.203)
2025-11-10 17:56:14,501 [INFO] Request: Island 44, Category 'taste'
2025-11-10 17:56:14,503 [INFO] Category: 'taste' → 'constellation' (RANDOM)
2025-11-10 17:56:14,504 [INFO] Using folder: outline
2025-11-10 17:56:14,505 [INFO] Starting AI image generation...
2025-11-10 17:56:30,016 [INFO] Image uploaded to generated/latest_island.png
2025-11-10 17:56:30,109 [INFO] Firestore updated
2025-11-10 17:56:30,110 [INFO] TIMING | Generation: 14.08s | Total: 15.61s
2025-11-11 09:12:26,011 [INFO] Firebase initialized
2025-11-11 09:12:31,176 [INFO] IslandRetriever initialized (DB: generated_sketches_all)
2025-11-11 09:12:31,202 [INFO] ComfyUI initialized (workflows: ['autumn', 'baekja', 'camellia', 'canola', 'cherry', 'constellation', 'dansaekhwa', 'entertainment', 'fantasy', 'hydragea', 'jasu', 'kimhongdo', 'klimt', 'landscape', 'monet', 'origami', 'pollock', 'sinyunbok', 'sumuk', 'traditional', 'vangogh', 'wave', 'winter'])
2025-11-11 09:12:32,669 [INFO] OCR Client initialized
2025-11-11 09:12:32,671 [INFO] ==================================================
2025-11-11 09:12:32,672 [INFO] Flask AI Server Starting...
2025-11-11 09:12:32,673 [INFO] Storage Path: drawings/drawing.png
2025-11-11 09:12:32,674 [INFO] Port: 5000
2025-11-11 09:12:32,675 [INFO] ==================================================
2025-11-11 09:13:01,505 [INFO] Sketch downloaded from drawings/drawing.png
2025-11-11 09:13:01,507 [INFO] Checking for text in sketch...
2025-11-11 09:13:02,114 [INFO] No text detected, proceeding with retrieval
2025-11-11 09:13:02,148 [INFO] Matched Island ID: 292 (similarity: 0.401)
2025-11-11 09:13:02,185 [INFO] Request: Island 292, Category 'art'
2025-11-11 09:13:02,187 [INFO] Category: 'art' → 'dansaekhwa' (RANDOM)
2025-11-11 09:13:02,188 [INFO] Using folder: original
2025-11-11 09:13:02,189 [INFO] Starting AI image generation...
2025-11-11 09:13:19,848 [INFO] Image uploaded to generated/latest_island.png
2025-11-11 09:13:20,000 [INFO] Firestore updated
2025-11-11 09:13:20,002 [INFO] TIMING | Generation: 16.15s | Total: 17.82s
2025-11-11 09:18:01,434 [INFO] Sketch downloaded from drawings/drawing.png
2025-11-11 09:18:01,435 [INFO] Checking for text in sketch...
2025-11-11 09:18:01,811 [INFO] No text detected, proceeding with retrieval
2025-11-11 09:18:01,827 [INFO] Matched Island ID: 44 (similarity: 0.177)
2025-11-11 09:18:01,861 [INFO] Request: Island 44, Category 'taste'
2025-11-11 09:18:01,862 [INFO] Category: 'taste' → 'landscape' (RANDOM)
2025-11-11 09:18:01,864 [INFO] Using folder: original
2025-11-11 09:18:01,865 [INFO] Starting AI image generation...
2025-11-11 09:18:13,937 [INFO] Image uploaded to generated/latest_island.png
2025-11-11 09:18:14,036 [INFO] Firestore updated
2025-11-11 09:18:14,038 [INFO] TIMING | Generation: 10.07s | Total: 12.18s
2025-11-11 09:37:09,238 [INFO] Sketch downloaded from drawings/drawing.png
2025-11-11 09:37:09,239 [INFO] Checking for text in sketch...
2025-11-11 09:37:09,362 [INFO] No text detected, proceeding with retrieval
2025-11-11 09:37:09,379 [INFO] Matched Island ID: 75 (similarity: 0.318)
2025-11-11 09:37:09,445 [INFO] Request: Island 75, Category 'art'
2025-11-11 09:37:09,446 [INFO] Category: 'art' → 'klimt' (RANDOM)
2025-11-11 09:37:09,448 [INFO] Using folder: original
2025-11-11 09:37:09,449 [INFO] Starting AI image generation...
2025-11-11 09:37:34,638 [INFO] Image uploaded to generated/latest_island.png
2025-11-11 09:37:34,738 [INFO] Firestore updated
2025-11-11 09:37:34,739 [INFO] TIMING | Generation: 24.17s | Total: 25.29s
2025-11-11 09:38:28,828 [INFO] Sketch downloaded from drawings/drawing.png
2025-11-11 09:38:28,830 [INFO] Checking for text in sketch...
2025-11-11 09:38:29,114 [INFO] No text detected, proceeding with retrieval
2025-11-11 09:38:29,128 [INFO] Matched Island ID: 112 (similarity: 0.284)
2025-11-11 09:38:29,173 [INFO] Request: Island 112, Category 'heritage'
2025-11-11 09:38:29,175 [INFO] Category: 'heritage' → 'traditional' (RANDOM)
2025-11-11 09:38:29,176 [INFO] Using folder: generated_sketches_all
2025-11-11 09:38:29,177 [INFO] Starting AI image generation...
2025-11-11 09:38:40,926 [INFO] Image uploaded to generated/latest_island.png
2025-11-11 09:38:40,974 [INFO] Firestore updated
2025-11-11 09:38:40,975 [INFO] TIMING | Generation: 10.08s | Total: 11.80s
2025-11-11 09:39:12,204 [INFO] Sketch downloaded from drawings/drawing.png
2025-11-11 09:39:12,205 [INFO] Checking for text in sketch...
2025-11-11 09:39:12,306 [INFO] No text detected, proceeding with retrieval
2025-11-11 09:39:12,323 [INFO] Matched Island ID: 135 (similarity: 0.310)
2025-11-11 09:39:12,362 [INFO] Request: Island 135, Category 'art'
2025-11-11 09:39:12,364 [INFO] Category: 'art' → 'dansaekhwa' (RANDOM)
2025-11-11 09:39:12,365 [INFO] Using folder: original
2025-11-11 09:39:12,366 [INFO] Starting AI image generation...
2025-11-11 09:39:30,003 [INFO] Image uploaded to generated/latest_island.png
2025-11-11 09:39:30,044 [INFO] Firestore updated
2025-11-11 09:39:30,045 [INFO] TIMING | Generation: 16.14s | Total: 17.68s
2025-11-11 10:29:33,826 [INFO] Sketch downloaded from drawings/drawing.png
2025-11-11 10:29:33,827 [INFO] Checking for text in sketch...
2025-11-11 10:29:34,280 [INFO] No text detected, proceeding with retrieval
2025-11-11 10:29:34,308 [INFO] Matched Island ID: 325 (similarity: 0.338)
2025-11-11 10:29:34,349 [INFO] Request: Island 325, Category 'taste'
2025-11-11 10:29:34,350 [INFO] Category: 'taste' → 'fantasy' (RANDOM)
2025-11-11 10:29:34,352 [INFO] Using folder: original
2025-11-11 10:29:34,353 [INFO] Starting AI image generation...
2025-11-11 10:46:02,088 [INFO] Image uploaded to generated/latest_island.png
2025-11-11 10:46:02,249 [INFO] Firestore updated
2025-11-11 10:46:02,250 [INFO] TIMING | Generation: 985.81s | Total: 987.90s
2025-11-11 14:46:58,136 [INFO] Sketch downloaded from drawings/drawing.png
2025-11-11 14:46:58,140 [INFO] Checking for text in sketch...
2025-11-11 14:46:58,569 [INFO] No text detected, proceeding with retrieval
2025-11-11 14:46:58,589 [INFO] Matched Island ID: 75 (similarity: 0.374)
2025-11-11 14:46:58,743 [INFO] Request: Island 75, Category 'nature'
2025-11-11 14:46:58,745 [INFO] Category: 'nature' → 'hydragea' (RANDOM)
2025-11-11 14:46:58,746 [INFO] Using folder: original
2025-11-11 14:46:58,747 [INFO] Starting AI image generation...
2025-11-11 14:47:20,125 [INFO] Image uploaded to generated/latest_island.png
2025-11-11 14:47:20,237 [INFO] Firestore updated
2025-11-11 14:47:20,239 [INFO] TIMING | Generation: 20.40s | Total: 21.50s
2025-11-11 14:47:43,159 [INFO] Sketch downloaded from drawings/drawing.png
2025-11-11 14:47:43,160 [INFO] Checking for text in sketch...
2025-11-11 14:47:43,263 [INFO] No text detected, proceeding with retrieval
2025-11-11 14:47:43,281 [INFO] Matched Island ID: 324 (similarity: 0.383)
2025-11-11 14:47:43,470 [INFO] Request: Island 324, Category 'nature'
2025-11-11 14:47:43,472 [INFO] Category: 'nature' → 'autumn' (RANDOM)
2025-11-11 14:47:43,473 [INFO] Using folder: original
2025-11-11 14:47:43,474 [INFO] Starting AI image generation...
2025-11-11 14:48:07,289 [INFO] Image uploaded to generated/latest_island.png
2025-11-11 14:48:07,337 [INFO] Firestore updated
2025-11-11 14:48:07,338 [INFO] TIMING | Generation: 22.22s | Total: 23.87s
2025-11-11 14:49:26,770 [INFO] Sketch downloaded from drawings/drawing.png
2025-11-11 14:49:26,772 [INFO] Checking for text in sketch...
2025-11-11 14:49:26,875 [INFO] No text detected, proceeding with retrieval
2025-11-11 14:49:26,893 [INFO] Matched Island ID: 324 (similarity: 0.423)
2025-11-11 14:49:27,203 [INFO] Request: Island 324, Category 'art'
2025-11-11 14:49:27,204 [INFO] Category: 'art' → 'klimt' (RANDOM)
2025-11-11 14:49:27,206 [INFO] Using folder: original
2025-11-11 14:49:27,207 [INFO] Starting AI image generation...
2025-11-11 14:49:50,595 [INFO] Image uploaded to generated/latest_island.png
2025-11-11 14:49:50,644 [INFO] Firestore updated
2025-11-11 14:49:50,645 [INFO] TIMING | Generation: 22.40s | Total: 23.44s
2025-11-11 14:49:59,645 [INFO] Sketch downloaded from drawings/drawing.png
2025-11-11 14:49:59,646 [INFO] Checking for text in sketch...
2025-11-11 14:49:59,750 [INFO] No text detected, proceeding with retrieval
2025-11-11 14:49:59,766 [INFO] Matched Island ID: 324 (similarity: 0.394)
2025-11-11 14:49:59,946 [INFO] Request: Island 324, Category 'art'
2025-11-11 14:49:59,947 [INFO] Category: 'art' → 'vangogh' (RANDOM)
2025-11-11 14:49:59,949 [INFO] Using folder: original
2025-11-11 14:49:59,950 [INFO] Starting AI image generation...
2025-11-11 14:50:39,765 [INFO] Image uploaded to generated/latest_island.png
2025-11-11 14:50:39,796 [INFO] Firestore updated
2025-11-11 14:50:39,797 [INFO] TIMING | Generation: 38.27s | Total: 39.85s
2025-11-11 14:50:49,501 [INFO] Sketch downloaded from drawings/drawing.png
2025-11-11 14:50:49,504 [INFO] Checking for text in sketch...
2025-11-11 14:50:49,660 [INFO] No text detected, proceeding with retrieval
2025-11-11 14:50:49,700 [INFO] Matched Island ID: 324 (similarity: 0.384)
2025-11-11 14:50:49,956 [INFO] Request: Island 324, Category 'nature'
2025-11-11 14:50:49,958 [INFO] Category: 'nature' → 'cherry' (RANDOM)
2025-11-11 14:50:49,960 [INFO] Using folder: original
2025-11-11 14:50:49,961 [INFO] Starting AI image generation...
2025-11-11 14:51:13,906 [INFO] Image uploaded to generated/latest_island.png
2025-11-11 14:51:13,943 [INFO] Firestore updated
2025-11-11 14:51:13,944 [INFO] TIMING | Generation: 22.41s | Total: 23.99s
2025-11-11 14:52:35,913 [INFO] Sketch downloaded from drawings/drawing.png
2025-11-11 14:52:35,915 [INFO] Checking for text in sketch...
2025-11-11 14:52:36,058 [WARNING] Text detected: ['M']
2025-11-11 14:54:25,297 [INFO] Sketch downloaded from drawings/drawing.png
2025-11-11 14:54:25,298 [INFO] Checking for text in sketch...
2025-11-11 14:54:25,426 [INFO] No text detected, proceeding with retrieval
2025-11-11 14:54:25,443 [INFO] Matched Island ID: 356 (similarity: 0.335)
2025-11-11 14:54:25,608 [INFO] Request: Island 356, Category 'nature'
2025-11-11 14:54:25,609 [INFO] Category: 'nature' → 'camellia' (RANDOM)
2025-11-11 14:54:25,611 [INFO] Using folder: original
2025-11-11 14:54:25,612 [INFO] Starting AI image generation...
2025-11-11 14:54:57,415 [INFO] Image uploaded to generated/latest_island.png
2025-11-11 14:54:57,453 [INFO] Firestore updated
2025-11-11 14:54:57,454 [INFO] TIMING | Generation: 30.21s | Total: 31.85s
2025-11-11 14:55:20,793 [INFO] Sketch downloaded from drawings/drawing.png
2025-11-11 14:55:20,795 [INFO] Checking for text in sketch...
2025-11-11 14:55:20,961 [INFO] No text detected, proceeding with retrieval
2025-11-11 14:55:20,982 [INFO] Matched Island ID: 44 (similarity: 0.207)
2025-11-11 14:55:21,078 [INFO] Request: Island 44, Category 'taste'
2025-11-11 14:55:21,080 [INFO] Category: 'taste' → 'fantasy' (RANDOM)
2025-11-11 14:55:21,081 [INFO] Using folder: original
2025-11-11 14:55:21,082 [INFO] Starting AI image generation...
2025-11-11 14:58:51,877 [INFO] Image uploaded to generated/latest_island.png
2025-11-11 14:58:51,919 [INFO] Firestore updated
2025-11-11 14:58:51,920 [INFO] TIMING | Generation: 209.20s | Total: 210.84s
2025-11-11 15:14:12,434 [INFO] Sketch downloaded from drawings/drawing.png
2025-11-11 15:14:12,435 [INFO] Checking for text in sketch...
2025-11-11 15:14:12,860 [INFO] No text detected, proceeding with retrieval
2025-11-11 15:14:12,878 [INFO] Matched Island ID: 325 (similarity: 0.310)
2025-11-11 15:14:12,994 [INFO] Request: Island 325, Category 'heritage'
2025-11-11 15:14:12,995 [INFO] Category: 'heritage' → 'baekja' (RANDOM)
2025-11-11 15:14:12,997 [INFO] Using folder: generated_sketches_all
2025-11-11 15:14:12,998 [INFO] Starting AI image generation...
2025-11-11 15:14:25,936 [INFO] Image uploaded to generated/latest_island.png
2025-11-11 15:14:26,031 [INFO] Firestore updated
2025-11-11 15:14:26,032 [INFO] TIMING | Generation: 12.08s | Total: 13.04s
2025-11-11 15:31:40,226 [INFO] Firebase initialized
2025-11-11 15:31:44,793 [INFO] IslandRetriever initialized (DB: generated_sketches_all)
2025-11-11 15:31:44,836 [INFO] ComfyUI initialized (workflows: ['autumn', 'baekja', 'camellia', 'canola', 'cherry', 'constellation', 'dansaekhwa', 'entertainment', 'fantasy', 'hydragea', 'jasu', 'kimhongdo', 'klimt', 'landscape', 'monet', 'origami', 'pollock', 'sinyunbok', 'sumuk', 'traditional', 'vangogh', 'wave', 'winter'])
2025-11-11 15:31:46,269 [INFO] OCR Client initialized
2025-11-11 15:31:46,272 [INFO] ==================================================
2025-11-11 15:31:46,273 [INFO] Flask AI Server Starting...
2025-11-11 15:31:46,274 [INFO] Storage Path: drawings/drawing.png
2025-11-11 15:31:46,275 [INFO] Port: 5000
2025-11-11 15:31:46,275 [INFO] ==================================================
2025-11-11 15:32:12,505 [INFO] Sketch downloaded from drawings/drawing.png
2025-11-11 15:32:12,507 [INFO] Checking for text in sketch...
2025-11-11 15:32:12,959 [INFO] No text detected, proceeding with retrieval
2025-11-11 15:32:12,976 [INFO] Matched Island ID: 361 (similarity: 0.324)
2025-11-11 15:32:13,138 [INFO] Request: Island 361, Category 'heritage'
2025-11-11 15:32:13,139 [INFO] Category: 'heritage' → 'baekja' (RANDOM)
2025-11-11 15:32:13,141 [INFO] Using folder: generated_sketches_all
2025-11-11 15:32:13,142 [INFO] Starting AI image generation...
2025-11-11 15:32:24,193 [INFO] Image uploaded to generated/latest_island.png
2025-11-11 15:32:24,328 [INFO] Firestore updated
2025-11-11 15:32:24,329 [INFO] TIMING | Generation: 10.08s | Total: 11.19s
2025-11-11 15:32:32,437 [INFO] Sketch downloaded from drawings/drawing.png
2025-11-11 15:32:32,438 [INFO] Checking for text in sketch...
2025-11-11 15:32:32,743 [INFO] No text detected, proceeding with retrieval
2025-11-11 15:32:32,979 [INFO] Matched Island ID: 355 (similarity: 0.459)
2025-11-11 15:32:33,182 [INFO] Request: Island 355, Category 'heritage'
2025-11-11 15:32:33,183 [INFO] Category: 'heritage' → 'traditional' (RANDOM)
2025-11-11 15:32:33,184 [INFO] Using folder: generated_sketches_all
2025-11-11 15:32:33,186 [INFO] Starting AI image generation...
2025-11-11 15:32:45,133 [INFO] Image uploaded to generated/latest_island.png
2025-11-11 15:32:45,179 [INFO] Firestore updated
2025-11-11 15:32:45,180 [INFO] TIMING | Generation: 10.09s | Total: 12.00s
2025-11-11 15:32:49,962 [INFO] Sketch downloaded from drawings/drawing.png
2025-11-11 15:32:49,963 [INFO] Checking for text in sketch...
2025-11-11 15:32:50,297 [INFO] No text detected, proceeding with retrieval
2025-11-11 15:32:50,311 [INFO] Matched Island ID: 91 (similarity: 0.343)
2025-11-11 15:32:50,478 [INFO] Request: Island 91, Category 'heritage'
2025-11-11 15:32:50,479 [INFO] Category: 'heritage' → 'baekja' (RANDOM)
2025-11-11 15:32:50,480 [INFO] Using folder: generated_sketches_all
2025-11-11 15:32:50,481 [INFO] Starting AI image generation...
2025-11-11 15:32:57,528 [INFO] Image uploaded to generated/latest_island.png
2025-11-11 15:32:57,570 [INFO] Firestore updated
2025-11-11 15:32:57,571 [INFO] TIMING | Generation: 6.06s | Total: 7.09s
2025-11-11 15:33:03,055 [INFO] Sketch downloaded from drawings/drawing.png
2025-11-11 15:33:03,056 [INFO] Checking for text in sketch...
2025-11-11 15:33:03,310 [INFO] No text detected, proceeding with retrieval
2025-11-11 15:33:03,323 [INFO] Matched Island ID: 175 (similarity: 0.275)
2025-11-11 15:33:03,473 [INFO] Request: Island 175, Category 'taste'
2025-11-11 15:33:03,475 [INFO] Category: 'taste' → 'wave' (RANDOM)
2025-11-11 15:33:03,476 [INFO] Using folder: original
2025-11-11 15:33:03,477 [INFO] Starting AI image generation...
2025-11-11 15:33:15,207 [INFO] Image uploaded to generated/latest_island.png
2025-11-11 15:33:15,239 [INFO] Firestore updated
2025-11-11 15:33:15,240 [INFO] TIMING | Generation: 10.09s | Total: 11.77s
2025-11-11 15:33:23,346 [INFO] Sketch downloaded from drawings/drawing.png
2025-11-11 15:33:23,347 [INFO] Checking for text in sketch...
2025-11-11 15:33:23,685 [INFO] No text detected, proceeding with retrieval
2025-11-11 15:33:23,699 [INFO] Matched Island ID: 65 (similarity: 0.253)
2025-11-11 15:33:23,844 [INFO] Request: Island 65, Category 'taste'
2025-11-11 15:33:23,845 [INFO] Category: 'taste' → 'constellation' (RANDOM)
2025-11-11 15:33:23,846 [INFO] Using folder: outline
2025-11-11 15:33:23,847 [INFO] Starting AI image generation...
2025-11-11 15:33:37,534 [INFO] Image uploaded to generated/latest_island.png
2025-11-11 15:33:37,584 [INFO] Firestore updated
2025-11-11 15:33:37,585 [INFO] TIMING | Generation: 12.08s | Total: 13.74s
2025-11-11 15:33:43,998 [INFO] Sketch downloaded from drawings/drawing.png
2025-11-11 15:33:43,999 [INFO] Checking for text in sketch...
2025-11-11 15:33:44,269 [INFO] No text detected, proceeding with retrieval
2025-11-11 15:33:44,283 [INFO] Matched Island ID: 114 (similarity: 0.383)
2025-11-11 15:33:44,445 [INFO] Request: Island 114, Category 'taste'
2025-11-11 15:33:44,446 [INFO] Category: 'taste' → 'fantasy' (RANDOM)
2025-11-11 15:33:44,447 [INFO] Using folder: original
2025-11-11 15:33:44,448 [INFO] Starting AI image generation...
2025-11-11 15:35:45,052 [ERROR] AI generation failed
2025-11-11 15:41:46,136 [INFO] Firebase initialized
2025-11-11 15:41:50,547 [INFO] IslandRetriever initialized (DB: generated_sketches_all)
2025-11-11 15:41:50,580 [INFO] ComfyUI initialized (workflows: ['autumn', 'baekja', 'camellia', 'canola', 'cherry', 'constellation', 'dansaekhwa', 'entertainment', 'fantasy', 'hydragea', 'jasu', 'kimhongdo', 'klimt', 'landscape', 'monet', 'origami', 'pollock', 'sinyunbok', 'sumuk', 'traditional', 'vangogh', 'wave', 'winter'])
2025-11-11 15:41:51,915 [INFO] OCR Client initialized
2025-11-11 15:41:51,917 [INFO] ==================================================
2025-11-11 15:41:51,918 [INFO] Flask AI Server Starting...
2025-11-11 15:41:51,919 [INFO] Storage Path: drawings/drawing.png
2025-11-11 15:41:51,920 [INFO] Port: 5000
2025-11-11 15:41:51,921 [INFO] ==================================================
2025-11-11 15:43:27,826 [INFO] Sketch downloaded from drawings/drawing.png
2025-11-11 15:43:27,828 [INFO] Checking for text in sketch...
2025-11-11 15:43:28,192 [INFO] No text detected, proceeding with retrieval
2025-11-11 15:43:28,210 [INFO] Matched Island ID: 38 (similarity: 0.234)
2025-11-11 15:43:28,327 [INFO] Request: Island 38, Category 'heritage'
2025-11-11 15:43:28,328 [INFO] Category: 'heritage' → 'jasu' (RANDOM)
2025-11-11 15:43:28,329 [INFO] Using folder: original
2025-11-11 15:43:28,330 [INFO] Starting AI image generation...
2025-11-11 15:45:28,948 [ERROR] AI generation failed
2025-11-11 16:11:08,261 [INFO] Sketch downloaded from drawings/drawing.png
2025-11-11 16:11:08,262 [INFO] Checking for text in sketch...
2025-11-11 16:11:08,525 [INFO] No text detected, proceeding with retrieval
2025-11-11 16:11:08,539 [INFO] Matched Island ID: 325 (similarity: 0.381)
2025-11-11 16:11:08,737 [INFO] Request: Island 325, Category 'heritage'
2025-11-11 16:11:08,738 [INFO] Category: 'heritage' → 'baekja' (RANDOM)
2025-11-11 16:11:08,739 [INFO] Using folder: generated_sketches_all
2025-11-11 16:11:08,740 [INFO] Starting AI image generation...
2025-11-11 16:11:21,687 [INFO] Image uploaded to generated/latest_island.png
2025-11-11 16:11:21,842 [INFO] Firestore updated
2025-11-11 16:11:21,844 [INFO] TIMING | Generation: 12.11s | Total: 13.11s
2025-11-11 16:11:45,151 [INFO] Firebase initialized
2025-11-11 16:11:49,585 [INFO] IslandRetriever initialized (DB: generated_sketches_all)
2025-11-11 16:11:49,617 [INFO] ComfyUI initialized (workflows: ['autumn', 'baekja', 'camellia', 'canola', 'cherry', 'constellation', 'dansaekhwa', 'entertainment', 'fantasy', 'hydragea', 'jasu', 'kimhongdo', 'klimt', 'landscape', 'monet', 'origami', 'pollock', 'sinyunbok', 'sumuk', 'traditional', 'vangogh', 'wave', 'winter'])
2025-11-11 16:11:50,970 [INFO] OCR Client initialized
2025-11-11 16:11:50,973 [INFO] ==================================================
2025-11-11 16:11:50,974 [INFO] Flask AI Server Starting...
2025-11-11 16:11:50,975 [INFO] Storage Path: drawings/drawing.png
2025-11-11 16:11:50,975 [INFO] Port: 5000
2025-11-11 16:11:50,976 [INFO] ==================================================
2025-11-11 16:11:53,488 [INFO] Sketch downloaded from drawings/drawing.png
2025-11-11 16:11:53,490 [INFO] Checking for text in sketch...
2025-11-11 16:11:53,736 [WARNING] Text detected: ['아']
2025-11-11 16:12:19,678 [INFO] Sketch downloaded from drawings/drawing.png
2025-11-11 16:12:19,680 [INFO] Checking for text in sketch...
2025-11-11 16:12:20,085 [INFO] No text detected, proceeding with retrieval
2025-11-11 16:12:20,101 [INFO] Matched Island ID: 16 (similarity: 0.305)
2025-11-11 16:12:20,193 [INFO] Request: Island 16, Category 'nature'
2025-11-11 16:12:20,195 [INFO] Category: 'nature' → 'autumn' (RANDOM)
2025-11-11 16:12:20,196 [INFO] Using folder: original
2025-11-11 16:12:20,197 [INFO] Starting AI image generation...
2025-11-11 16:12:35,897 [INFO] Image uploaded to generated/latest_island.png
2025-11-11 16:12:36,014 [INFO] Firestore updated
2025-11-11 16:12:36,015 [INFO] TIMING | Generation: 14.11s | Total: 15.82s
2025-11-11 16:12:55,011 [INFO] Sketch downloaded from drawings/drawing.png
2025-11-11 16:12:55,012 [INFO] Checking for text in sketch...
2025-11-11 16:12:55,278 [INFO] No text detected, proceeding with retrieval
2025-11-11 16:12:55,293 [INFO] Matched Island ID: 315 (similarity: 0.196)
2025-11-11 16:12:55,403 [INFO] Request: Island 315, Category 'taste'
2025-11-11 16:12:55,404 [INFO] Category: 'taste' → 'fantasy' (RANDOM)
2025-11-11 16:12:55,406 [INFO] Using folder: original
2025-11-11 16:12:55,407 [INFO] Starting AI image generation...
2025-11-11 16:14:32,075 [INFO] Firebase initialized
2025-11-11 16:14:36,462 [INFO] IslandRetriever initialized (DB: generated_sketches_all)
2025-11-11 16:14:36,493 [INFO] ComfyUI initialized (workflows: ['autumn', 'baekja', 'camellia', 'canola', 'cherry', 'constellation', 'dansaekhwa', 'entertainment', 'fantasy', 'hydragea', 'jasu', 'kimhongdo', 'klimt', 'landscape', 'monet', 'origami', 'pollock', 'sinyunbok', 'sumuk', 'traditional', 'vangogh', 'wave', 'winter'])
2025-11-11 16:14:37,845 [INFO] OCR Client initialized
2025-11-11 16:14:37,847 [INFO] ==================================================
2025-11-11 16:14:37,848 [INFO] Flask AI Server Starting...
2025-11-11 16:14:37,849 [INFO] Storage Path: drawings/drawing.png
2025-11-11 16:14:37,850 [INFO] Port: 5000
2025-11-11 16:14:37,851 [INFO] ==================================================
2025-11-11 16:14:55,512 [INFO] Sketch downloaded from drawings/drawing.png
2025-11-11 16:14:55,515 [INFO] Checking for text in sketch...
2025-11-11 16:14:56,270 [WARNING] Text detected: ['7리llo']
2025-11-11 16:15:15,660 [INFO] Sketch downloaded from drawings/drawing.png
2025-11-11 16:15:15,661 [INFO] Checking for text in sketch...
2025-11-11 16:15:16,024 [WARNING] Text detected: ['외=']
2025-11-11 16:15:31,227 [INFO] Sketch downloaded from drawings/drawing.png
2025-11-11 16:15:31,228 [INFO] Checking for text in sketch...
2025-11-11 16:15:31,626 [WARNING] Text detected: ['동진']
2025-11-11 16:15:53,773 [INFO] Sketch downloaded from drawings/drawing.png
2025-11-11 16:15:53,774 [INFO] Checking for text in sketch...
2025-11-11 16:15:54,013 [INFO] No text detected, proceeding with retrieval
2025-11-11 16:15:54,031 [INFO] Matched Island ID: 315 (similarity: 0.298)
2025-11-11 16:15:54,197 [INFO] Request: Island 315, Category 'nature'
2025-11-11 16:15:54,198 [INFO] Category: 'nature' → 'camellia' (RANDOM)
2025-11-11 16:15:54,200 [INFO] Using folder: original
2025-11-11 16:15:54,200 [INFO] Starting AI image generation...
2025-11-11 16:16:15,841 [INFO] Image uploaded to generated/latest_island.png
2025-11-11 16:16:15,965 [INFO] Firestore updated
2025-11-11 16:16:15,967 [INFO] TIMING | Generation: 20.13s | Total: 21.78s
2025-11-11 16:16:29,185 [INFO] Sketch downloaded from drawings/drawing.png
2025-11-11 16:16:29,187 [INFO] Checking for text in sketch...
2025-11-11 16:16:29,588 [INFO] No text detected, proceeding with retrieval
2025-11-11 16:16:29,602 [INFO] Matched Island ID: 222 (similarity: 0.252)
2025-11-11 16:16:29,726 [INFO] Request: Island 222, Category 'nature'
2025-11-11 16:16:29,727 [INFO] Category: 'nature' → 'canola' (RANDOM)
2025-11-11 16:16:29,729 [INFO] Using folder: original
2025-11-11 16:16:29,729 [INFO] Starting AI image generation...
2025-11-11 16:16:43,465 [INFO] Image uploaded to generated/latest_island.png
2025-11-11 16:16:43,518 [INFO] Firestore updated
2025-11-11 16:16:43,519 [INFO] TIMING | Generation: 12.13s | Total: 13.79s
2025-11-11 16:16:49,462 [INFO] Sketch downloaded from drawings/drawing.png
2025-11-11 16:16:49,464 [INFO] Checking for text in sketch...
2025-11-11 16:16:49,785 [INFO] No text detected, proceeding with retrieval
2025-11-11 16:16:49,799 [INFO] Matched Island ID: 315 (similarity: 0.374)
2025-11-11 16:16:49,894 [INFO] Request: Island 315, Category 'nature'
2025-11-11 16:16:49,895 [INFO] Category: 'nature' → 'hydragea' (RANDOM)
2025-11-11 16:16:49,896 [INFO] Using folder: original
2025-11-11 16:16:49,897 [INFO] Starting AI image generation...
2025-11-11 16:17:04,962 [INFO] Image uploaded to generated/latest_island.png
2025-11-11 16:17:04,994 [INFO] Firestore updated
2025-11-11 16:17:04,996 [INFO] TIMING | Generation: 14.12s | Total: 15.10s
2025-11-11 16:17:14,461 [INFO] Sketch downloaded from drawings/drawing.png
2025-11-11 16:17:14,462 [INFO] Checking for text in sketch...
2025-11-11 16:17:14,794 [WARNING] Text detected: ['동진']
2025-11-11 16:17:28,479 [INFO] Sketch downloaded from drawings/drawing.png
2025-11-11 16:17:28,480 [INFO] Checking for text in sketch...
2025-11-11 16:17:28,765 [INFO] No text detected, proceeding with retrieval
2025-11-11 16:17:28,779 [INFO] Matched Island ID: 6 (similarity: 0.288)
2025-11-11 16:17:28,914 [INFO] Request: Island 6, Category 'nature'
2025-11-11 16:17:28,915 [INFO] Category: 'nature' → 'winter' (RANDOM)
2025-11-11 16:17:28,916 [INFO] Using folder: original
2025-11-11 16:17:28,917 [INFO] Starting AI image generation...
2025-11-11 16:17:44,639 [INFO] Image uploaded to generated/latest_island.png
2025-11-11 16:17:44,684 [INFO] Firestore updated
2025-11-11 16:17:44,685 [INFO] TIMING | Generation: 14.11s | Total: 15.77s
2025-11-11 16:17:56,167 [INFO] Sketch downloaded from drawings/drawing.png
2025-11-11 16:17:56,168 [INFO] Checking for text in sketch...
2025-11-11 16:17:56,581 [WARNING] Text detected: ['그']
2025-11-11 16:18:42,855 [INFO] Sketch downloaded from drawings/drawing.png
2025-11-11 16:18:42,856 [INFO] Checking for text in sketch...
2025-11-11 16:18:43,156 [WARNING] Text detected: ['각1']
2025-11-11 16:18:53,058 [INFO] Sketch downloaded from drawings/drawing.png
2025-11-11 16:18:53,059 [INFO] Checking for text in sketch...
2025-11-11 16:18:53,361 [WARNING] Text detected: ['각1']
2025-11-11 16:18:58,276 [INFO] Sketch downloaded from drawings/drawing.png
2025-11-11 16:18:58,277 [INFO] Checking for text in sketch...
2025-11-11 16:18:58,521 [INFO] No text detected, proceeding with retrieval
2025-11-11 16:18:58,536 [INFO] Matched Island ID: 1 (similarity: 0.344)
2025-11-11 16:18:58,718 [INFO] Request: Island 1, Category 'nature'
2025-11-11 16:18:58,719 [INFO] Category: 'nature' → 'winter' (RANDOM)
2025-11-11 16:18:58,720 [INFO] Using folder: original
2025-11-11 16:18:58,721 [INFO] Starting AI image generation...
2025-11-11 16:19:10,471 [INFO] Image uploaded to generated/latest_island.png
2025-11-11 16:19:10,569 [INFO] Firestore updated
2025-11-11 16:19:10,571 [INFO] TIMING | Generation: 10.11s | Total: 11.86s
2025-11-11 16:19:36,415 [INFO] Sketch downloaded from drawings/drawing.png
2025-11-11 16:19:36,416 [INFO] Checking for text in sketch...
2025-11-11 16:19:36,743 [WARNING] Text detected: ['H2CT', 'LAB']
2025-11-11 16:20:41,733 [INFO] Sketch downloaded from drawings/drawing.png
2025-11-11 16:20:41,735 [INFO] Checking for text in sketch...
2025-11-11 16:20:42,061 [INFO] No text detected, proceeding with retrieval
2025-11-11 16:20:42,075 [INFO] Matched Island ID: 222 (similarity: 0.282)
2025-11-11 16:20:42,279 [INFO] Request: Island 222, Category 'nature'
2025-11-11 16:20:42,280 [INFO] Category: 'nature' → 'camellia' (RANDOM)
2025-11-11 16:20:42,281 [INFO] Using folder: original
2025-11-11 16:20:42,282 [INFO] Starting AI image generation...
2025-11-11 16:20:59,960 [INFO] Image uploaded to generated/latest_island.png
2025-11-11 16:21:00,023 [INFO] Firestore updated
2025-11-11 16:21:00,025 [INFO] TIMING | Generation: 16.16s | Total: 17.75s
2025-11-11 16:21:25,167 [INFO] Sketch downloaded from drawings/drawing.png
2025-11-11 16:21:25,169 [INFO] Checking for text in sketch...
2025-11-11 16:21:25,498 [INFO] No text detected, proceeding with retrieval
2025-11-11 16:21:25,512 [INFO] Matched Island ID: 201 (similarity: 0.277)
2025-11-11 16:21:25,670 [INFO] Request: Island 201, Category 'nature'
2025-11-11 16:21:25,671 [INFO] Category: 'nature' → 'camellia' (RANDOM)
2025-11-11 16:21:25,672 [INFO] Using folder: original
2025-11-11 16:21:25,673 [INFO] Starting AI image generation...
2025-11-11 16:21:41,374 [INFO] Image uploaded to generated/latest_island.png
2025-11-11 16:21:41,435 [INFO] Firestore updated
2025-11-11 16:21:41,436 [INFO] TIMING | Generation: 14.12s | Total: 15.77s
2025-11-11 16:22:18,080 [INFO] Sketch downloaded from drawings/drawing.png
2025-11-11 16:22:18,082 [INFO] Checking for text in sketch...
2025-11-11 16:22:18,466 [INFO] No text detected, proceeding with retrieval
2025-11-11 16:22:18,479 [INFO] Matched Island ID: 4 (similarity: 0.342)
2025-11-11 16:22:18,590 [INFO] Request: Island 4, Category 'nature'
2025-11-11 16:22:18,592 [INFO] Category: 'nature' → 'canola' (RANDOM)
2025-11-11 16:22:18,593 [INFO] Using folder: original
2025-11-11 16:22:18,594 [INFO] Starting AI image generation...
2025-11-11 16:22:32,208 [INFO] Image uploaded to generated/latest_island.png
2025-11-11 16:22:32,254 [INFO] Firestore updated
2025-11-11 16:22:32,255 [INFO] TIMING | Generation: 12.08s | Total: 13.67s
2025-11-11 16:23:21,155 [INFO] Sketch downloaded from drawings/drawing.png
2025-11-11 16:23:21,156 [INFO] Checking for text in sketch...
2025-11-11 16:23:21,462 [WARNING] Text detected: ['전Y대하고']
2025-11-11 16:23:53,879 [INFO] Sketch downloaded from drawings/drawing.png
2025-11-11 16:23:53,881 [INFO] Checking for text in sketch...
2025-11-11 16:23:54,230 [INFO] No text detected, proceeding with retrieval
2025-11-11 16:23:54,244 [INFO] Matched Island ID: 193 (similarity: 0.367)
2025-11-11 16:23:54,338 [INFO] Request: Island 193, Category 'nature'
2025-11-11 16:23:54,339 [INFO] Category: 'nature' → 'camellia' (RANDOM)
2025-11-11 16:23:54,341 [INFO] Using folder: original
2025-11-11 16:23:54,342 [INFO] Starting AI image generation...
2025-11-11 16:24:10,189 [INFO] Image uploaded to generated/latest_island.png
2025-11-11 16:24:10,234 [INFO] Firestore updated
2025-11-11 16:24:10,235 [INFO] TIMING | Generation: 14.11s | Total: 15.90s
2025-11-11 16:25:02,379 [INFO] Firebase initialized
2025-11-11 16:25:06,610 [INFO] IslandRetriever initialized (DB: generated_sketches_all)
2025-11-11 16:25:06,638 [INFO] ComfyUI initialized (workflows: ['autumn', 'baekja', 'camellia', 'canola', 'cherry', 'constellation', 'dansaekhwa', 'entertainment', 'fantasy', 'hydragea', 'jasu', 'kimhongdo', 'klimt', 'landscape', 'monet', 'origami', 'pollock', 'sinyunbok', 'sumuk', 'traditional', 'vangogh', 'wave', 'winter'])
2025-11-11 16:25:08,051 [INFO] OCR Client initialized
2025-11-11 16:25:08,053 [INFO] ==================================================
2025-11-11 16:25:08,054 [INFO] Flask AI Server Starting...
2025-11-11 16:25:08,056 [INFO] Storage Path: drawings/drawing.png
2025-11-11 16:25:08,056 [INFO] Port: 5000
2025-11-11 16:25:08,057 [INFO] ==================================================
2025-11-11 16:25:16,832 [INFO] Sketch downloaded from drawings/drawing.png
2025-11-11 16:25:16,834 [INFO] Checking for text in sketch...
2025-11-11 16:25:17,100 [INFO] No text detected, proceeding with retrieval
2025-11-11 16:25:17,120 [INFO] Matched Island ID: 169 (similarity: 0.252)
2025-11-11 16:25:17,309 [INFO] Request: Island 169, Category 'nature'
2025-11-11 16:25:17,310 [INFO] Category: 'nature' → 'hydragea' (RANDOM)
2025-11-11 16:25:17,311 [INFO] Using folder: original
2025-11-11 16:25:17,312 [INFO] Starting AI image generation...
2025-11-11 16:25:52,412 [INFO] Image uploaded to generated/latest_island.png
2025-11-11 16:25:52,521 [INFO] Firestore updated
2025-11-11 16:25:52,523 [INFO] TIMING | Generation: 34.23s | Total: 35.22s
2025-11-11 16:28:53,093 [INFO] Sketch downloaded from drawings/drawing.png
2025-11-11 16:28:53,094 [INFO] Checking for text in sketch...
2025-11-11 16:28:53,259 [INFO] No text detected, proceeding with retrieval
2025-11-11 16:28:53,278 [INFO] Matched Island ID: 60 (similarity: 0.330)
2025-11-11 16:28:53,456 [INFO] Request: Island 60, Category 'nature'
2025-11-11 16:28:53,458 [INFO] Category: 'nature' → 'winter' (RANDOM)
2025-11-11 16:28:53,459 [INFO] Using folder: original
2025-11-11 16:28:53,460 [INFO] Starting AI image generation...
2025-11-11 16:29:19,288 [INFO] Image uploaded to generated/latest_island.png
2025-11-11 16:29:19,352 [INFO] Firestore updated
2025-11-11 16:29:19,354 [INFO] TIMING | Generation: 24.23s | Total: 25.90s
2025-11-11 16:30:25,462 [INFO] Sketch downloaded from drawings/drawing.png
2025-11-11 16:30:25,463 [INFO] Checking for text in sketch...
2025-11-11 16:30:25,620 [INFO] No text detected, proceeding with retrieval
2025-11-11 16:30:25,638 [INFO] Matched Island ID: 16 (similarity: 0.303)
2025-11-11 16:30:25,808 [INFO] Request: Island 16, Category 'nature'
2025-11-11 16:30:25,809 [INFO] Category: 'nature' → 'winter' (RANDOM)
2025-11-11 16:30:25,811 [INFO] Using folder: original
2025-11-11 16:30:25,812 [INFO] Starting AI image generation...
2025-11-11 16:30:47,867 [INFO] Image uploaded to generated/latest_island.png
2025-11-11 16:30:47,931 [INFO] Firestore updated
2025-11-11 16:30:47,932 [INFO] TIMING | Generation: 20.36s | Total: 22.13s
2025-11-11 16:31:54,594 [INFO] Sketch downloaded from drawings/drawing.png
2025-11-11 16:31:54,595 [INFO] Checking for text in sketch...
2025-11-11 16:31:54,917 [INFO] No text detected, proceeding with retrieval
2025-11-11 16:31:54,930 [INFO] Matched Island ID: 325 (similarity: 0.287)
2025-11-11 16:31:55,094 [INFO] Request: Island 325, Category 'nature'
2025-11-11 16:31:55,096 [INFO] Category: 'nature' → 'hydragea' (RANDOM)
2025-11-11 16:31:55,097 [INFO] Using folder: original
2025-11-11 16:31:55,098 [INFO] Starting AI image generation...
2025-11-11 16:32:20,125 [INFO] Image uploaded to generated/latest_island.png
2025-11-11 16:32:20,182 [INFO] Firestore updated
2025-11-11 16:32:20,183 [INFO] TIMING | Generation: 24.18s | Total: 25.09s
2025-11-11 16:43:51,030 [INFO] Sketch downloaded from drawings/drawing.png
2025-11-11 16:43:51,031 [INFO] Checking for text in sketch...
2025-11-11 16:43:51,157 [INFO] No text detected, proceeding with retrieval
2025-11-11 16:43:51,178 [INFO] Matched Island ID: 324 (similarity: 0.458)
2025-11-11 16:43:51,277 [INFO] Request: Island 324, Category 'nature'
2025-11-11 16:43:51,278 [INFO] Category: 'nature' → 'hydragea' (RANDOM)
2025-11-11 16:43:51,279 [INFO] Using folder: original
2025-11-11 16:43:51,280 [INFO] Starting AI image generation...
2025-11-11 16:44:32,578 [INFO] Image uploaded to generated/latest_island.png
2025-11-11 16:44:32,686 [INFO] Firestore updated
2025-11-11 16:44:32,688 [INFO] TIMING | Generation: 40.28s | Total: 41.41s
2025-11-11 16:55:05,184 [INFO] Request: Island 13, Category 'wave'
2025-11-11 16:55:05,186 [INFO] Category: 'wave' → 'wave' (SPECIFIED)
2025-11-11 16:55:05,188 [INFO] Using folder: original
2025-11-11 16:55:05,189 [INFO] Starting AI image generation...
2025-11-11 16:55:35,211 [INFO] Image uploaded to generated/latest_island.png
2025-11-11 16:55:35,356 [INFO] Firestore updated
2025-11-11 16:55:35,357 [INFO] TIMING | Generation: 28.39s | Total: 30.17s
2025-11-11 17:02:44,562 [INFO] Request: Island 2, Category 'jasu'
2025-11-11 17:02:44,564 [INFO] Category: 'jasu' → 'jasu' (SPECIFIED)
2025-11-11 17:02:44,566 [INFO] Using folder: original
2025-11-11 17:02:44,567 [INFO] Starting AI image generation...
2025-11-11 17:04:45,474 [ERROR] AI generation failed
2025-11-11 17:05:45,522 [INFO] Request: Island 2, Category 'jasu'
2025-11-11 17:05:45,524 [INFO] Category: 'jasu' → 'jasu' (SPECIFIED)
2025-11-11 17:05:45,526 [INFO] Using folder: original
2025-11-11 17:05:45,527 [INFO] Starting AI image generation...
2025-11-11 17:08:05,155 [INFO] Firebase initialized
2025-11-11 17:08:11,177 [INFO] IslandRetriever initialized (DB: generated_sketches_all)
2025-11-11 17:08:11,212 [INFO] ComfyUI initialized (workflows: ['autumn', 'baekja', 'camellia', 'canola', 'cherry', 'constellation', 'dansaekhwa', 'entertainment', 'fantasy', 'hydragea', 'jasu', 'kimhongdo', 'klimt', 'landscape', 'monet', 'origami', 'pollock', 'sinyunbok', 'sumuk', 'traditional', 'vangogh', 'wave', 'winter'])
2025-11-11 17:08:13,307 [INFO] OCR Client initialized
2025-11-11 17:08:13,309 [INFO] ==================================================
2025-11-11 17:08:13,310 [INFO] Flask AI Server Starting...
2025-11-11 17:08:13,311 [INFO] Storage Path: drawings/drawing.png
2025-11-11 17:08:13,312 [INFO] Port: 5000
2025-11-11 17:08:13,313 [INFO] ==================================================
2025-11-11 17:09:08,822 [INFO] Request: Island 2, Category 'wave'
2025-11-11 17:09:08,823 [INFO] Category: 'wave' → 'wave' (SPECIFIED)
2025-11-11 17:09:08,826 [INFO] Using folder: original
2025-11-11 17:09:08,827 [INFO] Starting AI image generation...
2025-11-11 17:09:44,901 [INFO] Image uploaded to generated/latest_island.png
2025-11-11 17:09:45,073 [INFO] Firestore updated
2025-11-11 17:09:45,074 [INFO] TIMING | Generation: 34.23s | Total: 36.25s
2025-11-11 17:10:02,265 [INFO] Request: Island 2, Category 'jasu'
2025-11-11 17:10:02,266 [INFO] Category: 'jasu' → 'jasu' (SPECIFIED)
2025-11-11 17:10:02,268 [INFO] Using folder: original
2025-11-11 17:10:02,269 [INFO] Starting AI image generation...
2025-11-11 17:12:03,029 [ERROR] AI generation failed
2025-11-11 17:12:18,269 [INFO] Request: Island 2, Category 'wave'
2025-11-11 17:12:18,271 [INFO] Category: 'wave' → 'wave' (SPECIFIED)
2025-11-11 17:12:18,272 [INFO] Using folder: original
2025-11-11 17:12:18,273 [INFO] Starting AI image generation...
2025-11-11 17:13:14,104 [INFO] Image uploaded to generated/latest_island.png
2025-11-11 17:13:14,201 [INFO] Firestore updated
2025-11-11 17:13:14,203 [INFO] TIMING | Generation: 54.36s | Total: 55.94s
2025-11-11 17:23:34,599 [INFO] Request: Island 2, Category 'baekja'
2025-11-11 17:23:34,600 [INFO] Category: 'baekja' → 'baekja' (SPECIFIED)
2025-11-11 17:23:34,602 [INFO] Using folder: generated_sketches_all
2025-11-11 17:23:34,603 [INFO] Starting AI image generation...
2025-11-11 17:23:47,592 [INFO] Image uploaded to generated/latest_island.png
2025-11-11 17:23:47,738 [INFO] Firestore updated
2025-11-11 17:23:47,740 [INFO] TIMING | Generation: 12.10s | Total: 13.14s
2025-11-11 17:24:39,924 [INFO] Request: Island 2, Category 'baekja'
2025-11-11 17:24:39,925 [INFO] Category: 'baekja' → 'baekja' (SPECIFIED)
2025-11-11 17:24:39,927 [INFO] Using folder: generated_sketches_all
2025-11-11 17:24:39,928 [INFO] Starting AI image generation...
2025-11-11 17:24:50,996 [INFO] Image uploaded to generated/latest_island.png
2025-11-11 17:24:51,090 [INFO] Firestore updated
2025-11-11 17:24:51,091 [INFO] TIMING | Generation: 10.08s | Total: 11.17s
2025-11-11 17:25:21,331 [INFO] Request: Island 2, Category 'baekja'
2025-11-11 17:25:21,332 [INFO] Category: 'baekja' → 'baekja' (SPECIFIED)
2025-11-11 17:25:21,334 [INFO] Using folder: generated_sketches_all
2025-11-11 17:25:21,335 [INFO] Starting AI image generation...
2025-11-11 17:25:34,325 [INFO] Image uploaded to generated/latest_island.png
2025-11-11 17:25:34,418 [INFO] Firestore updated
2025-11-11 17:25:34,419 [INFO] TIMING | Generation: 12.09s | Total: 13.09s
2025-11-11 17:30:05,826 [INFO] Request: Island 2, Category 'baekja'
2025-11-11 17:30:05,827 [INFO] Category: 'baekja' → 'baekja' (SPECIFIED)
2025-11-11 17:30:05,830 [INFO] Using folder: generated_sketches_all
2025-11-11 17:30:05,831 [INFO] Starting AI image generation...
2025-11-11 17:30:18,825 [INFO] Image uploaded to generated/latest_island.png
2025-11-11 17:30:18,968 [INFO] Firestore updated
2025-11-11 17:30:18,969 [INFO] TIMING | Generation: 12.09s | Total: 13.14s
2025-11-11 17:31:38,301 [INFO] Request: Island 2, Category 'baekja'
2025-11-11 17:31:38,302 [INFO] Category: 'baekja' → 'baekja' (SPECIFIED)
2025-11-11 17:31:38,305 [INFO] Using folder: generated_sketches_all
2025-11-11 17:31:38,306 [INFO] Starting AI image generation...
2025-11-11 17:31:51,478 [INFO] Image uploaded to generated/latest_island.png
2025-11-11 17:31:51,574 [INFO] Firestore updated
2025-11-11 17:31:51,576 [INFO] TIMING | Generation: 12.10s | Total: 13.28s
2025-11-11 17:40:50,882 [INFO] Request: Island 2, Category 'baekja'
2025-11-11 17:40:50,884 [INFO] Category: 'baekja' → 'baekja' (SPECIFIED)
2025-11-11 17:40:50,886 [INFO] Using folder: generated_sketches_all
2025-11-11 17:40:50,887 [INFO] Starting AI image generation...
2025-11-11 17:41:03,899 [INFO] Image uploaded to generated/latest_island.png
2025-11-11 17:41:04,053 [INFO] Firestore updated
2025-11-11 17:41:04,054 [INFO] TIMING | Generation: 12.09s | Total: 13.17s
2025-11-11 17:42:39,401 [INFO] Request: Island 2, Category 'baekja'
2025-11-11 17:42:39,402 [INFO] Category: 'baekja' → 'baekja' (SPECIFIED)
2025-11-11 17:42:39,404 [INFO] Using folder: generated_sketches_all
2025-11-11 17:42:39,405 [INFO] Starting AI image generation...
2025-11-11 17:42:52,499 [INFO] Image uploaded to generated/latest_island.png
2025-11-11 17:42:52,596 [INFO] Firestore updated
2025-11-11 17:42:52,598 [INFO] TIMING | Generation: 12.09s | Total: 13.20s
2025-11-11 17:43:02,033 [INFO] Request: Island 2, Category 'baekja'
2025-11-11 17:43:02,035 [INFO] Category: 'baekja' → 'baekja' (SPECIFIED)
2025-11-11 17:43:02,037 [INFO] Using folder: generated_sketches_all
2025-11-11 17:43:02,038 [INFO] Starting AI image generation...
2025-11-11 17:43:15,144 [INFO] Image uploaded to generated/latest_island.png
2025-11-11 17:43:15,274 [INFO] Firestore updated
2025-11-11 17:43:15,275 [INFO] TIMING | Generation: 12.11s | Total: 13.24s
2025-11-11 17:43:40,058 [INFO] Request: Island 2, Category 'baekja'
2025-11-11 17:43:40,060 [INFO] Category: 'baekja' → 'baekja' (SPECIFIED)
2025-11-11 17:43:40,062 [INFO] Using folder: generated_sketches_all
2025-11-11 17:43:40,063 [INFO] Starting AI image generation...
2025-11-11 17:43:53,066 [INFO] Image uploaded to generated/latest_island.png
2025-11-11 17:43:53,216 [INFO] Firestore updated
2025-11-11 17:43:53,218 [INFO] TIMING | Generation: 12.12s | Total: 13.16s
2025-11-11 17:46:01,708 [INFO] Request: Island 2, Category 'baekja'
2025-11-11 17:46:01,709 [INFO] Category: 'baekja' → 'baekja' (SPECIFIED)
2025-11-11 17:46:01,712 [INFO] Using folder: generated_sketches_all
2025-11-11 17:46:01,714 [INFO] Starting AI image generation...
2025-11-11 17:46:14,786 [INFO] Image uploaded to generated/latest_island.png
2025-11-11 17:46:14,880 [INFO] Firestore updated
2025-11-11 17:46:14,882 [INFO] TIMING | Generation: 12.10s | Total: 13.17s
2025-11-11 17:48:08,777 [INFO] Request: Island 2, Category 'baekja'
2025-11-11 17:48:08,778 [INFO] Category: 'baekja' → 'baekja' (SPECIFIED)
2025-11-11 17:48:08,780 [INFO] Using folder: generated_sketches_all
2025-11-11 17:48:08,782 [INFO] Starting AI image generation...
2025-11-11 17:48:21,817 [INFO] Image uploaded to generated/latest_island.png
2025-11-11 17:48:21,931 [INFO] Firestore updated
2025-11-11 17:48:21,932 [INFO] TIMING | Generation: 12.10s | Total: 13.16s
2025-11-11 17:50:56,771 [INFO] Request: Island 2, Category 'baekja'
2025-11-11 17:50:56,773 [INFO] Category: 'baekja' → 'baekja' (SPECIFIED)
2025-11-11 17:50:56,775 [INFO] Using folder: generated_sketches_all
2025-11-11 17:50:56,776 [INFO] Starting AI image generation...
2025-11-11 17:51:09,866 [INFO] Image uploaded to generated/latest_island.png
2025-11-11 17:51:09,955 [INFO] Firestore updated
2025-11-11 17:51:09,957 [INFO] TIMING | Generation: 12.11s | Total: 13.19s
2025-11-11 17:52:04,454 [INFO] Request: Island 2, Category 'baekja'
2025-11-11 17:52:04,455 [INFO] Category: 'baekja' → 'baekja' (SPECIFIED)
2025-11-11 17:52:04,457 [INFO] Using folder: generated_sketches_all
2025-11-11 17:52:04,458 [INFO] Starting AI image generation...
2025-11-11 17:52:15,701 [INFO] Image uploaded to generated/latest_island.png
2025-11-11 17:52:15,795 [INFO] Firestore updated
2025-11-11 17:52:15,797 [INFO] TIMING | Generation: 10.27s | Total: 11.34s
2025-11-11 17:53:34,162 [INFO] Request: Island 2, Category 'baekja'
2025-11-11 17:53:34,164 [INFO] Category: 'baekja' → 'baekja' (SPECIFIED)
2025-11-11 17:53:34,166 [INFO] Using folder: generated_sketches_all
2025-11-11 17:53:34,167 [INFO] Starting AI image generation...
2025-11-11 17:53:47,187 [INFO] Image uploaded to generated/latest_island.png
2025-11-11 17:53:47,271 [INFO] Firestore updated
2025-11-11 17:53:47,272 [INFO] TIMING | Generation: 12.09s | Total: 13.11s
2025-11-12 09:24:23,234 [INFO] Firebase initialized
2025-11-12 09:24:29,152 [INFO] IslandRetriever initialized (DB: generated_sketches_all)
2025-11-12 09:24:29,177 [INFO] ComfyUI initialized (workflows: ['autumn', 'baekja', 'camellia', 'canola', 'cherry', 'constellation', 'dansaekhwa', 'entertainment', 'fantasy', 'hydragea', 'jasu', 'kimhongdo', 'klimt', 'landscape', 'monet', 'origami', 'pollock', 'sinyunbok', 'sumuk', 'traditional', 'vangogh', 'wave', 'winter'])
2025-11-12 09:24:31,192 [INFO] OCR Client initialized
2025-11-12 09:24:31,194 [INFO] ==================================================
2025-11-12 09:24:31,195 [INFO] Flask AI Server Starting...
2025-11-12 09:24:31,196 [INFO] Storage Path: drawings/drawing.png
2025-11-12 09:24:31,197 [INFO] Port: 5000
2025-11-12 09:24:31,198 [INFO] ==================================================
2025-11-12 09:24:45,268 [INFO] Request: Island 2, Category 'traditional'
2025-11-12 09:24:45,337 [INFO] Category: 'traditional' → 'traditional' (SPECIFIED)
2025-11-12 09:24:45,367 [INFO] Using folder: generated_sketches_all
2025-11-12 09:24:45,397 [INFO] Starting AI image generation...
2025-11-12 09:24:47,467 [ERROR] AI generation failed
2025-11-12 09:25:01,831 [INFO] Request: Island 2, Category 'traditional'
2025-11-12 09:25:01,832 [INFO] Category: 'traditional' → 'traditional' (SPECIFIED)
2025-11-12 09:25:01,835 [INFO] Using folder: generated_sketches_all
2025-11-12 09:25:01,836 [INFO] Starting AI image generation...
2025-11-12 09:25:21,850 [INFO] Image uploaded to generated/latest_island.png
2025-11-12 09:25:22,059 [INFO] Firestore updated
2025-11-12 09:25:22,061 [INFO] TIMING | Generation: 18.14s | Total: 20.23s
2025-11-12 09:25:47,773 [INFO] Request: Island 2, Category 'traditional'
2025-11-12 09:25:47,775 [INFO] Category: 'traditional' → 'traditional' (SPECIFIED)
2025-11-12 09:25:47,777 [INFO] Using folder: generated_sketches_all
2025-11-12 09:25:47,779 [INFO] Starting AI image generation...
2025-11-12 09:26:07,465 [INFO] Image uploaded to generated/latest_island.png
2025-11-12 09:26:07,560 [INFO] Firestore updated
2025-11-12 09:26:07,561 [INFO] TIMING | Generation: 18.14s | Total: 19.81s
2025-11-12 09:27:35,361 [INFO] Request: Island 2, Category 'jage'
2025-11-12 09:27:35,362 [INFO] Category: 'jage' → 'jage' (UNKNOWN)
2025-11-12 09:27:35,364 [INFO] Using folder: original
2025-11-12 09:27:35,365 [INFO] Starting AI image generation...
2025-11-12 09:27:35,371 [ERROR] AI generation failed
2025-11-12 09:27:55,395 [INFO] Request: Island 2, Category 'traditional'
2025-11-12 09:27:55,397 [INFO] Category: 'traditional' → 'traditional' (SPECIFIED)
2025-11-12 09:27:55,399 [INFO] Using folder: generated_sketches_all
2025-11-12 09:27:55,401 [INFO] Starting AI image generation...
2025-11-12 09:28:15,123 [INFO] Image uploaded to generated/latest_island.png
2025-11-12 09:28:15,209 [INFO] Firestore updated
2025-11-12 09:28:15,211 [INFO] TIMING | Generation: 18.17s | Total: 19.82s
2025-11-12 09:31:23,666 [INFO] Request: Island 2, Category 'traditional'
2025-11-12 09:31:23,668 [INFO] Category: 'traditional' → 'traditional' (SPECIFIED)
2025-11-12 09:31:23,670 [INFO] Using folder: generated_sketches_all
2025-11-12 09:31:23,671 [INFO] Starting AI image generation...
2025-11-12 09:31:43,468 [INFO] Image uploaded to generated/latest_island.png
2025-11-12 09:31:43,563 [INFO] Firestore updated
2025-11-12 09:31:43,565 [INFO] TIMING | Generation: 18.15s | Total: 19.90s
2025-11-12 09:33:21,871 [INFO] Request: Island 2, Category 'traditional'
2025-11-12 09:33:21,872 [INFO] Category: 'traditional' → 'traditional' (SPECIFIED)
2025-11-12 09:33:21,874 [INFO] Using folder: generated_sketches_all
2025-11-12 09:33:21,876 [INFO] Starting AI image generation...
2025-11-12 09:33:41,536 [INFO] Image uploaded to generated/latest_island.png
2025-11-12 09:33:41,627 [INFO] Firestore updated
2025-11-12 09:33:41,629 [INFO] TIMING | Generation: 18.14s | Total: 19.76s
2025-11-12 09:34:23,626 [INFO] Request: Island 25, Category 'winter'
2025-11-12 09:34:23,628 [INFO] Category: 'winter' → 'winter' (SPECIFIED)
2025-11-12 09:34:23,629 [INFO] Using folder: original
2025-11-12 09:34:23,631 [INFO] Starting AI image generation...
2025-11-12 09:34:57,409 [INFO] Image uploaded to generated/latest_island.png
2025-11-12 09:34:57,486 [INFO] Firestore updated
2025-11-12 09:34:57,487 [INFO] TIMING | Generation: 32.21s | Total: 33.86s
2025-11-12 09:35:45,828 [INFO] Request: Island 25, Category 'winter'
2025-11-12 09:35:45,829 [INFO] Category: 'winter' → 'winter' (SPECIFIED)
2025-11-12 09:35:45,831 [INFO] Using folder: original
2025-11-12 09:35:45,832 [INFO] Starting AI image generation...
2025-11-12 09:36:09,538 [INFO] Image uploaded to generated/latest_island.png
2025-11-12 09:36:09,628 [INFO] Firestore updated
2025-11-12 09:36:09,629 [INFO] TIMING | Generation: 22.15s | Total: 23.80s
2025-11-12 09:37:48,381 [INFO] Request: Island 25, Category 'winter'
2025-11-12 09:37:48,383 [INFO] Category: 'winter' → 'winter' (SPECIFIED)
2025-11-12 09:37:48,385 [INFO] Using folder: original
2025-11-12 09:37:48,386 [INFO] Starting AI image generation...
2025-11-12 09:38:10,043 [INFO] Image uploaded to generated/latest_island.png
2025-11-12 09:38:10,140 [INFO] Firestore updated
2025-11-12 09:38:10,141 [INFO] TIMING | Generation: 20.14s | Total: 21.76s
2025-11-12 09:39:02,066 [INFO] Request: Island 25, Category 'winter'
2025-11-12 09:39:02,068 [INFO] Category: 'winter' → 'winter' (SPECIFIED)
2025-11-12 09:39:02,070 [INFO] Using folder: original
2025-11-12 09:39:02,071 [INFO] Starting AI image generation...
2025-11-12 09:39:21,864 [INFO] Image uploaded to generated/latest_island.png
2025-11-12 09:39:21,959 [INFO] Firestore updated
2025-11-12 09:39:21,961 [INFO] TIMING | Generation: 18.31s | Total: 19.90s
2025-11-12 09:40:12,055 [INFO] Request: Island 25, Category 'winter'
2025-11-12 09:40:12,056 [INFO] Category: 'winter' → 'winter' (SPECIFIED)
2025-11-12 09:40:12,058 [INFO] Using folder: original
2025-11-12 09:40:12,059 [INFO] Starting AI image generation...
2025-11-12 09:40:35,857 [INFO] Image uploaded to generated/latest_island.png
2025-11-12 09:40:35,940 [INFO] Firestore updated
2025-11-12 09:40:35,942 [INFO] TIMING | Generation: 22.21s | Total: 23.89s
2025-11-13 12:04:28,625 [INFO] Firebase initialized
2025-11-13 12:04:33,257 [INFO] IslandRetriever initialized (DB: generated_sketches_all)
2025-11-13 12:04:33,283 [INFO] ComfyUI initialized (workflows: ['autumn', 'baekja', 'camellia', 'canola', 'cherry', 'constellation', 'dansaekhwa', 'entertainment', 'fantasy', 'hydragea', 'jasu', 'kimhongdo', 'klimt', 'landscape', 'monet', 'origami', 'pollock', 'sinyunbok', 'sumuk', 'traditional', 'vangogh', 'wave', 'winter'])
2025-11-13 12:04:34,693 [INFO] OCR Client initialized
2025-11-13 12:04:34,695 [INFO] ==================================================
2025-11-13 12:04:34,696 [INFO] Flask AI Server Starting...
2025-11-13 12:04:34,697 [INFO] Storage Path: drawings/drawing.png
2025-11-13 12:04:34,698 [INFO] Port: 5000
2025-11-13 12:04:34,699 [INFO] ==================================================
2025-11-13 12:12:14,286 [INFO] Firebase initialized
2025-11-13 12:12:18,274 [INFO] IslandRetriever initialized (DB: generated_sketches_all)
2025-11-13 12:12:18,296 [INFO] ComfyUI initialized (workflows: ['autumn', 'baekja', 'camellia', 'canola', 'cherry', 'constellation', 'dansaekhwa', 'entertainment', 'fantasy', 'hydragea', 'jasu', 'kimhongdo', 'klimt', 'landscape', 'monet', 'origami', 'pollock', 'sinyunbok', 'sumuk', 'traditional', 'vangogh', 'wave', 'winter'])
2025-11-13 12:12:19,631 [INFO] OCR Client initialized
2025-11-13 12:12:19,633 [INFO] ==================================================
2025-11-13 12:12:19,634 [INFO] Flask AI Server Starting...
2025-11-13 12:12:19,635 [INFO] Storage Path: drawings/drawing.png
2025-11-13 12:12:19,636 [INFO] Port: 5000
2025-11-13 12:12:19,637 [INFO] ==================================================
2025-11-13 12:13:10,154 [INFO] Firebase initialized
2025-11-13 12:13:14,184 [INFO] IslandRetriever initialized (DB: generated_sketches_all)
2025-11-13 12:13:14,208 [INFO] ComfyUI initialized (workflows: ['autumn', 'baekja', 'camellia', 'canola', 'cherry', 'constellation', 'dansaekhwa', 'entertainment', 'fantasy', 'hydragea', 'jasu', 'kimhongdo', 'klimt', 'landscape', 'monet', 'origami', 'pollock', 'sinyunbok', 'sumuk', 'traditional', 'vangogh', 'wave', 'winter'])
2025-11-13 12:13:15,543 [INFO] OCR Client initialized
2025-11-13 12:13:15,545 [INFO] ==================================================
2025-11-13 12:13:15,546 [INFO] Flask AI Server Starting...
2025-11-13 12:13:15,547 [INFO] Storage Path: drawings/drawing.png
2025-11-13 12:13:15,549 [INFO] Port: 5000
2025-11-13 12:13:15,550 [INFO] ==================================================
2025-11-13 12:13:56,636 [INFO] Request: Island 365, Main Category 'Heritage'
2025-11-13 12:13:56,637 [INFO] Starting AI image generation...
2025-11-13 12:13:56,639 [ERROR] AI generation failed
2025-11-13 12:14:14,312 [INFO] Request: Island 365, Main Category 'Taste'
2025-11-13 12:14:14,314 [INFO] Starting AI image generation...
2025-11-13 12:14:14,316 [ERROR] AI generation failed
2025-11-13 12:15:25,231 [INFO] Firebase initialized
2025-11-13 12:15:29,292 [INFO] IslandRetriever initialized (DB: generated_sketches_all)
2025-11-13 12:15:29,316 [INFO] ComfyUI initialized (workflows: ['autumn', 'baekja', 'camellia', 'canola', 'cherry', 'constellation', 'dansaekhwa', 'entertainment', 'fantasy', 'hydragea', 'jasu', 'kimhongdo', 'klimt', 'landscape', 'monet', 'origami', 'pollock', 'sinyunbok', 'sumuk', 'traditional', 'vangogh', 'wave', 'winter'])
2025-11-13 12:15:30,704 [INFO] OCR Client initialized
2025-11-13 12:15:30,706 [INFO] ==================================================
2025-11-13 12:15:30,707 [INFO] Flask AI Server Starting...
2025-11-13 12:15:30,708 [INFO] Storage Path: drawings/drawing.png
2025-11-13 12:15:30,709 [INFO] Port: 5000
2025-11-13 12:15:30,710 [INFO] ==================================================
2025-11-13 12:15:47,826 [INFO] Request: Island 365, Main Category 'taste'
2025-11-13 12:15:47,828 [INFO] Starting AI image generation...
2025-11-13 12:16:07,929 [INFO] Image uploaded to generated/latest_island.png
2025-11-13 12:16:08,117 [INFO] Firestore updated
2025-11-13 12:16:08,118 [INFO] TIMING | Generation: 18.15s | Total: 20.29s
2025-11-13 12:19:20,284 [INFO] Firebase initialized
2025-11-13 12:19:24,275 [INFO] IslandRetriever initialized (DB: generated_sketches_all)
2025-11-13 12:19:24,299 [INFO] ComfyUI initialized (workflows: ['autumn', 'baekja', 'camellia', 'canola', 'cherry', 'constellation', 'dansaekhwa', 'entertainment', 'fantasy', 'hydragea', 'jasu', 'kimhongdo', 'klimt', 'landscape', 'monet', 'origami', 'pollock', 'sinyunbok', 'sumuk', 'traditional', 'vangogh', 'wave', 'winter'])
2025-11-13 12:19:25,642 [INFO] OCR Client initialized
2025-11-13 12:19:25,645 [INFO] ==================================================
2025-11-13 12:19:25,646 [INFO] Flask AI Server Starting...
2025-11-13 12:19:25,646 [INFO] Storage Path: drawings/drawing.png
2025-11-13 12:19:25,647 [INFO] Port: 5000
2025-11-13 12:19:25,648 [INFO] ==================================================
2025-11-13 12:19:36,892 [INFO] Request: Island 365, Main Category 'taste'
2025-11-13 12:19:36,894 [INFO] Starting AI image generation...
2025-11-13 12:19:36,896 [ERROR] AI generation failed
2025-11-13 12:19:45,857 [INFO] Request: Island 365, Main Category 'taste'
2025-11-13 12:19:45,858 [INFO] Starting AI image generation...
2025-11-13 12:19:45,861 [ERROR] AI generation failed
2025-11-13 12:25:10,223 [INFO] Firebase initialized
2025-11-13 12:25:14,251 [INFO] IslandRetriever initialized (DB: generated_sketches_all)
2025-11-13 12:25:14,274 [INFO] ComfyUI initialized (workflows: ['autumn', 'baekja', 'camellia', 'canola', 'cherry', 'constellation', 'dansaekhwa', 'entertainment', 'fantasy', 'hydragea', 'jasu', 'kimhongdo', 'klimt', 'landscape', 'monet', 'origami', 'pollock', 'sinyunbok', 'sumuk', 'traditional', 'vangogh', 'wave', 'winter'])
2025-11-13 12:25:15,658 [INFO] OCR Client initialized
2025-11-13 12:25:15,660 [INFO] ==================================================
2025-11-13 12:25:15,661 [INFO] Flask AI Server Starting...
2025-11-13 12:25:15,663 [INFO] Storage Path: drawings/drawing.png
2025-11-13 12:25:15,663 [INFO] Port: 5000
2025-11-13 12:25:15,665 [INFO] ==================================================
2025-11-13 12:25:25,501 [INFO] Request: Island 365, Main Category 'taste'
2025-11-13 12:25:25,503 [INFO] Starting AI image generation...
2025-11-13 12:25:25,506 [ERROR] AI generation failed
2025-11-13 12:29:04,230 [INFO] Firebase initialized
2025-11-13 12:29:08,240 [INFO] IslandRetriever initialized (DB: generated_sketches_all)
2025-11-13 12:29:08,263 [INFO] ComfyUI initialized (workflows: ['autumn', 'baekja', 'camellia', 'canola', 'cherry', 'constellation', 'dansaekhwa', 'entertainment', 'fantasy', 'hydragea', 'jasu', 'kimhongdo', 'klimt', 'landscape', 'monet', 'origami', 'pollock', 'sinyunbok', 'sumuk', 'traditional', 'vangogh', 'wave', 'winter'])
2025-11-13 12:29:09,607 [INFO] OCR Client initialized
2025-11-13 12:29:09,610 [INFO] ==================================================
2025-11-13 12:29:09,611 [INFO] Flask AI Server Starting...
2025-11-13 12:29:09,612 [INFO] Storage Path: drawings/drawing.png
2025-11-13 12:29:09,613 [INFO] Port: 5000
2025-11-13 12:29:09,614 [INFO] ==================================================
2025-11-13 12:30:39,252 [INFO] Firebase initialized
2025-11-13 12:30:43,235 [INFO] IslandRetriever initialized (DB: generated_sketches_all)
2025-11-13 12:30:43,258 [INFO] ComfyUI initialized (workflows: ['autumn', 'baekja', 'camellia', 'canola', 'cherry', 'constellation', 'dansaekhwa', 'entertainment', 'fantasy', 'hydragea', 'jasu', 'kimhongdo', 'klimt', 'landscape', 'monet', 'origami', 'pollock', 'sinyunbok', 'sumuk', 'traditional', 'vangogh', 'wave', 'winter'])
2025-11-13 12:30:44,587 [INFO] OCR Client initialized
2025-11-13 12:30:44,589 [INFO] ==================================================
2025-11-13 12:30:44,590 [INFO] Flask AI Server Starting...
2025-11-13 12:30:44,591 [INFO] Storage Path: drawings/drawing.png
2025-11-13 12:30:44,592 [INFO] Port: 5000
2025-11-13 12:30:44,593 [INFO] ==================================================
2025-11-13 12:30:50,553 [INFO] Request: Island 365, Main Category 'taste'
2025-11-13 12:30:50,554 [INFO] Starting AI image generation...
2025-11-13 12:30:50,556 [ERROR] Generation failed after 0.01s: Hello
Traceback (most recent call last):
  File "C:\Users\h2ctlab_dev\Desktop\Island\server\server.py", line 319, in generate_image
    img_content, img_filename = comfyui_client.generate_island_image(
  File "C:\Users\h2ctlab_dev\Desktop\Island\server\comfyui_client.py", line 239, in generate_island_image
    raise Exception("Hello")
Exception: Hello
2025-11-13 12:40:21,145 [INFO] Firebase initialized
2025-11-13 12:40:25,175 [INFO] IslandRetriever initialized (DB: generated_sketches_all)
2025-11-13 12:40:25,199 [INFO] ComfyUI initialized (workflows: ['autumn', 'baekja', 'camellia', 'canola', 'cherry', 'constellation', 'dansaekhwa', 'entertainment', 'fantasy', 'hydragea', 'jasu', 'kimhongdo', 'klimt', 'landscape', 'monet', 'origami', 'pollock', 'sinyunbok', 'sumuk', 'traditional', 'vangogh', 'wave', 'winter'])
2025-11-13 12:40:26,548 [INFO] OCR Client initialized
2025-11-13 12:40:26,551 [INFO] ==================================================
2025-11-13 12:40:26,552 [INFO] Flask AI Server Starting...
2025-11-13 12:40:26,553 [INFO] Storage Path: drawings/drawing.png
2025-11-13 12:40:26,554 [INFO] Port: 5000
2025-11-13 12:40:26,555 [INFO] ==================================================
2025-11-13 12:40:32,537 [INFO] Request: Island 365, Main Category 'taste'
2025-11-13 12:40:32,538 [INFO] Starting AI image generation...
2025-11-13 12:40:32,541 [ERROR] AI generation failed
2025-11-13 12:41:06,271 [INFO] Firebase initialized
2025-11-13 12:41:10,251 [INFO] IslandRetriever initialized (DB: generated_sketches_all)
2025-11-13 12:41:10,276 [INFO] ComfyUI initialized (workflows: ['autumn', 'baekja', 'camellia', 'canola', 'cherry', 'constellation', 'dansaekhwa', 'entertainment', 'fantasy', 'hydragea', 'jasu', 'kimhongdo', 'klimt', 'landscape', 'monet', 'origami', 'pollock', 'sinyunbok', 'sumuk', 'traditional', 'vangogh', 'wave', 'winter'])
2025-11-13 12:41:11,612 [INFO] OCR Client initialized
2025-11-13 12:41:11,614 [INFO] ==================================================
2025-11-13 12:41:11,615 [INFO] Flask AI Server Starting...
2025-11-13 12:41:11,616 [INFO] Storage Path: drawings/drawing.png
2025-11-13 12:41:11,617 [INFO] Port: 5000
2025-11-13 12:41:11,618 [INFO] ==================================================
2025-11-13 12:41:14,462 [INFO] Request: Island 365, Main Category 'taste'
2025-11-13 12:41:14,463 [INFO] Starting AI image generation...
2025-11-13 12:55:09,348 [INFO] Firebase initialized
2025-11-13 12:55:13,768 [INFO] IslandRetriever initialized (DB: generated_sketches_all)
2025-11-13 12:55:13,797 [INFO] ComfyUI initialized (workflows: ['autumn', 'baekja', 'camellia', 'canola', 'cherry', 'constellation', 'dansaekhwa', 'entertainment', 'fantasy', 'hydragea', 'jasu', 'kimhongdo', 'klimt', 'landscape', 'monet', 'origami', 'pollock', 'sinyunbok', 'sumuk', 'traditional', 'vangogh', 'wave', 'winter'])
2025-11-13 12:55:15,212 [INFO] OCR Client initialized
2025-11-13 12:55:15,215 [INFO] ==================================================
2025-11-13 12:55:15,216 [INFO] Flask AI Server Starting...
2025-11-13 12:55:15,216 [INFO] Storage Path: drawings/drawing.png
2025-11-13 12:55:15,217 [INFO] Port: 5000
2025-11-13 12:55:15,218 [INFO] ==================================================
2025-11-13 12:55:22,766 [INFO] Request: Island 3, Main Category 'art'
2025-11-13 12:55:22,767 [INFO] Starting AI image generation...
2025-11-13 12:55:42,860 [INFO] Image uploaded to generated/latest_island.png
2025-11-13 12:55:43,058 [INFO] Firestore updated
2025-11-13 12:55:43,060 [INFO] TIMING | Generation: 18.16s | Total: 20.30s
2025-11-13 14:29:18,815 [INFO] Sketch downloaded from drawings/drawing.png
2025-11-13 14:29:18,817 [INFO] Checking for text in sketch...
2025-11-13 14:29:20,076 [INFO] No text detected, proceeding with retrieval
2025-11-13 14:29:20,110 [INFO] Matched Island ID: 60 (similarity: 0.518)
2025-11-13 14:29:20,217 [INFO] Request: Island 60, Main Category 'art'
2025-11-13 14:29:20,218 [INFO] Starting AI image generation...
2025-11-13 14:30:40,392 [INFO] Image uploaded to generated/latest_island.png
2025-11-13 14:30:40,510 [INFO] Firestore updated
2025-11-13 14:30:40,512 [INFO] TIMING | Generation: 78.46s | Total: 80.30s
2025-11-13 14:30:52,847 [INFO] Sketch downloaded from drawings/drawing.png
2025-11-13 14:30:52,848 [INFO] Checking for text in sketch...
2025-11-13 14:30:53,020 [INFO] No text detected, proceeding with retrieval
2025-11-13 14:30:53,039 [INFO] Matched Island ID: 330 (similarity: 0.311)
2025-11-13 14:30:53,193 [INFO] Request: Island 330, Main Category 'taste'
2025-11-13 14:30:53,195 [INFO] Starting AI image generation...
2025-11-13 14:31:08,944 [INFO] Image uploaded to generated/latest_island.png
2025-11-13 14:31:08,984 [INFO] Firestore updated
2025-11-13 14:31:08,985 [INFO] TIMING | Generation: 14.13s | Total: 15.79s
2025-11-13 14:39:45,939 [INFO] Sketch downloaded from drawings/drawing.png
2025-11-13 14:39:45,940 [INFO] Checking for text in sketch...
2025-11-13 14:39:46,067 [INFO] No text detected, proceeding with retrieval
2025-11-13 14:39:46,085 [INFO] Matched Island ID: 359 (similarity: 0.282)
2025-11-13 14:39:46,171 [INFO] Request: Island 359, Main Category 'taste'
2025-11-13 14:39:46,173 [INFO] Starting AI image generation...
2025-11-13 14:41:46,847 [ERROR] AI generation failed
2025-11-13 14:41:55,245 [INFO] Sketch downloaded from drawings/drawing.png
2025-11-13 14:41:55,247 [INFO] Checking for text in sketch...
2025-11-13 14:41:55,510 [INFO] No text detected, proceeding with retrieval
2025-11-13 14:41:55,528 [INFO] Matched Island ID: 359 (similarity: 0.282)
2025-11-13 14:41:55,728 [INFO] Request: Island 359, Main Category 'art'
2025-11-13 14:41:55,730 [INFO] Starting AI image generation...
2025-11-13 14:43:56,426 [ERROR] AI generation failed
2025-11-13 14:44:11,876 [INFO] Sketch downloaded from drawings/drawing.png
2025-11-13 14:44:11,878 [INFO] Checking for text in sketch...
2025-11-13 14:44:12,208 [INFO] No text detected, proceeding with retrieval
2025-11-13 14:44:12,227 [INFO] Matched Island ID: 359 (similarity: 0.282)
2025-11-13 14:44:12,440 [INFO] Request: Island 359, Main Category 'nature'
2025-11-13 14:44:12,442 [INFO] Starting AI image generation...
2025-11-13 14:46:13,146 [ERROR] AI generation failed
2025-11-13 14:46:40,292 [INFO] Request: Island 3, Main Category 'wave'
2025-11-13 14:46:40,294 [INFO] Starting AI image generation...
2025-11-13 14:46:40,297 [ERROR] AI generation failed
2025-11-13 14:47:02,851 [INFO] Request: Island 3, Main Category 'nature'
2025-11-13 14:47:02,852 [INFO] Starting AI image generation...
2025-11-13 14:49:03,641 [ERROR] AI generation failed
2025-11-13 14:53:59,462 [INFO] Firebase initialized
2025-11-13 14:56:31,729 [INFO] Firebase initialized
2025-11-13 14:57:28,841 [INFO] Firebase initialized
2025-11-13 15:01:43,887 [INFO] Firebase initialized
2025-11-13 15:01:48,816 [INFO] IslandRetriever initialized (DB: generated_sketches_all)
2025-11-13 15:01:48,846 [INFO] ComfyUI initialized (workflows: ['autumn', 'baekja', 'camellia', 'canola', 'cherry', 'constellation', 'dansaekhwa', 'entertainment', 'fantasy', 'hydragea', 'jasu', 'kimhongdo', 'klimt', 'landscape', 'monet', 'origami', 'pollock', 'sinyunbok', 'sumuk', 'traditional', 'vangogh', 'wave', 'winter'])
2025-11-13 15:01:50,338 [INFO] OCR Client initialized
2025-11-13 15:01:50,339 [INFO] ==================================================
2025-11-13 15:01:50,340 [INFO] Flask AI Server Starting...
2025-11-13 15:01:50,341 [INFO] Storage Path: drawings/drawing.png
2025-11-13 15:01:50,341 [INFO] Port: 5000
2025-11-13 15:01:50,342 [INFO] ==================================================
2025-11-13 15:04:08,167 [INFO] Firebase initialized
2025-11-13 15:04:15,171 [INFO] IslandRetriever initialized (DB: C:\Users\h2ctlab_dev\Documents\ComfyUI\input\generated_sketches_all)
2025-11-13 15:04:15,190 [INFO] ComfyUI initialized (workflows: ['autumn', 'baekja', 'camellia', 'canola', 'cherry', 'constellation', 'dansaekhwa', 'entertainment', 'fantasy', 'hydragea', 'jasu', 'kimhongdo', 'klimt', 'landscape', 'monet', 'origami', 'pollock', 'sinyunbok', 'sumuk', 'traditional', 'vangogh', 'wave', 'winter'])
2025-11-13 15:04:16,745 [INFO] OCR Client initialized
2025-11-13 15:04:16,746 [INFO] ==================================================
2025-11-13 15:04:16,747 [INFO] Flask AI Server Starting...
2025-11-13 15:04:16,748 [INFO] Storage Path: drawings/drawing.png
2025-11-13 15:04:16,748 [INFO] Port: 5000
2025-11-13 15:04:16,749 [INFO] ==================================================
2025-11-13 15:04:30,579 [INFO] Firebase initialized
2025-11-13 15:04:35,788 [INFO] IslandRetriever initialized (DB: C:\Users\h2ctlab_dev\Documents\ComfyUI\input\generated_sketches_all)
2025-11-13 15:04:35,816 [INFO] ComfyUI initialized (workflows: ['autumn', 'baekja', 'camellia', 'canola', 'cherry', 'constellation', 'dansaekhwa', 'entertainment', 'fantasy', 'hydragea', 'jasu', 'kimhongdo', 'klimt', 'landscape', 'monet', 'origami', 'pollock', 'sinyunbok', 'sumuk', 'traditional', 'vangogh', 'wave', 'winter'])
2025-11-13 15:04:37,358 [INFO] OCR Client initialized
2025-11-13 15:04:37,361 [INFO] ==================================================
2025-11-13 15:04:37,362 [INFO] Flask AI Server Starting...
2025-11-13 15:04:37,363 [INFO] Storage Path: drawings/drawing.png
2025-11-13 15:04:37,364 [INFO] Port: 5000
2025-11-13 15:04:37,365 [INFO] ==================================================
2025-11-13 15:04:51,116 [INFO] Sketch downloaded from drawings/drawing.png
2025-11-13 15:04:51,118 [INFO] Checking for text in sketch...
2025-11-13 15:04:51,270 [INFO] No text detected, proceeding with retrieval
2025-11-13 15:04:51,297 [INFO] Matched Island ID: 169 (similarity: 0.277)
2025-11-13 15:04:51,451 [INFO] Request: Island 169, Main Category 'art'
2025-11-13 15:04:51,453 [INFO] Starting AI image generation...
2025-11-13 15:05:22,627 [INFO] Image uploaded to generated/latest_island.png
2025-11-13 15:05:22,745 [INFO] Firestore updated
2025-11-13 15:05:22,746 [INFO] TIMING | Generation: 30.18s | Total: 31.30s
2025-11-13 15:05:46,512 [INFO] Sketch downloaded from drawings/drawing.png
2025-11-13 15:05:46,514 [INFO] Checking for text in sketch...
2025-11-13 15:05:46,658 [INFO] No text detected, proceeding with retrieval
2025-11-13 15:05:46,676 [INFO] Matched Island ID: 300 (similarity: 0.206)
2025-11-13 15:05:46,847 [INFO] Request: Island 300, Main Category 'heritage'
2025-11-13 15:05:46,849 [INFO] Starting AI image generation...
2025-11-13 15:05:46,856 [ERROR] AI generation failed
2025-11-13 15:05:54,331 [INFO] Sketch downloaded from drawings/drawing.png
2025-11-13 15:05:54,333 [INFO] Checking for text in sketch...
2025-11-13 15:05:54,452 [INFO] No text detected, proceeding with retrieval
2025-11-13 15:05:54,470 [INFO] Matched Island ID: 300 (similarity: 0.206)
2025-11-13 15:05:54,627 [INFO] Request: Island 300, Main Category 'taste'
2025-11-13 15:05:54,629 [INFO] Starting AI image generation...
2025-11-13 15:06:14,357 [INFO] Image uploaded to generated/latest_island.png
2025-11-13 15:06:14,407 [INFO] Firestore updated
2025-11-13 15:06:14,409 [INFO] TIMING | Generation: 18.13s | Total: 19.78s
2025-11-13 15:06:22,970 [INFO] Sketch downloaded from drawings/drawing.png
2025-11-13 15:06:22,971 [INFO] Checking for text in sketch...
2025-11-13 15:06:23,082 [INFO] No text detected, proceeding with retrieval
2025-11-13 15:06:23,100 [INFO] Matched Island ID: 75 (similarity: 0.272)
2025-11-13 15:06:23,277 [INFO] Request: Island 75, Main Category 'nature'
2025-11-13 15:06:23,279 [INFO] Starting AI image generation...
2025-11-13 15:06:51,065 [INFO] Image uploaded to generated/latest_island.png
2025-11-13 15:06:51,111 [INFO] Firestore updated
2025-11-13 15:06:51,112 [INFO] TIMING | Generation: 26.16s | Total: 27.83s
2025-11-13 15:06:58,633 [INFO] Sketch downloaded from drawings/drawing.png
2025-11-13 15:06:58,634 [INFO] Checking for text in sketch...
2025-11-13 15:06:58,753 [INFO] No text detected, proceeding with retrieval
2025-11-13 15:06:58,772 [INFO] Matched Island ID: 32 (similarity: 0.225)
2025-11-13 15:06:58,937 [INFO] Request: Island 32, Main Category 'taste'
2025-11-13 15:06:58,938 [INFO] Starting AI image generation...
2025-11-13 15:07:24,548 [INFO] Image uploaded to generated/latest_island.png
2025-11-13 15:07:24,599 [INFO] Firestore updated
2025-11-13 15:07:24,600 [INFO] TIMING | Generation: 24.17s | Total: 25.66s
2025-11-13 15:07:35,361 [INFO] Sketch downloaded from drawings/drawing.png
2025-11-13 15:07:35,363 [INFO] Checking for text in sketch...
2025-11-13 15:07:35,463 [INFO] No text detected, proceeding with retrieval
2025-11-13 15:07:35,480 [INFO] Matched Island ID: 355 (similarity: 0.413)
2025-11-13 15:07:35,588 [INFO] Request: Island 355, Main Category 'art'
2025-11-13 15:07:35,590 [INFO] Starting AI image generation...
2025-11-13 15:07:55,260 [INFO] Image uploaded to generated/latest_island.png
2025-11-13 15:07:55,294 [INFO] Firestore updated
2025-11-13 15:07:55,295 [INFO] TIMING | Generation: 18.13s | Total: 19.71s
2025-11-13 15:08:02,818 [INFO] Sketch downloaded from drawings/drawing.png
2025-11-13 15:08:02,819 [INFO] Checking for text in sketch...
2025-11-13 15:08:02,916 [INFO] No text detected, proceeding with retrieval
2025-11-13 15:08:02,934 [INFO] Matched Island ID: 44 (similarity: 0.239)
2025-11-13 15:08:03,120 [INFO] Request: Island 44, Main Category 'heritage'
2025-11-13 15:08:03,121 [INFO] Starting AI image generation...
2025-11-13 15:08:03,128 [ERROR] AI generation failed
2025-11-13 15:08:07,925 [INFO] Sketch downloaded from drawings/drawing.png
2025-11-13 15:08:07,926 [INFO] Checking for text in sketch...
2025-11-13 15:08:08,024 [INFO] No text detected, proceeding with retrieval
2025-11-13 15:08:08,042 [INFO] Matched Island ID: 44 (similarity: 0.239)
2025-11-13 15:08:08,144 [INFO] Request: Island 44, Main Category 'heritage'
2025-11-13 15:08:08,146 [INFO] Starting AI image generation...
2025-11-13 15:08:08,152 [ERROR] AI generation failed
2025-11-13 15:08:12,532 [INFO] Sketch downloaded from drawings/drawing.png
2025-11-13 15:08:12,533 [INFO] Checking for text in sketch...
2025-11-13 15:08:12,633 [INFO] No text detected, proceeding with retrieval
2025-11-13 15:08:12,649 [INFO] Matched Island ID: 44 (similarity: 0.239)
2025-11-13 15:08:12,736 [INFO] Request: Island 44, Main Category 'heritage'
2025-11-13 15:08:12,738 [INFO] Starting AI image generation...
2025-11-13 15:10:14,321 [ERROR] AI generation failed
2025-11-13 15:12:30,171 [INFO] Sketch downloaded from drawings/drawing.png
2025-11-13 15:12:30,172 [INFO] Checking for text in sketch...
2025-11-13 15:12:30,370 [INFO] No text detected, proceeding with retrieval
2025-11-13 15:12:30,417 [INFO] Matched Island ID: 44 (similarity: 0.239)
2025-11-13 15:12:30,624 [INFO] Request: Island 44, Main Category 'art'
2025-11-13 15:12:30,625 [INFO] Starting AI image generation...
2025-11-13 15:14:32,242 [ERROR] AI generation failed
2025-11-13 15:17:49,102 [INFO] Firebase initialized
2025-11-13 15:17:54,425 [INFO] IslandRetriever initialized (DB: C:\Users\h2ctlab_dev\Documents\ComfyUI\input\generated_sketches_all)
2025-11-13 15:17:54,459 [INFO] ComfyUI initialized (workflows: ['autumn', 'baekja', 'camellia', 'canola', 'cherry', 'constellation', 'dansaekhwa', 'entertainment', 'fantasy', 'hydragea', 'jasu', 'kimhongdo', 'klimt', 'landscape', 'monet', 'origami', 'pollock', 'sinyunbok', 'sumuk', 'traditional', 'vangogh', 'wave', 'winter'])
2025-11-13 15:17:55,978 [INFO] OCR Client initialized
2025-11-13 15:17:55,980 [INFO] ==================================================
2025-11-13 15:17:55,982 [INFO] Flask AI Server Starting...
2025-11-13 15:17:55,983 [INFO] Storage Path: drawings/drawing.png
2025-11-13 15:17:55,984 [INFO] Port: 5000
2025-11-13 15:17:55,985 [INFO] ==================================================
2025-11-13 15:18:41,281 [INFO] Sketch downloaded from drawings/drawing.png
2025-11-13 15:18:41,284 [INFO] Checking for text in sketch...
2025-11-13 15:18:41,514 [INFO] No text detected, proceeding with retrieval
2025-11-13 15:18:41,563 [INFO] Matched Island ID: 44 (similarity: 0.239)
2025-11-13 15:18:41,845 [INFO] Request: Island 44, Main Category 'heritage'
2025-11-13 15:18:41,847 [INFO] Starting AI image generation...
2025-11-13 15:20:44,519 [ERROR] AI generation failed
2025-11-13 15:20:52,476 [INFO] Sketch downloaded from drawings/drawing.png
2025-11-13 15:20:52,478 [INFO] Checking for text in sketch...
2025-11-13 15:20:52,645 [INFO] No text detected, proceeding with retrieval
2025-11-13 15:20:52,682 [INFO] Matched Island ID: 44 (similarity: 0.239)
2025-11-13 15:20:52,893 [INFO] Request: Island 44, Main Category 'art'
2025-11-13 15:20:52,895 [INFO] Starting AI image generation...
2025-11-13 15:21:36,646 [INFO] Image uploaded to generated/latest_island.png
2025-11-13 15:21:36,793 [INFO] Firestore updated
2025-11-13 15:21:36,795 [INFO] TIMING | Generation: 42.29s | Total: 43.90s
2025-11-13 15:24:10,380 [INFO] Sketch downloaded from drawings/drawing.png
2025-11-13 15:24:10,382 [INFO] Checking for text in sketch...
2025-11-13 15:24:10,477 [INFO] No text detected, proceeding with retrieval
2025-11-13 15:24:10,495 [INFO] Matched Island ID: 300 (similarity: 0.342)
2025-11-13 15:24:10,595 [INFO] Request: Island 300, Main Category 'art'
2025-11-13 15:24:10,597 [INFO] Starting AI image generation...
2025-11-13 15:25:34,526 [INFO] Image uploaded to generated/latest_island.png
2025-11-13 15:25:34,563 [INFO] Firestore updated
2025-11-13 15:25:34,565 [INFO] TIMING | Generation: 82.39s | Total: 83.97s
2025-11-13 15:34:01,779 [INFO] Firebase initialized
2025-11-13 15:34:07,174 [INFO] IslandRetriever initialized (DB: C:\Users\h2ctlab_dev\Documents\ComfyUI\input\generated_sketches_all)
2025-11-13 15:34:07,209 [INFO] ComfyUI initialized (workflows: ['autumn', 'baekja', 'camellia', 'canola', 'cherry', 'constellation', 'dansaekhwa', 'entertainment', 'fantasy', 'hydragea', 'jasu', 'kimhongdo', 'klimt', 'landscape', 'monet', 'origami', 'pollock', 'sinyunbok', 'sumuk', 'traditional', 'vangogh', 'wave', 'winter'])
2025-11-13 15:34:08,725 [INFO] OCR Client initialized
2025-11-13 15:34:08,728 [INFO] ==================================================
2025-11-13 15:34:08,729 [INFO] Flask AI Server Starting...
2025-11-13 15:34:08,730 [INFO] Storage Path: drawings/drawing.png
2025-11-13 15:34:08,732 [INFO] Port: 5000
2025-11-13 15:34:08,733 [INFO] ==================================================
2025-11-13 15:34:33,148 [INFO] Sketch downloaded from drawings/drawing.png
2025-11-13 15:34:33,151 [INFO] Checking for text in sketch...
2025-11-13 15:34:33,497 [INFO] No text detected, proceeding with retrieval
2025-11-13 15:34:33,519 [INFO] Matched Island ID: 63 (similarity: 0.268)
2025-11-13 15:34:33,746 [INFO] Request: Island 63, Main Category 'art'
2025-11-13 15:34:33,747 [INFO] Starting AI image generation...
2025-11-13 15:35:01,523 [INFO] Image uploaded to generated/latest_island.png
2025-11-13 15:35:01,632 [INFO] Firestore updated
2025-11-13 15:35:01,634 [INFO] TIMING | Generation: 26.18s | Total: 27.89s
2025-11-13 15:38:26,019 [INFO] Sketch downloaded from drawings/drawing.png
2025-11-13 15:38:26,020 [INFO] Checking for text in sketch...
2025-11-13 15:38:26,118 [INFO] No text detected, proceeding with retrieval
2025-11-13 15:38:26,135 [INFO] Matched Island ID: 129 (similarity: 0.347)
2025-11-13 15:38:26,239 [INFO] Request: Island 129, Main Category 'art'
2025-11-13 15:38:26,241 [INFO] Starting AI image generation...
2025-11-13 15:38:50,108 [INFO] Image uploaded to generated/latest_island.png
2025-11-13 15:38:50,149 [INFO] Firestore updated
2025-11-13 15:38:50,150 [INFO] TIMING | Generation: 22.34s | Total: 23.91s
2025-11-13 15:41:51,338 [INFO] Sketch downloaded from drawings/drawing.png
2025-11-13 15:41:51,340 [INFO] Checking for text in sketch...
2025-11-13 15:41:51,456 [INFO] No text detected, proceeding with retrieval
2025-11-13 15:41:51,473 [INFO] Matched Island ID: 38 (similarity: 0.269)
2025-11-13 15:41:51,642 [INFO] Request: Island 38, Main Category 'art'
2025-11-13 15:41:51,644 [INFO] Starting AI image generation...
2025-11-13 15:42:09,415 [INFO] Image uploaded to generated/latest_island.png
2025-11-13 15:42:09,455 [INFO] Firestore updated
2025-11-13 15:42:09,457 [INFO] TIMING | Generation: 16.15s | Total: 17.82s
2025-11-13 15:42:33,133 [INFO] Sketch downloaded from drawings/drawing.png
2025-11-13 15:42:33,135 [INFO] Checking for text in sketch...
2025-11-13 15:42:33,230 [INFO] No text detected, proceeding with retrieval
2025-11-13 15:42:33,248 [INFO] Matched Island ID: 328 (similarity: 0.193)
2025-11-13 15:42:33,382 [INFO] Request: Island 328, Main Category 'art'
2025-11-13 15:42:33,384 [INFO] Starting AI image generation...
2025-11-13 15:42:59,160 [INFO] Image uploaded to generated/latest_island.png
2025-11-13 15:42:59,204 [INFO] Firestore updated
2025-11-13 15:42:59,205 [INFO] TIMING | Generation: 24.17s | Total: 25.82s
2025-11-13 15:44:35,708 [INFO] Sketch downloaded from drawings/drawing.png
2025-11-13 15:44:35,710 [INFO] Checking for text in sketch...
2025-11-13 15:44:35,813 [INFO] No text detected, proceeding with retrieval
2025-11-13 15:44:35,830 [INFO] Matched Island ID: 361 (similarity: 0.330)
2025-11-13 15:44:35,988 [INFO] Request: Island 361, Main Category 'art'
2025-11-13 15:44:35,990 [INFO] Starting AI image generation...
2025-11-13 15:44:55,615 [INFO] Image uploaded to generated/latest_island.png
2025-11-13 15:44:55,660 [INFO] Firestore updated
2025-11-13 15:44:55,662 [INFO] TIMING | Generation: 18.14s | Total: 19.67s
2025-11-13 15:45:05,677 [INFO] Sketch downloaded from drawings/drawing.png
2025-11-13 15:45:05,678 [INFO] Checking for text in sketch...
2025-11-13 15:45:05,812 [INFO] No text detected, proceeding with retrieval
2025-11-13 15:45:05,829 [INFO] Matched Island ID: 75 (similarity: 0.285)
2025-11-13 15:45:05,984 [INFO] Request: Island 75, Main Category 'art'
2025-11-13 15:45:05,985 [INFO] Starting AI image generation...
2025-11-13 15:45:27,678 [INFO] Image uploaded to generated/latest_island.png
2025-11-13 15:45:27,726 [INFO] Firestore updated
2025-11-13 15:45:27,727 [INFO] TIMING | Generation: 20.14s | Total: 21.74s
2025-11-13 15:45:36,604 [INFO] Sketch downloaded from drawings/drawing.png
2025-11-13 15:45:36,606 [INFO] Checking for text in sketch...
2025-11-13 15:45:36,705 [INFO] No text detected, proceeding with retrieval
2025-11-13 15:45:36,723 [INFO] Matched Island ID: 91 (similarity: 0.292)
2025-11-13 15:45:36,852 [INFO] Request: Island 91, Main Category 'nature'
2025-11-13 15:45:36,854 [INFO] Starting AI image generation...
2025-11-13 15:46:02,587 [INFO] Image uploaded to generated/latest_island.png
2025-11-13 15:46:02,631 [INFO] Firestore updated
2025-11-13 15:46:02,632 [INFO] TIMING | Generation: 24.18s | Total: 25.78s
2025-11-13 15:47:18,186 [INFO] Sketch downloaded from drawings/drawing.png
2025-11-13 15:47:18,187 [INFO] Checking for text in sketch...
2025-11-13 15:47:18,336 [INFO] No text detected, proceeding with retrieval
2025-11-13 15:47:18,357 [INFO] Matched Island ID: 218 (similarity: 0.476)
2025-11-13 15:47:18,523 [INFO] Request: Island 218, Main Category 'art'
2025-11-13 15:47:18,525 [INFO] Starting AI image generation...
2025-11-13 15:47:42,664 [INFO] Image uploaded to generated/latest_island.png
2025-11-13 15:47:42,697 [INFO] Firestore updated
2025-11-13 15:47:42,698 [INFO] TIMING | Generation: 22.62s | Total: 24.17s
2025-11-13 15:47:48,208 [INFO] Sketch downloaded from drawings/drawing.png
2025-11-13 15:47:48,210 [INFO] Checking for text in sketch...
2025-11-13 15:47:48,307 [INFO] No text detected, proceeding with retrieval
2025-11-13 15:47:48,324 [INFO] Matched Island ID: 91 (similarity: 0.298)
2025-11-13 15:47:48,498 [INFO] Request: Island 91, Main Category 'art'
2025-11-13 15:47:48,499 [INFO] Starting AI image generation...
2025-11-13 15:48:06,212 [INFO] Image uploaded to generated/latest_island.png
2025-11-13 15:48:06,240 [INFO] Firestore updated
2025-11-13 15:48:06,241 [INFO] TIMING | Generation: 16.13s | Total: 17.74s
2025-11-13 15:49:33,452 [INFO] Sketch downloaded from drawings/drawing.png
2025-11-13 15:49:33,454 [INFO] Checking for text in sketch...
2025-11-13 15:49:33,560 [INFO] No text detected, proceeding with retrieval
2025-11-13 15:49:33,577 [INFO] Matched Island ID: 40 (similarity: 0.360)
2025-11-13 15:49:33,677 [INFO] Request: Island 40, Main Category 'art'
2025-11-13 15:49:33,678 [INFO] Starting AI image generation...
2025-11-13 15:49:56,801 [INFO] Image uploaded to generated/latest_island.png
2025-11-13 15:49:56,834 [INFO] Firestore updated
2025-11-13 15:49:56,835 [INFO] TIMING | Generation: 22.16s | Total: 23.16s
2025-11-13 15:50:05,801 [INFO] Sketch downloaded from drawings/drawing.png
2025-11-13 15:50:05,803 [INFO] Checking for text in sketch...
2025-11-13 15:50:05,925 [INFO] No text detected, proceeding with retrieval
2025-11-13 15:50:05,942 [INFO] Matched Island ID: 244 (similarity: 0.243)
2025-11-13 15:50:06,137 [INFO] Request: Island 244, Main Category 'nature'
2025-11-13 15:50:06,138 [INFO] Starting AI image generation...
2025-11-13 15:50:33,876 [INFO] Image uploaded to generated/latest_island.png
2025-11-13 15:50:33,927 [INFO] Firestore updated
2025-11-13 15:50:33,928 [INFO] TIMING | Generation: 26.20s | Total: 27.79s
2025-11-13 15:57:50,898 [INFO] Sketch downloaded from drawings/drawing.png
2025-11-13 15:57:50,899 [INFO] Checking for text in sketch...
2025-11-13 15:57:50,993 [INFO] No text detected, proceeding with retrieval
2025-11-13 15:57:51,011 [INFO] Matched Island ID: 91 (similarity: 0.288)
2025-11-13 15:57:51,137 [INFO] Request: Island 91, Main Category 'art'
2025-11-13 15:57:51,138 [INFO] Starting AI image generation...
2025-11-13 15:59:13,150 [INFO] Image uploaded to generated/latest_island.png
2025-11-13 15:59:13,242 [INFO] Firestore updated
2025-11-13 15:59:13,244 [INFO] TIMING | Generation: 80.41s | Total: 82.11s
2025-11-13 15:59:18,409 [INFO] Sketch downloaded from drawings/drawing.png
2025-11-13 15:59:18,411 [INFO] Checking for text in sketch...
2025-11-13 15:59:18,508 [INFO] No text detected, proceeding with retrieval
2025-11-13 15:59:18,526 [INFO] Matched Island ID: 300 (similarity: 0.285)
2025-11-13 15:59:18,685 [INFO] Request: Island 300, Main Category 'art'
2025-11-13 15:59:18,686 [INFO] Starting AI image generation...
2025-11-13 15:59:40,433 [INFO] Image uploaded to generated/latest_island.png
2025-11-13 15:59:40,472 [INFO] Firestore updated
2025-11-13 15:59:40,474 [INFO] TIMING | Generation: 20.17s | Total: 21.79s
2025-11-13 15:59:46,033 [INFO] Sketch downloaded from drawings/drawing.png
2025-11-13 15:59:46,035 [INFO] Checking for text in sketch...
2025-11-13 15:59:46,158 [INFO] No text detected, proceeding with retrieval
2025-11-13 15:59:46,176 [INFO] Matched Island ID: 355 (similarity: 0.259)
2025-11-13 15:59:46,323 [INFO] Request: Island 355, Main Category 'art'
2025-11-13 15:59:46,325 [INFO] Starting AI image generation...
2025-11-13 16:00:09,480 [INFO] Image uploaded to generated/latest_island.png
2025-11-13 16:00:09,524 [INFO] Firestore updated
2025-11-13 16:00:09,525 [INFO] TIMING | Generation: 22.17s | Total: 23.20s
2025-11-13 16:00:29,436 [INFO] Sketch downloaded from drawings/drawing.png
2025-11-13 16:00:29,438 [INFO] Checking for text in sketch...
2025-11-13 16:00:29,562 [INFO] No text detected, proceeding with retrieval
2025-11-13 16:00:29,581 [INFO] Matched Island ID: 361 (similarity: 0.292)
2025-11-13 16:00:29,731 [INFO] Request: Island 361, Main Category 'art'
2025-11-13 16:00:29,732 [INFO] Starting AI image generation...
2025-11-13 16:02:01,809 [INFO] Image uploaded to generated/latest_island.png
2025-11-13 16:02:01,854 [INFO] Firestore updated
2025-11-13 16:02:01,856 [INFO] TIMING | Generation: 90.52s | Total: 92.13s
2025-11-13 16:02:34,450 [INFO] Sketch downloaded from drawings/drawing.png
2025-11-13 16:02:34,452 [INFO] Checking for text in sketch...
2025-11-13 16:02:34,558 [INFO] No text detected, proceeding with retrieval
2025-11-13 16:02:34,577 [INFO] Matched Island ID: 193 (similarity: 0.288)
2025-11-13 16:02:34,767 [INFO] Request: Island 193, Main Category 'art'
2025-11-13 16:02:34,768 [INFO] Starting AI image generation...
2025-11-13 16:03:58,749 [INFO] Image uploaded to generated/latest_island.png
2025-11-13 16:03:58,795 [INFO] Firestore updated
2025-11-13 16:03:58,796 [INFO] TIMING | Generation: 82.39s | Total: 84.03s
2025-11-13 16:10:08,652 [INFO] Sketch downloaded from drawings/drawing.png
2025-11-13 16:10:08,653 [INFO] Checking for text in sketch...
2025-11-13 16:10:08,763 [INFO] No text detected, proceeding with retrieval
2025-11-13 16:10:08,781 [INFO] Matched Island ID: 68 (similarity: 0.292)
2025-11-13 16:10:08,893 [INFO] Request: Island 68, Main Category 'art'
2025-11-13 16:10:08,895 [INFO] Starting AI image generation...
2025-11-13 16:11:30,933 [INFO] Image uploaded to generated/latest_island.png
2025-11-13 16:11:31,025 [INFO] Firestore updated
2025-11-13 16:11:31,026 [INFO] TIMING | Generation: 80.42s | Total: 82.13s
2025-11-13 16:11:38,995 [INFO] Sketch downloaded from drawings/drawing.png
2025-11-13 16:11:38,996 [INFO] Checking for text in sketch...
2025-11-13 16:11:39,102 [INFO] No text detected, proceeding with retrieval
2025-11-13 16:11:39,120 [INFO] Matched Island ID: 91 (similarity: 0.331)
2025-11-13 16:11:39,237 [INFO] Request: Island 91, Main Category 'art'
2025-11-13 16:11:39,239 [INFO] Starting AI image generation...
2025-11-13 16:12:11,015 [INFO] Image uploaded to generated/latest_island.png
2025-11-13 16:12:11,045 [INFO] Firestore updated
2025-11-13 16:12:11,046 [INFO] TIMING | Generation: 30.17s | Total: 31.81s
2025-11-13 16:12:42,090 [INFO] Sketch downloaded from drawings/drawing.png
2025-11-13 16:12:42,091 [INFO] Checking for text in sketch...
2025-11-13 16:12:42,245 [INFO] No text detected, proceeding with retrieval
2025-11-13 16:12:42,265 [INFO] Matched Island ID: 112 (similarity: 0.284)
2025-11-13 16:12:42,421 [INFO] Request: Island 112, Main Category 'art'
2025-11-13 16:12:42,423 [INFO] Starting AI image generation...
2025-11-13 16:14:08,522 [INFO] Image uploaded to generated/latest_island.png
2025-11-13 16:14:08,554 [INFO] Firestore updated
2025-11-13 16:14:08,555 [INFO] TIMING | Generation: 84.51s | Total: 86.13s
2025-11-13 16:14:17,209 [INFO] Sketch downloaded from drawings/drawing.png
2025-11-13 16:14:17,210 [INFO] Checking for text in sketch...
2025-11-13 16:14:17,339 [INFO] No text detected, proceeding with retrieval
2025-11-13 16:14:17,357 [INFO] Matched Island ID: 320 (similarity: 0.237)
2025-11-13 16:14:17,547 [INFO] Request: Island 320, Main Category 'nature'
2025-11-13 16:14:17,548 [INFO] Starting AI image generation...
2025-11-13 16:14:43,290 [INFO] Image uploaded to generated/latest_island.png
2025-11-13 16:14:43,335 [INFO] Firestore updated
2025-11-13 16:14:43,336 [INFO] TIMING | Generation: 24.17s | Total: 25.79s
2025-11-13 16:14:51,214 [INFO] Sketch downloaded from drawings/drawing.png
2025-11-13 16:14:51,217 [INFO] Checking for text in sketch...
2025-11-13 16:14:51,347 [INFO] No text detected, proceeding with retrieval
2025-11-13 16:14:51,364 [INFO] Matched Island ID: 324 (similarity: 0.325)
2025-11-13 16:14:51,637 [INFO] Request: Island 324, Main Category 'nature'
2025-11-13 16:14:51,641 [INFO] Starting AI image generation...
2025-11-13 16:15:15,496 [INFO] Image uploaded to generated/latest_island.png
2025-11-13 16:15:15,537 [INFO] Firestore updated
2025-11-13 16:15:15,538 [INFO] TIMING | Generation: 22.27s | Total: 23.90s
2025-11-13 16:15:22,353 [INFO] Sketch downloaded from drawings/drawing.png
2025-11-13 16:15:22,354 [INFO] Checking for text in sketch...
2025-11-13 16:15:22,521 [INFO] No text detected, proceeding with retrieval
2025-11-13 16:15:22,549 [INFO] Matched Island ID: 222 (similarity: 0.318)
2025-11-13 16:15:22,640 [INFO] Request: Island 222, Main Category 'nature'
2025-11-13 16:15:22,642 [INFO] Starting AI image generation...
2025-11-13 16:15:58,613 [INFO] Image uploaded to generated/latest_island.png
2025-11-13 16:15:58,662 [INFO] Firestore updated
2025-11-13 16:15:58,664 [INFO] TIMING | Generation: 34.21s | Total: 36.02s
2025-11-13 16:28:25,651 [INFO] Sketch downloaded from drawings/drawing.png
2025-11-13 16:28:25,652 [INFO] Checking for text in sketch...
2025-11-13 16:28:25,763 [INFO] No text detected, proceeding with retrieval
2025-11-13 16:28:25,781 [INFO] Matched Island ID: 63 (similarity: 0.247)
2025-11-13 16:28:25,900 [INFO] Request: Island 63, Main Category 'art'
2025-11-13 16:28:25,901 [INFO] Starting AI image generation...
2025-11-13 16:28:51,874 [INFO] Image uploaded to generated/latest_island.png
2025-11-13 16:28:51,993 [INFO] Firestore updated
2025-11-13 16:28:52,018 [INFO] TIMING | Generation: 24.14s | Total: 26.12s
2025-11-13 16:29:03,071 [INFO] Sketch downloaded from drawings/drawing.png
2025-11-13 16:29:03,073 [INFO] Checking for text in sketch...
2025-11-13 16:29:03,193 [INFO] No text detected, proceeding with retrieval
2025-11-13 16:29:03,210 [INFO] Matched Island ID: 44 (similarity: 0.294)
2025-11-13 16:29:03,419 [INFO] Request: Island 44, Main Category 'art'
2025-11-13 16:29:03,420 [INFO] Starting AI image generation...
2025-11-13 16:29:25,047 [INFO] Image uploaded to generated/latest_island.png
2025-11-13 16:29:25,087 [INFO] Firestore updated
2025-11-13 16:29:25,088 [INFO] TIMING | Generation: 20.13s | Total: 21.67s
2025-11-13 16:29:56,611 [INFO] Sketch downloaded from drawings/drawing.png
2025-11-13 16:29:56,612 [INFO] Checking for text in sketch...
2025-11-13 16:29:56,712 [INFO] No text detected, proceeding with retrieval
2025-11-13 16:29:56,731 [INFO] Matched Island ID: 91 (similarity: 0.241)
2025-11-13 16:29:56,837 [INFO] Request: Island 91, Main Category 'art'
2025-11-13 16:29:56,839 [INFO] Starting AI image generation...
2025-11-13 16:30:16,272 [INFO] Image uploaded to generated/latest_island.png
2025-11-13 16:30:16,312 [INFO] Firestore updated
2025-11-13 16:30:16,314 [INFO] TIMING | Generation: 18.14s | Total: 19.48s
2025-11-13 16:30:23,667 [INFO] Sketch downloaded from drawings/drawing.png
2025-11-13 16:30:23,668 [INFO] Checking for text in sketch...
2025-11-13 16:30:23,790 [INFO] No text detected, proceeding with retrieval
2025-11-13 16:30:23,807 [INFO] Matched Island ID: 300 (similarity: 0.266)
2025-11-13 16:30:23,965 [INFO] Request: Island 300, Main Category 'art'
2025-11-13 16:30:23,967 [INFO] Starting AI image generation...
2025-11-13 16:32:26,968 [ERROR] AI generation failed
2025-11-13 16:52:56,862 [INFO] Sketch downloaded from drawings/drawing.png
2025-11-13 16:52:56,863 [INFO] Checking for text in sketch...
2025-11-13 16:52:57,139 [INFO] No text detected, proceeding with retrieval
2025-11-13 16:52:57,153 [INFO] Matched Island ID: 114 (similarity: 0.509)
2025-11-13 16:52:57,282 [INFO] Request: Island 114, Main Category 'art'
2025-11-13 16:52:57,284 [INFO] Starting AI image generation...
2025-11-13 16:53:59,285 [INFO] Image uploaded to generated/latest_island.png
2025-11-13 16:53:59,442 [INFO] Firestore updated
2025-11-13 16:53:59,444 [INFO] TIMING | Generation: 60.47s | Total: 62.16s
2025-11-13 16:54:27,785 [INFO] Sketch downloaded from drawings/drawing.png
2025-11-13 16:54:27,786 [INFO] Checking for text in sketch...
2025-11-13 16:54:27,917 [INFO] No text detected, proceeding with retrieval
2025-11-13 16:54:27,931 [INFO] Matched Island ID: 324 (similarity: 0.397)
2025-11-13 16:54:28,100 [INFO] Request: Island 324, Main Category 'art'
2025-11-13 16:54:28,102 [INFO] Starting AI image generation...
2025-11-13 16:55:22,004 [INFO] Image uploaded to generated/latest_island.png
2025-11-13 16:55:22,079 [INFO] Firestore updated
2025-11-13 16:55:22,080 [INFO] TIMING | Generation: 52.37s | Total: 53.98s
2025-11-13 16:56:12,321 [INFO] Sketch downloaded from drawings/drawing.png
2025-11-13 16:56:12,322 [INFO] Checking for text in sketch...
2025-11-13 16:56:12,461 [INFO] No text detected, proceeding with retrieval
2025-11-13 16:56:12,476 [INFO] Matched Island ID: 324 (similarity: 0.414)
2025-11-13 16:56:12,653 [INFO] Request: Island 324, Main Category 'art'
2025-11-13 16:56:12,654 [INFO] Starting AI image generation...
2025-11-13 16:56:30,183 [INFO] Image uploaded to generated/latest_island.png
2025-11-13 16:56:30,225 [INFO] Firestore updated
2025-11-13 16:56:30,227 [INFO] TIMING | Generation: 16.12s | Total: 17.57s
2025-11-13 16:58:07,260 [INFO] Sketch downloaded from drawings/drawing.png
2025-11-13 16:58:07,262 [INFO] Checking for text in sketch...
2025-11-13 16:58:07,362 [INFO] No text detected, proceeding with retrieval
2025-11-13 16:58:07,381 [INFO] Matched Island ID: 324 (similarity: 0.507)
2025-11-13 16:58:07,465 [INFO] Request: Island 324, Main Category 'art'
2025-11-13 16:58:07,466 [INFO] Starting AI image generation...
2025-11-13 16:59:39,481 [INFO] Image uploaded to generated/latest_island.png
2025-11-13 16:59:39,525 [INFO] Firestore updated
2025-11-13 16:59:39,526 [INFO] TIMING | Generation: 90.48s | Total: 92.06s
2025-11-13 17:05:08,526 [INFO] Sketch downloaded from drawings/drawing.png
2025-11-13 17:05:08,527 [INFO] Checking for text in sketch...
2025-11-13 17:05:08,662 [INFO] No text detected, proceeding with retrieval
2025-11-13 17:05:08,681 [INFO] Matched Island ID: 324 (similarity: 0.403)
2025-11-13 17:05:08,880 [INFO] Request: Island 324, Main Category 'art'
2025-11-13 17:05:08,882 [INFO] Starting AI image generation...
2025-11-13 17:07:11,726 [ERROR] AI generation failed
2025-11-13 17:07:14,068 [INFO] Sketch downloaded from drawings/drawing.png
2025-11-13 17:07:14,070 [INFO] Checking for text in sketch...
2025-11-13 17:07:14,272 [INFO] No text detected, proceeding with retrieval
2025-11-13 17:07:14,299 [INFO] Matched Island ID: 324 (similarity: 0.403)
2025-11-13 17:07:14,496 [INFO] Request: Island 324, Main Category 'art'
2025-11-13 17:07:14,498 [INFO] Starting AI image generation...
2025-11-13 17:08:26,098 [INFO] Image uploaded to generated/latest_island.png
2025-11-13 17:08:27,111 [INFO] Firestore updated
2025-11-13 17:08:27,112 [INFO] TIMING | Generation: 70.60s | Total: 72.62s
2025-11-13 17:09:52,044 [INFO] Sketch downloaded from drawings/drawing.png
2025-11-13 17:09:52,045 [INFO] Checking for text in sketch...
2025-11-13 17:09:52,202 [INFO] No text detected, proceeding with retrieval
2025-11-13 17:09:52,220 [INFO] Matched Island ID: 324 (similarity: 0.454)
2025-11-13 17:09:52,362 [INFO] Request: Island 324, Main Category 'nature'
2025-11-13 17:09:52,363 [INFO] Starting AI image generation...
2025-11-13 17:10:20,198 [INFO] Image uploaded to generated/latest_island.png
2025-11-13 17:10:20,247 [INFO] Firestore updated
2025-11-13 17:10:20,249 [INFO] TIMING | Generation: 26.20s | Total: 27.89s
2025-11-13 17:12:07,713 [INFO] Request: Island 3, Main Category 'taste'
2025-11-13 17:12:07,715 [INFO] Starting AI image generation...
2025-11-13 17:14:10,532 [ERROR] AI generation failed
2025-11-13 17:19:40,942 [INFO] Sketch downloaded from drawings/drawing.png
2025-11-13 17:19:40,943 [INFO] Checking for text in sketch...
2025-11-13 17:19:41,098 [INFO] No text detected, proceeding with retrieval
2025-11-13 17:19:41,119 [INFO] Matched Island ID: 324 (similarity: 0.413)
2025-11-13 17:19:41,252 [INFO] Request: Island 324, Main Category 'nature'
2025-11-13 17:19:41,254 [INFO] Starting AI image generation...
2025-11-13 17:20:11,096 [INFO] Image uploaded to generated/latest_island.png
2025-11-13 17:20:11,240 [INFO] Firestore updated
2025-11-13 17:20:11,242 [INFO] TIMING | Generation: 28.25s | Total: 29.99s
2025-11-13 17:20:52,396 [INFO] Sketch downloaded from drawings/drawing.png
2025-11-13 17:20:52,397 [INFO] Checking for text in sketch...
2025-11-13 17:20:52,532 [INFO] No text detected, proceeding with retrieval
2025-11-13 17:20:52,549 [INFO] Matched Island ID: 355 (similarity: 0.387)
2025-11-13 17:20:52,737 [INFO] Request: Island 355, Main Category 'heritage'
2025-11-13 17:20:52,738 [INFO] Starting AI image generation...
2025-11-13 17:22:55,501 [ERROR] AI generation failed
2025-11-13 17:41:10,886 [INFO] Request: Island 3, Main Category 'art'
2025-11-13 17:41:10,888 [INFO] Starting AI image generation...
2025-11-13 17:42:14,896 [INFO] Image uploaded to generated/latest_island.png
2025-11-13 17:42:15,163 [INFO] Firestore updated
2025-11-13 17:42:15,165 [INFO] TIMING | Generation: 62.41s | Total: 64.28s
2025-11-13 17:43:29,116 [INFO] Request: Island 3, Main Category 'art'
2025-11-13 17:43:29,118 [INFO] Starting AI image generation...
2025-11-13 17:43:48,909 [INFO] Image uploaded to generated/latest_island.png
2025-11-13 17:43:49,068 [INFO] Firestore updated
2025-11-13 17:43:49,069 [INFO] TIMING | Generation: 18.23s | Total: 19.96s
2025-11-13 17:43:54,590 [INFO] Request: Island 3, Main Category 'art'
2025-11-13 17:43:54,592 [INFO] Starting AI image generation...
2025-11-13 17:44:08,193 [INFO] Image uploaded to generated/latest_island.png
2025-11-13 17:44:08,288 [INFO] Firestore updated
2025-11-13 17:44:08,290 [INFO] TIMING | Generation: 12.09s | Total: 13.70s
2025-11-13 17:44:29,414 [INFO] Request: Island 3, Main Category 'art'
2025-11-13 17:44:29,416 [INFO] Starting AI image generation...
2025-11-13 17:45:27,492 [INFO] Image uploaded to generated/latest_island.png
2025-11-13 17:45:27,635 [INFO] Firestore updated
2025-11-13 17:45:27,637 [INFO] TIMING | Generation: 56.51s | Total: 58.24s
2025-11-13 17:45:33,326 [INFO] Request: Island 3, Main Category 'art'
2025-11-13 17:45:33,330 [INFO] Starting AI image generation...
2025-11-13 17:46:01,282 [INFO] Image uploaded to generated/latest_island.png
2025-11-13 17:46:01,414 [INFO] Firestore updated
2025-11-13 17:46:01,416 [INFO] TIMING | Generation: 26.32s | Total: 28.09s
2025-11-13 17:46:08,692 [INFO] Request: Island 3, Main Category 'art'
2025-11-13 17:46:08,693 [INFO] Starting AI image generation...
2025-11-13 17:46:30,440 [INFO] Image uploaded to generated/latest_island.png
2025-11-13 17:46:30,542 [INFO] Firestore updated
2025-11-13 17:46:30,544 [INFO] TIMING | Generation: 20.14s | Total: 21.85s
2025-11-13 17:49:52,965 [INFO] Request: Island 3, Main Category 'art'
2025-11-13 17:49:52,968 [INFO] Starting AI image generation...
2025-11-13 17:50:18,465 [INFO] Image uploaded to generated/latest_island.png
2025-11-13 17:50:18,551 [INFO] Firestore updated
2025-11-13 17:50:18,552 [INFO] TIMING | Generation: 24.24s | Total: 25.59s
2025-11-13 17:51:06,516 [INFO] Sketch downloaded from drawings/drawing.png
2025-11-13 17:51:06,517 [INFO] Checking for text in sketch...
2025-11-13 17:51:06,694 [INFO] No text detected, proceeding with retrieval
2025-11-13 17:51:06,713 [INFO] Matched Island ID: 355 (similarity: 0.377)
2025-11-13 17:51:06,835 [INFO] Request: Island 355, Main Category 'art'
2025-11-13 17:51:06,836 [INFO] Starting AI image generation...
2025-11-13 17:53:09,725 [ERROR] AI generation failed
2025-11-13 17:53:15,241 [INFO] Sketch downloaded from drawings/drawing.png
2025-11-13 17:53:15,242 [INFO] Checking for text in sketch...
2025-11-13 17:53:15,536 [INFO] No text detected, proceeding with retrieval
2025-11-13 17:53:15,608 [INFO] Matched Island ID: 355 (similarity: 0.377)
2025-11-13 17:53:15,768 [INFO] Request: Island 355, Main Category 'art'
2025-11-13 17:53:15,770 [INFO] Starting AI image generation...
2025-11-13 17:55:18,828 [ERROR] AI generation failed
2025-11-13 17:55:22,880 [INFO] Sketch downloaded from drawings/drawing.png
2025-11-13 17:55:22,881 [INFO] Checking for text in sketch...
2025-11-13 17:55:23,129 [INFO] No text detected, proceeding with retrieval
2025-11-13 17:55:23,182 [INFO] Matched Island ID: 355 (similarity: 0.377)
2025-11-13 17:55:23,377 [INFO] Request: Island 355, Main Category 'art'
2025-11-13 17:55:23,378 [INFO] Starting AI image generation...
2025-11-13 17:55:55,046 [INFO] Firebase initialized
2025-11-13 17:56:01,167 [INFO] IslandRetriever initialized (DB: C:\Users\h2ctlab_dev\Documents\ComfyUI\input\generated_sketches_all)
2025-11-13 17:56:01,205 [INFO] ComfyUI initialized (workflows: ['autumn', 'baekja', 'camellia', 'canola', 'cherry', 'constellation', 'dansaekhwa', 'entertainment', 'fantasy', 'hydragea', 'jage', 'jasu', 'klimt', 'landscape', 'monet', 'origami', 'pollock', 'sinyunbok', 'sumuk', 'traditional', 'vangogh', 'wave', 'winter', '_kimhongdo'])
2025-11-13 17:56:02,871 [INFO] OCR Client initialized
2025-11-13 17:56:02,874 [INFO] ==================================================
2025-11-13 17:56:02,875 [INFO] Flask AI Server Starting...
2025-11-13 17:56:02,876 [INFO] Storage Path: drawings/drawing.png
2025-11-13 17:56:02,878 [INFO] Port: 5000
2025-11-13 17:56:02,879 [INFO] ==================================================
2025-11-13 17:56:23,389 [INFO] Sketch downloaded from drawings/drawing.png
2025-11-13 17:56:23,391 [INFO] Checking for text in sketch...
2025-11-13 17:56:23,620 [INFO] No text detected, proceeding with retrieval
2025-11-13 17:56:23,653 [INFO] Matched Island ID: 355 (similarity: 0.377)
2025-11-13 17:56:23,708 [INFO] Request: Island 355, Main Category 'art'
2025-11-13 17:56:23,710 [INFO] Starting AI image generation...
2025-11-13 17:56:59,504 [INFO] Image uploaded to generated/latest_island.png
2025-11-13 17:56:59,656 [INFO] Firestore updated
2025-11-13 17:56:59,657 [INFO] TIMING | Generation: 34.22s | Total: 35.95s
2025-11-13 17:57:06,917 [INFO] Sketch downloaded from drawings/drawing.png
2025-11-13 17:57:06,919 [INFO] Checking for text in sketch...
2025-11-13 17:57:07,049 [INFO] No text detected, proceeding with retrieval
2025-11-13 17:57:07,066 [INFO] Matched Island ID: 355 (similarity: 0.425)
2025-11-13 17:57:07,267 [INFO] Request: Island 355, Main Category 'art'
2025-11-13 17:57:07,269 [INFO] Starting AI image generation...
2025-11-13 17:57:33,031 [INFO] Image uploaded to generated/latest_island.png
2025-11-13 17:57:33,082 [INFO] Firestore updated
2025-11-13 17:57:33,083 [INFO] TIMING | Generation: 24.16s | Total: 25.82s
2025-11-13 17:58:23,118 [INFO] Sketch downloaded from drawings/drawing.png
2025-11-13 17:58:23,119 [INFO] Checking for text in sketch...
2025-11-13 17:58:23,296 [INFO] No text detected, proceeding with retrieval
2025-11-13 17:58:23,317 [INFO] Matched Island ID: 330 (similarity: 0.545)
2025-11-13 17:58:23,447 [INFO] Request: Island 330, Main Category 'art'
2025-11-13 17:58:23,448 [INFO] Starting AI image generation...
2025-11-13 17:58:47,078 [INFO] Image uploaded to generated/latest_island.png
2025-11-13 17:58:47,129 [INFO] Firestore updated
2025-11-13 17:58:47,131 [INFO] TIMING | Generation: 22.13s | Total: 23.68s
2025-11-13 18:00:57,672 [INFO] Sketch downloaded from drawings/drawing.png
2025-11-13 18:00:57,677 [INFO] Checking for text in sketch...
2025-11-13 18:00:58,007 [INFO] No text detected, proceeding with retrieval
2025-11-13 18:00:58,153 [INFO] Matched Island ID: 44 (similarity: 0.280)
2025-11-13 18:00:58,442 [INFO] Request: Island 44, Main Category 'art'
2025-11-13 18:00:58,463 [INFO] Starting AI image generation...
2025-11-13 18:02:18,701 [INFO] Image uploaded to generated/latest_island.png
2025-11-13 18:02:18,737 [INFO] Firestore updated
2025-11-13 18:02:18,738 [INFO] TIMING | Generation: 78.69s | Total: 80.30s
2025-11-14 09:00:52,575 [INFO] Firebase initialized
2025-11-14 09:00:58,234 [INFO] IslandRetriever initialized (DB: C:\Users\h2ctlab_dev\Documents\ComfyUI\input\generated_sketches_all)
2025-11-14 09:00:58,258 [INFO] ComfyUI initialized (workflows: ['autumn', 'baekja', 'camellia', 'canola', 'cherry', 'constellation', 'dansaekhwa', 'entertainment', 'fantasy', 'hydragea', 'jage', 'jasu', 'klimt', 'landscape', 'monet', 'origami', 'pollock', 'sinyunbok', 'sumuk', 'traditional', 'vangogh', 'wave', 'winter', '_kimhongdo'])
2025-11-14 09:01:00,316 [INFO] OCR Client initialized
2025-11-14 09:01:00,319 [INFO] ==================================================
2025-11-14 09:01:00,320 [INFO] Flask AI Server Starting...
2025-11-14 09:01:00,321 [INFO] Storage Path: drawings/drawing.png
2025-11-14 09:01:00,322 [INFO] Port: 5000
2025-11-14 09:01:00,323 [INFO] ==================================================
2025-11-14 09:01:41,992 [INFO] Sketch downloaded from drawings/drawing.png
2025-11-14 09:01:41,994 [INFO] Checking for text in sketch...
2025-11-14 09:01:42,303 [INFO] No text detected, proceeding with retrieval
2025-11-14 09:01:42,341 [INFO] Matched Island ID: 112 (similarity: 0.246)
2025-11-14 09:01:42,542 [INFO] Request: Island 112, Main Category 'art'
2025-11-14 09:01:42,543 [INFO] Starting AI image generation...
2025-11-14 09:03:45,240 [ERROR] AI generation failed
2025-11-14 09:03:48,459 [INFO] Sketch downloaded from drawings/drawing.png
2025-11-14 09:03:48,461 [INFO] Checking for text in sketch...
2025-11-14 09:03:48,655 [INFO] No text detected, proceeding with retrieval
2025-11-14 09:03:48,693 [INFO] Matched Island ID: 112 (similarity: 0.246)
2025-11-14 09:03:48,849 [INFO] Request: Island 112, Main Category 'nature'
2025-11-14 09:03:48,850 [INFO] Starting AI image generation...
2025-11-14 09:05:51,564 [ERROR] AI generation failed
2025-11-14 09:05:59,475 [INFO] Sketch downloaded from drawings/drawing.png
2025-11-14 09:05:59,476 [INFO] Checking for text in sketch...
2025-11-14 09:05:59,657 [INFO] No text detected, proceeding with retrieval
2025-11-14 09:05:59,694 [INFO] Matched Island ID: 112 (similarity: 0.246)
2025-11-14 09:05:59,858 [INFO] Request: Island 112, Main Category 'nature'
2025-11-14 09:05:59,860 [INFO] Starting AI image generation...
2025-11-14 09:06:33,497 [INFO] Firebase initialized
2025-11-14 09:06:38,647 [INFO] IslandRetriever initialized (DB: C:\Users\h2ctlab_dev\Documents\ComfyUI\input\generated_sketches_all)
2025-11-14 09:06:38,682 [INFO] ComfyUI initialized (workflows: ['autumn', 'baekja', 'camellia', 'canola', 'cherry', 'constellation', 'dansaekhwa', 'entertainment', 'fantasy', 'hydragea', 'jage', 'jasu', 'klimt', 'landscape', 'monet', 'origami', 'pollock', 'sinyunbok', 'sumuk', 'traditional', 'vangogh', 'wave', 'winter', '_kimhongdo'])
2025-11-14 09:06:40,133 [INFO] OCR Client initialized
2025-11-14 09:06:40,136 [INFO] ==================================================
2025-11-14 09:06:40,137 [INFO] Flask AI Server Starting...
2025-11-14 09:06:40,138 [INFO] Storage Path: drawings/drawing.png
2025-11-14 09:06:40,139 [INFO] Port: 5000
2025-11-14 09:06:40,140 [INFO] ==================================================
2025-11-14 09:06:44,498 [INFO] Sketch downloaded from drawings/drawing.png
2025-11-14 09:06:44,501 [INFO] Checking for text in sketch...
2025-11-14 09:06:44,663 [INFO] No text detected, proceeding with retrieval
2025-11-14 09:06:44,696 [INFO] Matched Island ID: 112 (similarity: 0.246)
2025-11-14 09:06:44,860 [INFO] Request: Island 112, Main Category 'nature'
2025-11-14 09:06:44,862 [INFO] Starting AI image generation...
2025-11-14 09:07:15,659 [INFO] Image uploaded to generated/latest_island.png
2025-11-14 09:07:15,806 [INFO] Firestore updated
2025-11-14 09:07:15,808 [INFO] TIMING | Generation: 29.20s | Total: 30.95s
2025-11-14 09:07:28,545 [INFO] Sketch downloaded from drawings/drawing.png
2025-11-14 09:07:28,546 [INFO] Checking for text in sketch...
2025-11-14 09:07:28,759 [INFO] No text detected, proceeding with retrieval
2025-11-14 09:07:28,776 [INFO] Matched Island ID: 355 (similarity: 0.325)
2025-11-14 09:07:28,967 [INFO] Request: Island 355, Main Category 'nature'
2025-11-14 09:07:28,968 [INFO] Starting AI image generation...
2025-11-14 09:07:58,709 [INFO] Image uploaded to generated/latest_island.png
2025-11-14 09:07:58,757 [INFO] Firestore updated
2025-11-14 09:07:58,759 [INFO] TIMING | Generation: 28.17s | Total: 29.79s
2025-11-14 09:08:05,548 [INFO] Sketch downloaded from drawings/drawing.png
2025-11-14 09:08:05,549 [INFO] Checking for text in sketch...
2025-11-14 09:08:05,655 [INFO] No text detected, proceeding with retrieval
2025-11-14 09:08:05,674 [INFO] Matched Island ID: 222 (similarity: 0.428)
2025-11-14 09:08:05,847 [INFO] Request: Island 222, Main Category 'nature'
2025-11-14 09:08:05,856 [INFO] Starting AI image generation...
2025-11-14 09:08:43,158 [INFO] Image uploaded to generated/latest_island.png
2025-11-14 09:08:43,201 [INFO] Firestore updated
2025-11-14 09:08:43,202 [INFO] TIMING | Generation: 36.26s | Total: 37.35s
2025-11-14 09:08:48,005 [INFO] Sketch downloaded from drawings/drawing.png
2025-11-14 09:08:48,006 [INFO] Checking for text in sketch...
2025-11-14 09:08:48,119 [INFO] No text detected, proceeding with retrieval
2025-11-14 09:08:48,139 [INFO] Matched Island ID: 355 (similarity: 0.391)
2025-11-14 09:08:48,339 [INFO] Request: Island 355, Main Category 'nature'
2025-11-14 09:08:48,340 [INFO] Starting AI image generation...
2025-11-14 09:09:14,351 [INFO] Image uploaded to generated/latest_island.png
2025-11-14 09:09:14,423 [INFO] Firestore updated
2025-11-14 09:09:14,437 [INFO] TIMING | Generation: 24.40s | Total: 26.10s
2025-11-14 09:09:23,755 [INFO] Sketch downloaded from drawings/drawing.png
2025-11-14 09:09:23,757 [INFO] Checking for text in sketch...
2025-11-14 09:09:23,901 [INFO] No text detected, proceeding with retrieval
2025-11-14 09:09:23,925 [INFO] Matched Island ID: 10 (similarity: 0.376)
2025-11-14 09:09:24,061 [INFO] Request: Island 10, Main Category 'nature'
2025-11-14 09:09:24,063 [INFO] Starting AI image generation...
2025-11-14 09:09:55,870 [INFO] Image uploaded to generated/latest_island.png
2025-11-14 09:09:55,915 [INFO] Firestore updated
2025-11-14 09:09:55,917 [INFO] TIMING | Generation: 30.20s | Total: 31.86s
2025-11-14 09:12:03,476 [INFO] Sketch downloaded from drawings/drawing.png
2025-11-14 09:12:03,477 [INFO] Checking for text in sketch...
2025-11-14 09:12:03,595 [INFO] No text detected, proceeding with retrieval
2025-11-14 09:12:03,611 [INFO] Matched Island ID: 315 (similarity: 0.293)
2025-11-14 09:12:03,714 [INFO] Request: Island 315, Main Category 'nature'
2025-11-14 09:12:03,715 [INFO] Starting AI image generation...
2025-11-14 09:12:22,703 [INFO] Image uploaded to generated/latest_island.png
2025-11-14 09:12:22,772 [INFO] Firestore updated
2025-11-14 09:12:22,773 [INFO] TIMING | Generation: 18.12s | Total: 19.06s
2025-11-14 09:13:00,111 [INFO] Sketch downloaded from drawings/drawing.png
2025-11-14 09:13:00,112 [INFO] Checking for text in sketch...
2025-11-14 09:13:00,221 [INFO] No text detected, proceeding with retrieval
2025-11-14 09:13:00,237 [INFO] Matched Island ID: 60 (similarity: 0.303)
2025-11-14 09:13:00,351 [INFO] Request: Island 60, Main Category 'nature'
2025-11-14 09:13:00,352 [INFO] Starting AI image generation...
2025-11-14 09:13:18,127 [INFO] Image uploaded to generated/latest_island.png
2025-11-14 09:13:18,175 [INFO] Firestore updated
2025-11-14 09:13:18,177 [INFO] TIMING | Generation: 16.13s | Total: 17.83s
2025-11-14 09:16:24,243 [INFO] Sketch downloaded from drawings/drawing.png
2025-11-14 09:16:24,244 [INFO] Checking for text in sketch...
2025-11-14 09:16:24,353 [INFO] No text detected, proceeding with retrieval
2025-11-14 09:16:24,370 [INFO] Matched Island ID: 75 (similarity: 0.440)
2025-11-14 09:16:24,516 [INFO] Request: Island 75, Main Category 'art'
2025-11-14 09:16:24,518 [INFO] Starting AI image generation...
2025-11-14 09:16:48,424 [INFO] Image uploaded to generated/latest_island.png
2025-11-14 09:16:48,473 [INFO] Firestore updated
2025-11-14 09:16:48,475 [INFO] TIMING | Generation: 22.15s | Total: 23.96s
2025-11-14 09:20:21,402 [INFO] Sketch downloaded from drawings/drawing.png
2025-11-14 09:20:21,403 [INFO] Checking for text in sketch...
2025-11-14 09:20:21,497 [INFO] No text detected, proceeding with retrieval
2025-11-14 09:20:21,515 [INFO] Matched Island ID: 315 (similarity: 0.311)
2025-11-14 09:20:21,732 [INFO] Request: Island 315, Main Category 'nature'
2025-11-14 09:20:21,734 [INFO] Starting AI image generation...
2025-11-14 09:20:55,309 [INFO] Image uploaded to generated/latest_island.png
2025-11-14 09:20:55,414 [INFO] Firestore updated
2025-11-14 09:20:55,415 [INFO] TIMING | Generation: 32.20s | Total: 33.69s
2025-11-14 09:26:25,698 [INFO] Sketch downloaded from drawings/drawing.png
2025-11-14 09:26:25,699 [INFO] Checking for text in sketch...
2025-11-14 09:26:25,802 [INFO] No text detected, proceeding with retrieval
2025-11-14 09:26:25,819 [INFO] Matched Island ID: 253 (similarity: 0.309)
2025-11-14 09:26:26,025 [INFO] Request: Island 253, Main Category 'nature'
2025-11-14 09:26:26,027 [INFO] Starting AI image generation...
2025-11-14 09:26:55,784 [INFO] Image uploaded to generated/latest_island.png
2025-11-14 09:26:55,912 [INFO] Firestore updated
2025-11-14 09:26:55,913 [INFO] TIMING | Generation: 28.19s | Total: 29.89s
2025-11-14 09:27:47,907 [INFO] Sketch downloaded from drawings/drawing.png
2025-11-14 09:27:47,909 [INFO] Checking for text in sketch...
2025-11-14 09:27:48,005 [INFO] No text detected, proceeding with retrieval
2025-11-14 09:27:48,023 [INFO] Matched Island ID: 193 (similarity: 0.305)
2025-11-14 09:27:48,167 [INFO] Request: Island 193, Main Category 'nature'
2025-11-14 09:27:48,168 [INFO] Starting AI image generation...
2025-11-14 09:28:19,977 [INFO] Image uploaded to generated/latest_island.png
2025-11-14 09:28:20,056 [INFO] Firestore updated
2025-11-14 09:28:20,057 [INFO] TIMING | Generation: 30.21s | Total: 31.89s
2025-11-14 09:29:00,094 [INFO] Sketch downloaded from drawings/drawing.png
2025-11-14 09:29:00,095 [INFO] Checking for text in sketch...
2025-11-14 09:29:00,150 [INFO] No text detected, proceeding with retrieval
2025-11-14 09:29:00,165 [INFO] Matched Island ID: 315 (similarity: 0.293)
2025-11-14 09:29:00,325 [INFO] Request: Island 315, Main Category 'nature'
2025-11-14 09:29:00,326 [INFO] Starting AI image generation...
2025-11-14 09:29:31,462 [INFO] Image uploaded to generated/latest_island.png
2025-11-14 09:29:31,520 [INFO] Firestore updated
2025-11-14 09:29:31,521 [INFO] TIMING | Generation: 30.18s | Total: 31.20s
2025-11-14 09:29:59,091 [INFO] Sketch downloaded from drawings/drawing.png
2025-11-14 09:29:59,092 [INFO] Checking for text in sketch...
2025-11-14 09:29:59,189 [INFO] No text detected, proceeding with retrieval
2025-11-14 09:29:59,207 [INFO] Matched Island ID: 330 (similarity: 0.230)
2025-11-14 09:29:59,413 [INFO] Request: Island 330, Main Category 'nature'
2025-11-14 09:29:59,414 [INFO] Starting AI image generation...
2025-11-14 09:30:23,177 [INFO] Image uploaded to generated/latest_island.png
2025-11-14 09:30:23,233 [INFO] Firestore updated
2025-11-14 09:30:23,234 [INFO] TIMING | Generation: 22.15s | Total: 23.82s
2025-11-14 09:31:11,787 [INFO] Sketch downloaded from drawings/drawing.png
2025-11-14 09:31:11,789 [INFO] Checking for text in sketch...
2025-11-14 09:31:11,860 [INFO] No text detected, proceeding with retrieval
2025-11-14 09:31:11,879 [INFO] Matched Island ID: 44 (similarity: 0.385)
2025-11-14 09:31:12,002 [INFO] Request: Island 44, Main Category 'nature'
2025-11-14 09:31:12,003 [INFO] Starting AI image generation...
2025-11-14 09:31:39,780 [INFO] Image uploaded to generated/latest_island.png
2025-11-14 09:31:39,817 [INFO] Firestore updated
2025-11-14 09:31:39,819 [INFO] TIMING | Generation: 26.16s | Total: 27.82s
2025-11-14 09:32:40,862 [INFO] Sketch downloaded from drawings/drawing.png
2025-11-14 09:32:40,863 [INFO] Checking for text in sketch...
2025-11-14 09:32:40,960 [INFO] No text detected, proceeding with retrieval
2025-11-14 09:32:40,978 [INFO] Matched Island ID: 75 (similarity: 0.353)
2025-11-14 09:32:41,085 [INFO] Request: Island 75, Main Category 'nature'
2025-11-14 09:32:41,086 [INFO] Starting AI image generation...
2025-11-14 09:33:05,112 [INFO] Image uploaded to generated/latest_island.png
2025-11-14 09:33:05,152 [INFO] Firestore updated
2025-11-14 09:33:05,153 [INFO] TIMING | Generation: 22.37s | Total: 24.07s
2025-11-14 09:33:28,709 [INFO] Sketch downloaded from drawings/drawing.png
2025-11-14 09:33:28,710 [INFO] Checking for text in sketch...
2025-11-14 09:33:28,808 [INFO] No text detected, proceeding with retrieval
2025-11-14 09:33:28,825 [INFO] Matched Island ID: 125 (similarity: 0.298)
2025-11-14 09:33:29,034 [INFO] Request: Island 125, Main Category 'nature'
2025-11-14 09:33:29,036 [INFO] Starting AI image generation...
2025-11-14 09:34:00,229 [INFO] Image uploaded to generated/latest_island.png
2025-11-14 09:34:00,283 [INFO] Firestore updated
2025-11-14 09:34:00,285 [INFO] TIMING | Generation: 30.21s | Total: 31.25s
2025-11-14 09:36:20,219 [INFO] Sketch downloaded from drawings/drawing.png
2025-11-14 09:36:20,221 [INFO] Checking for text in sketch...
2025-11-14 09:36:20,286 [INFO] No text detected, proceeding with retrieval
2025-11-14 09:36:20,301 [INFO] Matched Island ID: 153 (similarity: 0.273)
2025-11-14 09:36:20,441 [INFO] Request: Island 153, Main Category 'nature'
2025-11-14 09:36:20,443 [INFO] Starting AI image generation...
2025-11-14 09:36:50,213 [INFO] Image uploaded to generated/latest_island.png
2025-11-14 09:36:50,260 [INFO] Firestore updated
2025-11-14 09:36:50,262 [INFO] TIMING | Generation: 28.21s | Total: 29.82s
2025-11-14 09:37:59,489 [INFO] Sketch downloaded from drawings/drawing.png
2025-11-14 09:37:59,490 [INFO] Checking for text in sketch...
2025-11-14 09:37:59,612 [INFO] No text detected, proceeding with retrieval
2025-11-14 09:37:59,629 [INFO] Matched Island ID: 16 (similarity: 0.287)
2025-11-14 09:37:59,757 [INFO] Request: Island 16, Main Category 'nature'
2025-11-14 09:37:59,758 [INFO] Starting AI image generation...
2025-11-14 09:38:25,517 [INFO] Image uploaded to generated/latest_island.png
2025-11-14 09:38:25,556 [INFO] Firestore updated
2025-11-14 09:38:25,558 [INFO] TIMING | Generation: 24.17s | Total: 25.80s
2025-11-14 09:41:04,180 [INFO] Sketch downloaded from drawings/drawing.png
2025-11-14 09:41:04,181 [INFO] Checking for text in sketch...
2025-11-14 09:41:04,301 [INFO] No text detected, proceeding with retrieval
2025-11-14 09:41:04,318 [INFO] Matched Island ID: 282 (similarity: 0.292)
2025-11-14 09:41:04,498 [INFO] Request: Island 282, Main Category 'nature'
2025-11-14 09:41:04,499 [INFO] Starting AI image generation...
2025-11-14 09:41:28,202 [INFO] Image uploaded to generated/latest_island.png
2025-11-14 09:41:28,274 [INFO] Firestore updated
2025-11-14 09:41:28,276 [INFO] TIMING | Generation: 22.16s | Total: 23.79s
2025-11-14 09:42:13,629 [INFO] Sketch downloaded from drawings/drawing.png
2025-11-14 09:42:13,630 [INFO] Checking for text in sketch...
2025-11-14 09:42:13,714 [INFO] No text detected, proceeding with retrieval
2025-11-14 09:42:13,729 [INFO] Matched Island ID: 193 (similarity: 0.295)
2025-11-14 09:42:13,919 [INFO] Request: Island 193, Main Category 'nature'
2025-11-14 09:42:13,920 [INFO] Starting AI image generation...
2025-11-14 09:42:53,196 [INFO] Image uploaded to generated/latest_island.png
2025-11-14 09:42:53,257 [INFO] Firestore updated
2025-11-14 09:42:53,259 [INFO] TIMING | Generation: 38.25s | Total: 39.34s
2025-11-14 09:43:55,773 [INFO] Sketch downloaded from drawings/drawing.png
2025-11-14 09:43:55,774 [INFO] Checking for text in sketch...
2025-11-14 09:43:55,890 [INFO] No text detected, proceeding with retrieval
2025-11-14 09:43:55,910 [INFO] Matched Island ID: 227 (similarity: 0.262)
2025-11-14 09:43:55,970 [INFO] Request: Island 227, Main Category 'heritage'
2025-11-14 09:43:55,971 [INFO] Starting AI image generation...
2025-11-14 09:44:19,692 [INFO] Image uploaded to generated/latest_island.png
2025-11-14 09:44:19,750 [INFO] Firestore updated
2025-11-14 09:44:19,752 [INFO] TIMING | Generation: 22.13s | Total: 23.78s
2025-11-14 09:44:52,577 [INFO] Sketch downloaded from drawings/drawing.png
2025-11-14 09:44:52,579 [INFO] Checking for text in sketch...
2025-11-14 09:44:52,695 [INFO] No text detected, proceeding with retrieval
2025-11-14 09:44:52,716 [INFO] Matched Island ID: 44 (similarity: 0.286)
2025-11-14 09:44:52,803 [INFO] Request: Island 44, Main Category 'nature'
2025-11-14 09:44:52,804 [INFO] Starting AI image generation...
2025-11-14 09:45:24,566 [INFO] Image uploaded to generated/latest_island.png
2025-11-14 09:45:24,644 [INFO] Firestore updated
2025-11-14 09:45:24,645 [INFO] TIMING | Generation: 30.15s | Total: 31.84s
2025-11-14 09:46:06,630 [INFO] Sketch downloaded from drawings/drawing.png
2025-11-14 09:46:06,632 [INFO] Checking for text in sketch...
2025-11-14 09:46:06,765 [INFO] No text detected, proceeding with retrieval
2025-11-14 09:46:06,785 [INFO] Matched Island ID: 91 (similarity: 0.401)
2025-11-14 09:46:06,862 [INFO] Request: Island 91, Main Category 'nature'
2025-11-14 09:46:06,864 [INFO] Starting AI image generation...
2025-11-14 09:46:38,704 [INFO] Image uploaded to generated/latest_island.png
2025-11-14 09:46:38,807 [INFO] Firestore updated
2025-11-14 09:46:38,809 [INFO] TIMING | Generation: 30.22s | Total: 31.95s
2025-11-14 09:52:50,791 [INFO] Firebase initialized
2025-11-14 09:52:55,710 [INFO] IslandRetriever initialized (DB: C:\Users\h2ctlab_dev\Documents\ComfyUI\input\generated_sketches_all)
2025-11-14 09:52:55,741 [INFO] ComfyUI initialized (workflows: ['autumn', 'baekja', 'camellia', 'canola', 'cherry', 'constellation', 'dansaekhwa', 'entertainment', 'fantasy', 'hydragea', 'jage', 'jasu', 'klimt', 'landscape', 'monet', 'origami', 'pollock', 'sinyunbok', 'sumuk', 'traditional', 'vangogh', 'wave', 'winter', '_kimhongdo'])
2025-11-14 09:52:57,187 [INFO] OCR Client initialized
2025-11-14 09:52:57,189 [INFO] ==================================================
2025-11-14 09:52:57,190 [INFO] Flask AI Server Starting...
2025-11-14 09:52:57,191 [INFO] Storage Path: drawings/drawing.png
2025-11-14 09:52:57,193 [INFO] Port: 5000
2025-11-14 09:52:57,194 [INFO] ==================================================
2025-11-14 09:54:04,749 [INFO] Sketch downloaded from drawings/drawing.png
2025-11-14 09:54:04,751 [INFO] Checking for text in sketch...
2025-11-14 09:54:04,974 [INFO] No text detected, proceeding with retrieval
2025-11-14 09:54:05,008 [INFO] Matched Island ID: 63 (similarity: 0.289)
2025-11-14 09:54:05,185 [INFO] Request: Island 63, Main Category 'heritage'
2025-11-14 09:54:05,187 [INFO] Starting AI image generation...
2025-11-14 09:56:07,865 [ERROR] AI generation failed
2025-11-14 09:56:17,272 [INFO] Sketch downloaded from drawings/drawing.png
2025-11-14 09:56:17,273 [INFO] Checking for text in sketch...
2025-11-14 09:56:17,458 [INFO] No text detected, proceeding with retrieval
2025-11-14 09:56:17,477 [INFO] Matched Island ID: 63 (similarity: 0.289)
2025-11-14 09:56:17,686 [INFO] Request: Island 63, Main Category 'nature'
2025-11-14 09:56:17,687 [INFO] Starting AI image generation...
2025-11-14 09:58:20,460 [ERROR] AI generation failed
2025-11-14 10:00:40,755 [INFO] Firebase initialized
2025-11-14 10:00:46,022 [INFO] IslandRetriever initialized (DB: C:\Users\h2ctlab_dev\Documents\ComfyUI\input\generated_sketches_all)
2025-11-14 10:00:46,061 [INFO] ComfyUI initialized (workflows: ['autumn', 'baekja', 'camellia', 'canola', 'cherry', 'constellation', 'dansaekhwa', 'entertainment', 'fantasy', 'hydragea', 'jage', 'jasu', 'klimt', 'landscape', 'monet', 'origami', 'pollock', 'sinyunbok', 'sumuk', 'traditional', 'vangogh', 'wave', 'winter', '_kimhongdo'])
2025-11-14 10:00:47,559 [INFO] OCR Client initialized
2025-11-14 10:00:47,562 [INFO] ==================================================
2025-11-14 10:00:47,563 [INFO] Flask AI Server Starting...
2025-11-14 10:00:47,564 [INFO] Storage Path: drawings/drawing.png
2025-11-14 10:00:47,565 [INFO] Port: 5000
2025-11-14 10:00:47,566 [INFO] ==================================================
2025-11-14 10:01:03,153 [INFO] Sketch downloaded from drawings/drawing.png
2025-11-14 10:01:03,156 [INFO] Checking for text in sketch...
2025-11-14 10:01:03,303 [INFO] No text detected, proceeding with retrieval
2025-11-14 10:01:03,330 [INFO] Matched Island ID: 63 (similarity: 0.289)
2025-11-14 10:01:03,540 [INFO] Request: Island 63, Main Category 'heritage'
2025-11-14 10:01:03,542 [INFO] Starting AI image generation...
2025-11-14 10:03:06,252 [ERROR] AI generation failed
2025-11-14 10:03:18,744 [INFO] Sketch downloaded from drawings/drawing.png
2025-11-14 10:03:18,745 [INFO] Checking for text in sketch...
2025-11-14 10:03:18,933 [INFO] No text detected, proceeding with retrieval
2025-11-14 10:03:18,976 [INFO] Matched Island ID: 63 (similarity: 0.289)
2025-11-14 10:03:19,169 [INFO] Request: Island 63, Main Category 'nature'
2025-11-14 10:03:19,170 [INFO] Starting AI image generation...
2025-11-14 10:05:21,886 [ERROR] AI generation failed
2025-11-14 10:06:02,623 [INFO] Firebase initialized
2025-11-14 10:06:08,154 [INFO] IslandRetriever initialized (DB: C:\Users\h2ctlab_dev\Documents\ComfyUI\input\generated_sketches_all)
2025-11-14 10:06:08,188 [INFO] ComfyUI initialized (workflows: ['autumn', 'baekja', 'camellia', 'canola', 'cherry', 'constellation', 'dansaekhwa', 'entertainment', 'fantasy', 'hydragea', 'jage', 'jasu', 'klimt', 'landscape', 'monet', 'origami', 'pollock', 'sinyunbok', 'sumuk', 'traditional', 'vangogh', 'wave', 'winter', '_kimhongdo'])
2025-11-14 10:06:09,650 [INFO] OCR Client initialized
2025-11-14 10:06:09,652 [INFO] ==================================================
2025-11-14 10:06:09,653 [INFO] Flask AI Server Starting...
2025-11-14 10:06:09,654 [INFO] Storage Path: drawings/drawing.png
2025-11-14 10:06:09,656 [INFO] Port: 5000
2025-11-14 10:06:09,657 [INFO] ==================================================
2025-11-14 10:07:35,401 [INFO] Firebase initialized
2025-11-14 10:07:40,357 [INFO] IslandRetriever initialized (DB: C:\Users\h2ctlab_dev\Documents\ComfyUI\input\generated_sketches_all)
2025-11-14 10:07:40,386 [INFO] ComfyUI initialized (workflows: ['autumn', 'baekja', 'camellia', 'canola', 'cherry', 'constellation', 'dansaekhwa', 'entertainment', 'fantasy', 'hydragea', 'jage', 'jasu', 'klimt', 'landscape', 'monet', 'origami', 'pollock', 'sinyunbok', 'sumuk', 'traditional', 'vangogh', 'wave', 'winter', '_kimhongdo'])
2025-11-14 10:07:41,847 [INFO] OCR Client initialized
2025-11-14 10:07:41,849 [INFO] ==================================================
2025-11-14 10:07:41,850 [INFO] Flask AI Server Starting...
2025-11-14 10:07:41,851 [INFO] Storage Path: drawings/drawing.png
2025-11-14 10:07:41,852 [INFO] Port: 5000
2025-11-14 10:07:41,853 [INFO] ==================================================
2025-11-14 10:07:43,452 [INFO] Sketch downloaded from drawings/drawing.png
2025-11-14 10:07:43,454 [INFO] Checking for text in sketch...
2025-11-14 10:07:43,604 [INFO] No text detected, proceeding with retrieval
2025-11-14 10:07:43,641 [INFO] Matched Island ID: 63 (similarity: 0.289)
2025-11-14 10:07:43,837 [INFO] Request: Island 63, Main Category 'heritage'
2025-11-14 10:07:43,839 [INFO] Starting AI image generation...
2025-11-14 10:07:45,878 [ERROR] AI generation failed
2025-11-14 10:07:51,716 [INFO] Sketch downloaded from drawings/drawing.png
2025-11-14 10:07:51,717 [INFO] Checking for text in sketch...
2025-11-14 10:07:51,817 [INFO] No text detected, proceeding with retrieval
2025-11-14 10:07:51,833 [INFO] Matched Island ID: 63 (similarity: 0.289)
2025-11-14 10:07:51,937 [INFO] Request: Island 63, Main Category 'heritage'
2025-11-14 10:07:51,938 [INFO] Starting AI image generation...
2025-11-14 10:08:57,331 [ERROR] AI generation failed
2025-11-14 10:09:04,658 [INFO] Sketch downloaded from drawings/drawing.png
2025-11-14 10:09:04,660 [INFO] Checking for text in sketch...
2025-11-14 10:09:04,862 [INFO] No text detected, proceeding with retrieval
2025-11-14 10:09:04,892 [INFO] Matched Island ID: 63 (similarity: 0.289)
2025-11-14 10:09:05,116 [INFO] Request: Island 63, Main Category 'nature'
2025-11-14 10:09:05,119 [INFO] Starting AI image generation...
2025-11-14 10:10:10,517 [ERROR] AI generation failed
2025-11-14 10:20:46,520 [INFO] Firebase initialized
2025-11-14 10:20:51,869 [INFO] IslandRetriever initialized (DB: C:\Users\h2ctlab_dev\Documents\ComfyUI\input\generated_sketches_all)
2025-11-14 10:20:51,905 [INFO] ComfyUI initialized (workflows: ['autumn', 'baekja', 'camellia', 'canola', 'cherry', 'constellation', 'dansaekhwa', 'entertainment', 'fantasy', 'hydragea', 'jage', 'jasu', 'klimt', 'landscape', 'monet', 'origami', 'pollock', 'sinyunbok', 'sumuk', 'traditional', 'vangogh', 'wave', 'winter', '_kimhongdo'])
2025-11-14 10:20:53,393 [INFO] OCR Client initialized
2025-11-14 10:20:53,396 [INFO] ==================================================
2025-11-14 10:20:53,397 [INFO] Flask AI Server Starting...
2025-11-14 10:20:53,398 [INFO] Storage Path: drawings/drawing.png
2025-11-14 10:20:53,399 [INFO] Port: 5000
2025-11-14 10:20:53,400 [INFO] ==================================================
2025-11-14 10:20:58,144 [INFO] Sketch downloaded from drawings/drawing.png
2025-11-14 10:20:58,146 [INFO] Checking for text in sketch...
2025-11-14 10:20:58,313 [INFO] No text detected, proceeding with retrieval
2025-11-14 10:20:58,347 [INFO] Matched Island ID: 114 (similarity: 0.367)
2025-11-14 10:20:58,452 [INFO] Request: Island 114, Main Category 'heritage'
2025-11-14 10:20:58,453 [INFO] Starting AI image generation...
2025-11-14 10:22:02,850 [ERROR] AI generation failed
2025-11-14 10:22:07,303 [INFO] Sketch downloaded from drawings/drawing.png
2025-11-14 10:22:07,304 [INFO] Checking for text in sketch...
2025-11-14 10:22:07,498 [INFO] No text detected, proceeding with retrieval
2025-11-14 10:22:07,544 [INFO] Matched Island ID: 114 (similarity: 0.367)
2025-11-14 10:22:07,703 [INFO] Request: Island 114, Main Category 'nature'
2025-11-14 10:22:07,705 [INFO] Starting AI image generation...
2025-11-14 10:23:12,134 [ERROR] AI generation failed
2025-11-14 10:28:01,397 [INFO] Firebase initialized
2025-11-14 10:28:06,764 [INFO] IslandRetriever initialized (DB: C:\Users\h2ctlab_dev\Documents\ComfyUI\input\generated_sketches_all)
2025-11-14 10:28:06,802 [INFO] ComfyUI initialized (workflows: ['autumn', 'baekja', 'camellia', 'canola', 'cherry', 'constellation', 'dansaekhwa', 'entertainment', 'fantasy', 'hydragea', 'jage', 'jasu', 'klimt', 'landscape', 'monet', 'origami', 'pollock', 'sinyunbok', 'sumuk', 'traditional', 'vangogh', 'wave', 'winter', '_kimhongdo'])
2025-11-14 10:28:08,262 [INFO] OCR Client initialized
2025-11-14 10:28:08,265 [INFO] ==================================================
2025-11-14 10:28:08,265 [INFO] Flask AI Server Starting...
2025-11-14 10:28:08,267 [INFO] Storage Path: drawings/drawing.png
2025-11-14 10:28:08,268 [INFO] Port: 5000
2025-11-14 10:28:08,269 [INFO] ==================================================
2025-11-14 10:30:06,360 [INFO] Sketch downloaded from drawings/drawing.png
2025-11-14 10:30:06,363 [INFO] Checking for text in sketch...
2025-11-14 10:30:06,512 [INFO] No text detected, proceeding with retrieval
2025-11-14 10:30:06,547 [INFO] Matched Island ID: 38 (similarity: 0.254)
2025-11-14 10:30:06,704 [INFO] Request: Island 38, Main Category 'heritage'
2025-11-14 10:30:06,705 [INFO] Starting AI image generation...
2025-11-14 10:31:11,114 [ERROR] AI generation failed
2025-11-14 10:31:17,674 [INFO] Sketch downloaded from drawings/drawing.png
2025-11-14 10:31:17,676 [INFO] Checking for text in sketch...
2025-11-14 10:31:17,852 [INFO] No text detected, proceeding with retrieval
2025-11-14 10:31:17,871 [INFO] Matched Island ID: 38 (similarity: 0.254)
2025-11-14 10:31:18,032 [INFO] Request: Island 38, Main Category 'nature'
2025-11-14 10:31:18,033 [INFO] Starting AI image generation...
2025-11-14 10:32:22,401 [ERROR] AI generation failed
2025-11-14 10:33:18,691 [INFO] Firebase initialized
2025-11-14 10:33:24,170 [INFO] IslandRetriever initialized (DB: C:\Users\h2ctlab_dev\Documents\ComfyUI\input\generated_sketches_all)
2025-11-14 10:33:24,236 [INFO] ComfyUI initialized (workflows: ['autumn', 'baekja', 'camellia', 'canola', 'cherry', 'constellation', 'dansaekhwa', 'entertainment', 'fantasy', 'hydragea', 'jage', 'jasu', 'klimt', 'landscape', 'monet', 'origami', 'pollock', 'sinyunbok', 'sumuk', 'traditional', 'vangogh', 'wave', 'winter', '_kimhongdo'])
2025-11-14 10:33:25,716 [INFO] OCR Client initialized
2025-11-14 10:33:25,719 [INFO] ==================================================
2025-11-14 10:33:25,720 [INFO] Flask AI Server Starting...
2025-11-14 10:33:25,721 [INFO] Storage Path: drawings/drawing.png
2025-11-14 10:33:25,722 [INFO] Port: 5000
2025-11-14 10:33:25,723 [INFO] ==================================================
2025-11-14 10:33:39,887 [INFO] Sketch downloaded from drawings/drawing.png
2025-11-14 10:33:39,889 [INFO] Checking for text in sketch...
2025-11-14 10:33:40,042 [INFO] No text detected, proceeding with retrieval
2025-11-14 10:33:40,078 [INFO] Matched Island ID: 38 (similarity: 0.254)
2025-11-14 10:33:40,201 [INFO] Request: Island 38, Main Category 'heritage'
2025-11-14 10:33:40,203 [INFO] Starting AI image generation...
2025-11-14 10:33:40,210 [ERROR] AI generation failed
2025-11-14 10:33:46,145 [INFO] Sketch downloaded from drawings/drawing.png
2025-11-14 10:33:46,147 [INFO] Checking for text in sketch...
2025-11-14 10:33:46,322 [INFO] No text detected, proceeding with retrieval
2025-11-14 10:33:46,346 [INFO] Matched Island ID: 38 (similarity: 0.254)
2025-11-14 10:33:46,439 [INFO] Request: Island 38, Main Category 'heritage'
2025-11-14 10:33:46,441 [INFO] Starting AI image generation...
2025-11-14 10:35:49,122 [ERROR] AI generation failed
2025-11-14 10:35:51,322 [INFO] Sketch downloaded from drawings/drawing.png
2025-11-14 10:35:51,324 [INFO] Checking for text in sketch...
2025-11-14 10:35:51,530 [INFO] No text detected, proceeding with retrieval
2025-11-14 10:35:51,565 [INFO] Matched Island ID: 38 (similarity: 0.254)
2025-11-14 10:35:51,708 [INFO] Request: Island 38, Main Category 'nature'
2025-11-14 10:35:51,710 [INFO] Starting AI image generation...
2025-11-14 10:37:54,406 [ERROR] AI generation failed
2025-11-14 10:39:46,341 [INFO] Firebase initialized
2025-11-14 10:39:51,757 [INFO] IslandRetriever initialized (DB: C:\Users\h2ctlab_dev\Documents\ComfyUI\input\generated_sketches_all)
2025-11-14 10:39:51,795 [INFO] ComfyUI initialized (workflows: ['autumn', 'baekja', 'camellia', 'canola', 'cherry', 'constellation', 'dansaekhwa', 'entertainment', 'fantasy', 'hydragea', 'jage', 'jasu', 'klimt', 'landscape', 'monet', 'origami', 'pollock', 'sinyunbok', 'sumuk', 'traditional', 'vangogh', 'wave', 'winter', '_kimhongdo'])
2025-11-14 10:39:53,333 [INFO] OCR Client initialized
2025-11-14 10:39:53,335 [INFO] ==================================================
2025-11-14 10:39:53,336 [INFO] Flask AI Server Starting...
2025-11-14 10:39:53,337 [INFO] Storage Path: drawings/drawing.png
2025-11-14 10:39:53,338 [INFO] Port: 5000
2025-11-14 10:39:53,340 [INFO] ==================================================
2025-11-14 10:41:30,486 [INFO] Sketch downloaded from drawings/drawing.png
2025-11-14 10:41:30,488 [INFO] Checking for text in sketch...
2025-11-14 10:41:30,645 [INFO] No text detected, proceeding with retrieval
2025-11-14 10:41:30,670 [INFO] Matched Island ID: 38 (similarity: 0.254)
2025-11-14 10:41:30,844 [INFO] Request: Island 38, Main Category 'heritage'
2025-11-14 10:41:30,846 [INFO] Starting AI image generation...
2025-11-14 10:41:49,923 [INFO] Image uploaded to generated/latest_island.png
2025-11-14 10:41:50,076 [INFO] Firestore updated
2025-11-14 10:41:50,077 [INFO] TIMING | Generation: 18.15s | Total: 19.23s
2025-11-14 10:41:55,566 [INFO] Sketch downloaded from drawings/drawing.png
2025-11-14 10:41:55,567 [INFO] Checking for text in sketch...
2025-11-14 10:41:55,768 [INFO] No text detected, proceeding with retrieval
2025-11-14 10:41:55,785 [INFO] Matched Island ID: 65 (similarity: 0.341)
2025-11-14 10:41:55,915 [INFO] Request: Island 65, Main Category 'heritage'
2025-11-14 10:41:55,916 [INFO] Starting AI image generation...
2025-11-14 10:42:58,298 [ERROR] AI generation failed
2025-11-14 10:43:02,881 [INFO] Sketch downloaded from drawings/drawing.png
2025-11-14 10:43:02,883 [INFO] Checking for text in sketch...
2025-11-14 10:43:03,131 [INFO] No text detected, proceeding with retrieval
2025-11-14 10:43:03,161 [INFO] Matched Island ID: 65 (similarity: 0.341)
2025-11-14 10:43:03,290 [INFO] Request: Island 65, Main Category 'nature'
2025-11-14 10:43:03,292 [INFO] Starting AI image generation...
2025-11-14 10:44:05,695 [ERROR] AI generation failed
2025-11-14 11:01:11,636 [INFO] Firebase initialized
2025-11-14 11:01:16,974 [INFO] IslandRetriever initialized (DB: C:\Users\h2ctlab_dev\Documents\ComfyUI\input\generated_sketches_all)
2025-11-14 11:01:17,008 [INFO] ComfyUI initialized (workflows: ['autumn', 'baekja', 'camellia', 'canola', 'cherry', 'constellation', 'dansaekhwa', 'entertainment', 'fantasy', 'hydragea', 'jage', 'jasu', 'klimt', 'landscape', 'monet', 'origami', 'pollock', 'sinyunbok', 'sumuk', 'traditional', 'vangogh', 'wave', 'winter', '_kimhongdo'])
2025-11-14 11:01:18,479 [INFO] OCR Client initialized
2025-11-14 11:01:18,482 [INFO] ==================================================
2025-11-14 11:01:18,483 [INFO] Flask AI Server Starting...
2025-11-14 11:01:18,485 [INFO] Storage Path: drawings/drawing.png
2025-11-14 11:01:18,486 [INFO] Port: 5000
2025-11-14 11:01:18,487 [INFO] ==================================================
2025-11-14 11:02:02,339 [INFO] Sketch downloaded from drawings/drawing.png
2025-11-14 11:02:02,341 [INFO] Checking for text in sketch...
2025-11-14 11:02:02,611 [WARNING] Text detected: ['M']
2025-11-14 11:02:06,864 [INFO] Sketch downloaded from drawings/drawing.png
2025-11-14 11:02:06,865 [INFO] Checking for text in sketch...
2025-11-14 11:02:07,012 [WARNING] Text detected: ['M']
2025-11-14 11:02:16,001 [INFO] Sketch downloaded from drawings/drawing.png
2025-11-14 11:02:16,003 [INFO] Checking for text in sketch...
2025-11-14 11:02:16,194 [WARNING] Text detected: ['D']
2025-11-14 11:02:22,663 [INFO] Sketch downloaded from drawings/drawing.png
2025-11-14 11:02:22,664 [INFO] Checking for text in sketch...
2025-11-14 11:02:22,819 [INFO] No text detected, proceeding with retrieval
2025-11-14 11:02:22,838 [INFO] Matched Island ID: 91 (similarity: 0.291)
2025-11-14 11:02:22,964 [INFO] Request: Island 91, Main Category 'heritage'
2025-11-14 11:02:22,966 [INFO] Starting AI image generation...
2025-11-14 11:02:42,081 [INFO] Image uploaded to generated/latest_island.png
2025-11-14 11:02:42,194 [INFO] Firestore updated
2025-11-14 11:02:42,195 [INFO] TIMING | Generation: 18.13s | Total: 19.23s
2025-11-14 11:02:47,517 [INFO] Sketch downloaded from drawings/drawing.png
2025-11-14 11:02:47,518 [INFO] Checking for text in sketch...
2025-11-14 11:02:47,614 [INFO] No text detected, proceeding with retrieval
2025-11-14 11:02:47,632 [INFO] Matched Island ID: 44 (similarity: 0.223)
2025-11-14 11:02:47,713 [INFO] Request: Island 44, Main Category 'heritage'
2025-11-14 11:02:47,715 [INFO] Starting AI image generation...
2025-11-14 11:03:48,104 [ERROR] Generation failed after 60.39s: not enough values to unpack (expected 3, got 2)
Traceback (most recent call last):
  File "C:\Users\h2ctlab_dev\Desktop\Island\server\server.py", line 319, in generate_image
    img_content, img_filename, selected_category = comfyui_client.generate_island_image(
ValueError: not enough values to unpack (expected 3, got 2)
2025-11-14 11:03:59,417 [INFO] Sketch downloaded from drawings/drawing.png
2025-11-14 11:03:59,419 [INFO] Checking for text in sketch...
2025-11-14 11:03:59,585 [INFO] No text detected, proceeding with retrieval
2025-11-14 11:03:59,616 [INFO] Matched Island ID: 44 (similarity: 0.223)
2025-11-14 11:03:59,744 [INFO] Request: Island 44, Main Category 'nature'
2025-11-14 11:03:59,746 [INFO] Starting AI image generation...
2025-11-14 11:05:00,086 [ERROR] Generation failed after 60.34s: not enough values to unpack (expected 3, got 2)
Traceback (most recent call last):
  File "C:\Users\h2ctlab_dev\Desktop\Island\server\server.py", line 319, in generate_image
    img_content, img_filename, selected_category = comfyui_client.generate_island_image(
ValueError: not enough values to unpack (expected 3, got 2)
2025-11-14 11:05:37,584 [INFO] Firebase initialized
2025-11-14 11:05:42,967 [INFO] IslandRetriever initialized (DB: C:\Users\h2ctlab_dev\Documents\ComfyUI\input\generated_sketches_all)
2025-11-14 11:05:43,006 [INFO] ComfyUI initialized (workflows: ['autumn', 'baekja', 'camellia', 'canola', 'cherry', 'constellation', 'dansaekhwa', 'entertainment', 'fantasy', 'hydragea', 'jage', 'jasu', 'klimt', 'landscape', 'monet', 'origami', 'pollock', 'sinyunbok', 'sumuk', 'traditional', 'vangogh', 'wave', 'winter', '_kimhongdo'])
2025-11-14 11:05:44,478 [INFO] OCR Client initialized
2025-11-14 11:05:44,480 [INFO] ==================================================
2025-11-14 11:05:44,481 [INFO] Flask AI Server Starting...
2025-11-14 11:05:44,483 [INFO] Storage Path: drawings/drawing.png
2025-11-14 11:05:44,484 [INFO] Port: 5000
2025-11-14 11:05:44,485 [INFO] ==================================================
2025-11-14 11:05:50,917 [INFO] Sketch downloaded from drawings/drawing.png
2025-11-14 11:05:50,919 [INFO] Checking for text in sketch...
2025-11-14 11:05:51,136 [INFO] No text detected, proceeding with retrieval
2025-11-14 11:05:51,169 [INFO] Matched Island ID: 44 (similarity: 0.223)
2025-11-14 11:05:51,439 [INFO] Request: Island 44, Main Category 'heritage'
2025-11-14 11:05:51,440 [INFO] Starting AI image generation...
2025-11-14 11:05:51,446 [ERROR] AI generation failed
2025-11-14 11:05:56,638 [INFO] Sketch downloaded from drawings/drawing.png
2025-11-14 11:05:56,639 [INFO] Checking for text in sketch...
2025-11-14 11:05:56,775 [INFO] No text detected, proceeding with retrieval
2025-11-14 11:05:56,796 [INFO] Matched Island ID: 44 (similarity: 0.223)
2025-11-14 11:05:56,973 [INFO] Request: Island 44, Main Category 'heritage'
2025-11-14 11:05:56,975 [INFO] Starting AI image generation...
2025-11-14 11:06:57,343 [ERROR] AI generation failed
2025-11-14 11:07:05,064 [INFO] Sketch downloaded from drawings/drawing.png
2025-11-14 11:07:05,065 [INFO] Checking for text in sketch...
2025-11-14 11:07:05,243 [INFO] No text detected, proceeding with retrieval
2025-11-14 11:07:05,273 [INFO] Matched Island ID: 44 (similarity: 0.223)
2025-11-14 11:07:05,509 [INFO] Request: Island 44, Main Category 'nature'
2025-11-14 11:07:05,511 [INFO] Starting AI image generation...
2025-11-14 11:08:05,900 [ERROR] AI generation failed
2025-11-14 11:08:16,869 [INFO] Sketch downloaded from drawings/drawing.png
2025-11-14 11:08:16,870 [INFO] Checking for text in sketch...
2025-11-14 11:08:17,044 [INFO] No text detected, proceeding with retrieval
2025-11-14 11:08:17,061 [INFO] Matched Island ID: 44 (similarity: 0.223)
2025-11-14 11:08:17,323 [INFO] Request: Island 44, Main Category 'art'
2025-11-14 11:08:17,324 [INFO] Starting AI image generation...
2025-11-14 11:09:17,727 [ERROR] AI generation failed
2025-11-14 11:20:12,512 [INFO] Firebase initialized
2025-11-14 11:20:17,859 [INFO] IslandRetriever initialized (DB: C:\Users\h2ctlab_dev\Documents\ComfyUI\input\generated_sketches_all)
2025-11-14 11:20:17,896 [INFO] ComfyUI initialized (workflows: ['autumn', 'baekja', 'camellia', 'canola', 'cherry', 'constellation', 'dansaekhwa', 'entertainment', 'fantasy', 'hydragea', 'jage', 'jasu', 'klimt', 'landscape', 'monet', 'origami', 'pollock', 'sinyunbok', 'sumuk', 'traditional', 'vangogh', 'wave', 'winter', '_kimhongdo'])
2025-11-14 11:20:19,370 [INFO] OCR Client initialized
2025-11-14 11:20:19,372 [INFO] ==================================================
2025-11-14 11:20:19,373 [INFO] Flask AI Server Starting...
2025-11-14 11:20:19,374 [INFO] Storage Path: drawings/drawing.png
2025-11-14 11:20:19,375 [INFO] Port: 5000
2025-11-14 11:20:19,376 [INFO] ==================================================
2025-11-14 11:34:42,322 [INFO] Sketch downloaded from drawings/drawing.png
2025-11-14 11:34:42,324 [INFO] Checking for text in sketch...
2025-11-14 11:34:42,594 [INFO] No text detected, proceeding with retrieval
2025-11-14 11:34:42,611 [INFO] Matched Island ID: 91 (similarity: 0.324)
2025-11-14 11:34:42,789 [INFO] Request: Island 91, Main Category 'heritage'
2025-11-14 11:34:42,791 [INFO] Starting AI image generation...
2025-11-14 11:35:03,896 [INFO] Image uploaded to generated/latest_island.png
2025-11-14 11:35:04,049 [INFO] Firestore updated
2025-11-14 11:35:04,050 [INFO] TIMING | Generation: 20.15s | Total: 21.26s
2025-11-14 11:36:48,151 [INFO] Sketch downloaded from drawings/drawing.png
2025-11-14 11:36:48,152 [INFO] Checking for text in sketch...
2025-11-14 11:36:48,283 [INFO] No text detected, proceeding with retrieval
2025-11-14 11:36:48,299 [INFO] Matched Island ID: 163 (similarity: 0.555)
2025-11-14 11:36:48,442 [INFO] Request: Island 163, Main Category 'heritage'
2025-11-14 11:36:48,444 [INFO] Starting AI image generation...
2025-11-14 11:37:12,269 [INFO] Image uploaded to generated/latest_island.png
2025-11-14 11:37:12,315 [INFO] Firestore updated
2025-11-14 11:37:12,316 [INFO] TIMING | Generation: 22.18s | Total: 23.87s
2025-11-14 11:37:26,839 [INFO] Sketch downloaded from drawings/drawing.png
2025-11-14 11:37:26,840 [INFO] Checking for text in sketch...
2025-11-14 11:37:27,042 [INFO] No text detected, proceeding with retrieval
2025-11-14 11:37:27,059 [INFO] Matched Island ID: 141 (similarity: 0.350)
2025-11-14 11:37:27,256 [INFO] Request: Island 141, Main Category 'heritage'
2025-11-14 11:37:27,257 [INFO] Starting AI image generation...
2025-11-14 11:38:37,589 [ERROR] AI generation failed
2025-11-14 11:38:42,641 [INFO] Sketch downloaded from drawings/drawing.png
2025-11-14 11:38:42,643 [INFO] Checking for text in sketch...
2025-11-14 11:38:42,942 [INFO] No text detected, proceeding with retrieval
2025-11-14 11:38:42,960 [INFO] Matched Island ID: 141 (similarity: 0.350)
2025-11-14 11:38:43,149 [INFO] Request: Island 141, Main Category 'nature'
2025-11-14 11:38:43,150 [INFO] Starting AI image generation...
2025-11-14 11:39:53,524 [ERROR] AI generation failed
2025-11-14 11:47:23,257 [INFO] Firebase initialized
2025-11-14 11:47:28,635 [INFO] IslandRetriever initialized (DB: C:\Users\h2ctlab_dev\Documents\ComfyUI\input\generated_sketches_all)
2025-11-14 11:47:28,675 [INFO] ComfyUI initialized (workflows: ['autumn', 'baekja', 'camellia', 'canola', 'cherry', 'constellation', 'dansaekhwa', 'entertainment', 'fantasy', 'hydragea', 'jage', 'jasu', 'klimt', 'landscape', 'monet', 'origami', 'pollock', 'sinyunbok', 'sumuk', 'traditional', 'vangogh', 'wave', 'winter', '_kimhongdo'])
2025-11-14 11:47:30,204 [INFO] OCR Client initialized
2025-11-14 11:47:30,207 [INFO] ==================================================
2025-11-14 11:47:30,208 [INFO] Flask AI Server Starting...
2025-11-14 11:47:30,209 [INFO] Storage Path: drawings/drawing.png
2025-11-14 11:47:30,210 [INFO] Port: 5000
2025-11-14 11:47:30,211 [INFO] ==================================================
2025-11-14 12:38:02,878 [INFO] Firebase initialized
2025-11-14 12:38:07,980 [INFO] IslandRetriever initialized (DB: C:\Users\h2ctlab_dev\Documents\ComfyUI\input\generated_sketches_all)
2025-11-14 12:38:08,011 [INFO] ComfyUI initialized (workflows: ['autumn', 'baekja', 'camellia', 'canola', 'cherry', 'constellation', 'dansaekhwa', 'entertainment', 'fantasy', 'hydragea', 'jage', 'jasu', 'klimt', 'landscape', 'monet', 'origami', 'pollock', 'sinyunbok', 'sumuk', 'traditional', 'vangogh', 'wave', 'winter', '_kimhongdo'])
2025-11-14 12:38:09,550 [INFO] OCR Client initialized
2025-11-14 12:38:09,553 [INFO] ==================================================
2025-11-14 12:38:09,554 [INFO] Flask AI Server Starting...
2025-11-14 12:38:09,555 [INFO] Storage Path: drawings/drawing.png
2025-11-14 12:38:09,556 [INFO] Port: 5000
2025-11-14 12:38:09,558 [INFO] ==================================================
2025-11-14 12:38:14,865 [INFO] Sketch downloaded from drawings/drawing.png
2025-11-14 12:38:14,867 [INFO] Checking for text in sketch...
2025-11-14 12:38:15,066 [INFO] No text detected, proceeding with retrieval
2025-11-14 12:38:15,085 [INFO] Matched Island ID: 311 (similarity: 0.288)
2025-11-14 12:38:15,196 [INFO] Request: Island 311, Main Category 'heritage'
2025-11-14 12:38:15,198 [INFO] Starting AI image generation...
2025-11-14 12:39:25,560 [ERROR] AI generation failed
2025-11-14 12:39:31,186 [INFO] Sketch downloaded from drawings/drawing.png
2025-11-14 12:39:31,187 [INFO] Checking for text in sketch...
2025-11-14 12:39:31,484 [INFO] No text detected, proceeding with retrieval
2025-11-14 12:39:31,514 [INFO] Matched Island ID: 311 (similarity: 0.288)
2025-11-14 12:39:31,754 [INFO] Request: Island 311, Main Category 'nature'
2025-11-14 12:39:31,756 [INFO] Starting AI image generation...
2025-11-14 12:41:05,787 [INFO] Firebase initialized
2025-11-14 12:41:11,253 [INFO] IslandRetriever initialized (DB: C:\Users\h2ctlab_dev\Documents\ComfyUI\input\generated_sketches_all)
2025-11-14 12:41:11,293 [INFO] ComfyUI initialized (workflows: ['autumn', 'baekja', 'camellia', 'canola', 'cherry', 'constellation', 'dansaekhwa', 'entertainment', 'fantasy', 'hydragea', 'jage', 'jasu', 'klimt', 'landscape', 'monet', 'origami', 'pollock', 'sinyunbok', 'sumuk', 'traditional', 'vangogh', 'wave', 'winter', '_kimhongdo'])
2025-11-14 12:41:12,774 [INFO] OCR Client initialized
2025-11-14 12:41:12,777 [INFO] ==================================================
2025-11-14 12:41:12,778 [INFO] Flask AI Server Starting...
2025-11-14 12:41:12,779 [INFO] Storage Path: drawings/drawing.png
2025-11-14 12:41:12,780 [INFO] Port: 5000
2025-11-14 12:41:12,781 [INFO] ==================================================
2025-11-14 12:41:23,930 [INFO] Sketch downloaded from drawings/drawing.png
2025-11-14 12:41:23,933 [INFO] Checking for text in sketch...
2025-11-14 12:41:24,141 [INFO] No text detected, proceeding with retrieval
2025-11-14 12:41:24,161 [INFO] Matched Island ID: 311 (similarity: 0.288)
2025-11-14 12:41:24,381 [INFO] Request: Island 311, Main Category 'heritage'
2025-11-14 12:41:24,382 [INFO] Starting AI image generation...
2025-11-14 12:41:50,105 [INFO] Image uploaded to generated/latest_island.png
2025-11-14 12:41:50,251 [INFO] Firestore updated
2025-11-14 12:41:50,253 [INFO] TIMING | Generation: 24.19s | Total: 25.87s
2025-11-14 12:41:56,146 [INFO] Sketch downloaded from drawings/drawing.png
2025-11-14 12:41:56,147 [INFO] Checking for text in sketch...
2025-11-14 12:41:56,277 [INFO] No text detected, proceeding with retrieval
2025-11-14 12:41:56,298 [INFO] Matched Island ID: 63 (similarity: 0.234)
2025-11-14 12:41:56,468 [INFO] Request: Island 63, Main Category 'heritage'
2025-11-14 12:41:56,470 [INFO] Starting AI image generation...
2025-11-14 12:42:14,207 [INFO] Image uploaded to generated/latest_island.png
2025-11-14 12:42:14,255 [INFO] Firestore updated
2025-11-14 12:42:14,256 [INFO] TIMING | Generation: 16.14s | Total: 17.79s
2025-11-14 12:42:36,928 [INFO] Sketch downloaded from drawings/drawing.png
2025-11-14 12:42:36,929 [INFO] Checking for text in sketch...
2025-11-14 12:42:37,044 [INFO] No text detected, proceeding with retrieval
2025-11-14 12:42:37,061 [INFO] Matched Island ID: 330 (similarity: 0.477)
2025-11-14 12:42:37,256 [INFO] Request: Island 330, Main Category 'heritage'
2025-11-14 12:42:37,257 [INFO] Starting AI image generation...
2025-11-14 12:42:55,133 [INFO] Image uploaded to generated/latest_island.png
2025-11-14 12:42:55,176 [INFO] Firestore updated
2025-11-14 12:42:55,178 [INFO] TIMING | Generation: 16.12s | Total: 17.92s
2025-11-14 12:43:09,775 [INFO] Sketch downloaded from drawings/drawing.png
2025-11-14 12:43:09,777 [INFO] Checking for text in sketch...
2025-11-14 12:43:09,910 [INFO] No text detected, proceeding with retrieval
2025-11-14 12:43:09,929 [INFO] Matched Island ID: 356 (similarity: 0.241)
2025-11-14 12:43:10,044 [INFO] Request: Island 356, Main Category 'heritage'
2025-11-14 12:43:10,045 [INFO] Starting AI image generation...
2025-11-14 12:43:31,807 [INFO] Image uploaded to generated/latest_island.png
2025-11-14 12:43:31,856 [INFO] Firestore updated
2025-11-14 12:43:31,858 [INFO] TIMING | Generation: 20.16s | Total: 21.81s
2025-11-14 12:43:38,054 [INFO] Sketch downloaded from drawings/drawing.png
2025-11-14 12:43:38,056 [INFO] Checking for text in sketch...
2025-11-14 12:43:38,219 [INFO] No text detected, proceeding with retrieval
2025-11-14 12:43:38,240 [INFO] Matched Island ID: 91 (similarity: 0.341)
2025-11-14 12:43:38,362 [INFO] Request: Island 91, Main Category 'heritage'
2025-11-14 12:43:38,364 [INFO] Starting AI image generation...
2025-11-14 12:44:58,748 [ERROR] AI generation failed
2025-11-14 12:45:04,061 [INFO] Sketch downloaded from drawings/drawing.png
2025-11-14 12:45:04,063 [INFO] Checking for text in sketch...
2025-11-14 12:45:04,392 [INFO] No text detected, proceeding with retrieval
2025-11-14 12:45:04,430 [INFO] Matched Island ID: 91 (similarity: 0.341)
2025-11-14 12:45:04,596 [INFO] Request: Island 91, Main Category 'heritage'
2025-11-14 12:45:04,598 [INFO] Starting AI image generation...
2025-11-14 12:46:24,981 [ERROR] AI generation failed
2025-11-14 12:47:16,377 [INFO] Sketch downloaded from drawings/drawing.png
2025-11-14 12:47:16,378 [INFO] Checking for text in sketch...
2025-11-14 12:47:16,676 [INFO] No text detected, proceeding with retrieval
2025-11-14 12:47:16,707 [INFO] Matched Island ID: 91 (similarity: 0.341)
2025-11-14 12:47:16,883 [INFO] Request: Island 91, Main Category 'nature'
2025-11-14 12:47:16,885 [INFO] Starting AI image generation...
2025-11-14 12:48:37,289 [ERROR] AI generation failed
2025-11-14 12:49:37,478 [INFO] Sketch downloaded from drawings/drawing.png
2025-11-14 12:49:37,479 [INFO] Checking for text in sketch...
2025-11-14 12:49:37,641 [INFO] No text detected, proceeding with retrieval
2025-11-14 12:49:37,657 [INFO] Matched Island ID: 91 (similarity: 0.341)
2025-11-14 12:49:37,803 [INFO] Request: Island 91, Main Category 'heritage'
2025-11-14 12:49:37,804 [INFO] Starting AI image generation...
2025-11-14 12:49:56,838 [INFO] Image uploaded to generated/latest_island.png
2025-11-14 12:49:56,931 [INFO] Firestore updated
2025-11-14 12:49:56,932 [INFO] TIMING | Generation: 18.13s | Total: 19.13s
2025-11-14 12:50:23,745 [INFO] Sketch downloaded from drawings/drawing.png
2025-11-14 12:50:23,746 [INFO] Checking for text in sketch...
2025-11-14 12:50:23,869 [INFO] No text detected, proceeding with retrieval
2025-11-14 12:50:23,886 [INFO] Matched Island ID: 91 (similarity: 0.280)
2025-11-14 12:50:23,994 [INFO] Request: Island 91, Main Category 'heritage'
2025-11-14 12:50:23,996 [INFO] Starting AI image generation...
2025-11-14 12:51:44,377 [ERROR] AI generation failed
2025-11-14 12:51:52,346 [INFO] Sketch downloaded from drawings/drawing.png
2025-11-14 12:51:52,348 [INFO] Checking for text in sketch...
2025-11-14 12:51:52,666 [INFO] No text detected, proceeding with retrieval
2025-11-14 12:51:52,698 [INFO] Matched Island ID: 91 (similarity: 0.280)
2025-11-14 12:51:52,847 [INFO] Request: Island 91, Main Category 'nature'
2025-11-14 12:51:52,849 [INFO] Starting AI image generation...
2025-11-14 12:53:13,264 [ERROR] AI generation failed
2025-11-14 14:10:15,435 [INFO] Sketch downloaded from drawings/drawing.png
2025-11-14 14:10:15,437 [INFO] Checking for text in sketch...
2025-11-14 14:10:15,588 [INFO] No text detected, proceeding with retrieval
2025-11-14 14:10:15,605 [INFO] Matched Island ID: 355 (similarity: 0.307)
2025-11-14 14:10:15,741 [INFO] Request: Island 355, Main Category 'nature'
2025-11-14 14:10:15,743 [INFO] Starting AI image generation...
2025-11-14 14:10:47,565 [INFO] Image uploaded to generated/latest_island.png
2025-11-14 14:10:47,675 [INFO] Firestore updated
2025-11-14 14:10:47,676 [INFO] TIMING | Generation: 30.20s | Total: 31.93s
2025-11-14 14:10:53,163 [INFO] Sketch downloaded from drawings/drawing.png
2025-11-14 14:10:53,164 [INFO] Checking for text in sketch...
2025-11-14 14:10:53,265 [INFO] No text detected, proceeding with retrieval
2025-11-14 14:10:53,281 [INFO] Matched Island ID: 244 (similarity: 0.314)
2025-11-14 14:10:53,381 [INFO] Request: Island 244, Main Category 'heritage'
2025-11-14 14:10:53,383 [INFO] Starting AI image generation...
2025-11-14 14:10:53,390 [ERROR] AI generation failed
2025-11-14 14:10:58,076 [INFO] Sketch downloaded from drawings/drawing.png
2025-11-14 14:10:58,077 [INFO] Checking for text in sketch...
2025-11-14 14:10:58,209 [INFO] No text detected, proceeding with retrieval
2025-11-14 14:10:58,226 [INFO] Matched Island ID: 244 (similarity: 0.314)
2025-11-14 14:10:58,408 [INFO] Request: Island 244, Main Category 'heritage'
2025-11-14 14:10:58,409 [INFO] Starting AI image generation...
2025-11-14 14:11:20,134 [INFO] Image uploaded to generated/latest_island.png
2025-11-14 14:11:20,173 [INFO] Firestore updated
2025-11-14 14:11:20,175 [INFO] TIMING | Generation: 20.15s | Total: 21.77s
2025-11-14 14:11:26,737 [INFO] Sketch downloaded from drawings/drawing.png
2025-11-14 14:11:26,738 [INFO] Checking for text in sketch...
2025-11-14 14:11:26,837 [INFO] No text detected, proceeding with retrieval
2025-11-14 14:11:26,854 [INFO] Matched Island ID: 300 (similarity: 0.249)
2025-11-14 14:11:26,959 [INFO] Request: Island 300, Main Category 'heritage'
2025-11-14 14:11:26,960 [INFO] Starting AI image generation...
2025-11-14 14:12:47,347 [ERROR] AI generation failed
2025-11-14 14:12:53,796 [INFO] Sketch downloaded from drawings/drawing.png
2025-11-14 14:12:53,797 [INFO] Checking for text in sketch...
2025-11-14 14:12:54,052 [INFO] No text detected, proceeding with retrieval
2025-11-14 14:12:54,089 [INFO] Matched Island ID: 300 (similarity: 0.249)
2025-11-14 14:12:54,217 [INFO] Request: Island 300, Main Category 'nature'
2025-11-14 14:12:54,218 [INFO] Starting AI image generation...
2025-11-14 14:13:34,392 [INFO] Image uploaded to generated/latest_island.png
2025-11-14 14:13:34,472 [INFO] Firestore updated
2025-11-14 14:13:34,473 [INFO] TIMING | Generation: 38.51s | Total: 40.26s
2025-11-14 14:14:00,792 [INFO] Firebase initialized
2025-11-14 14:14:06,182 [INFO] IslandRetriever initialized (DB: C:\Users\h2ctlab_dev\Documents\ComfyUI\input\generated_sketches_all)
2025-11-14 14:14:06,220 [INFO] ComfyUI initialized (workflows: ['autumn', 'baekja', 'camellia', 'canola', 'cherry', 'constellation', 'dansaekhwa', 'entertainment', 'fantasy', 'hydragea', 'jage', 'jasu', 'klimt', 'landscape', 'monet', 'origami', 'pollock', 'sinyunbok', 'sumuk', 'traditional', 'vangogh', 'wave', 'winter', '_kimhongdo'])
2025-11-14 14:14:07,671 [INFO] OCR Client initialized
2025-11-14 14:14:07,673 [INFO] ==================================================
2025-11-14 14:14:07,674 [INFO] Flask AI Server Starting...
2025-11-14 14:14:07,675 [INFO] Storage Path: drawings/drawing.png
2025-11-14 14:14:07,676 [INFO] Port: 5000
2025-11-14 14:14:07,677 [INFO] ==================================================
2025-11-14 14:14:11,625 [INFO] Sketch downloaded from drawings/drawing.png
2025-11-14 14:14:11,627 [INFO] Checking for text in sketch...
2025-11-14 14:14:11,899 [INFO] No text detected, proceeding with retrieval
2025-11-14 14:14:11,918 [INFO] Matched Island ID: 16 (similarity: 0.287)
2025-11-14 14:14:11,992 [INFO] Request: Island 16, Main Category 'heritage'
2025-11-14 14:14:11,994 [INFO] Starting AI image generation...
2025-11-14 14:14:14,037 [ERROR] AI generation failed
2025-11-14 14:14:19,401 [INFO] Sketch downloaded from drawings/drawing.png
2025-11-14 14:14:19,403 [INFO] Checking for text in sketch...
2025-11-14 14:14:19,522 [INFO] No text detected, proceeding with retrieval
2025-11-14 14:14:19,539 [INFO] Matched Island ID: 16 (similarity: 0.287)
2025-11-14 14:14:19,715 [INFO] Request: Island 16, Main Category 'heritage'
2025-11-14 14:14:19,717 [INFO] Starting AI image generation...
2025-11-14 14:14:41,471 [INFO] Image uploaded to generated/latest_island.png
2025-11-14 14:14:41,578 [INFO] Firestore updated
2025-11-14 14:14:41,579 [INFO] TIMING | Generation: 20.15s | Total: 21.86s
2025-11-14 14:14:48,471 [INFO] Sketch downloaded from drawings/drawing.png
2025-11-14 14:14:48,472 [INFO] Checking for text in sketch...
2025-11-14 14:14:48,574 [INFO] No text detected, proceeding with retrieval
2025-11-14 14:14:48,591 [INFO] Matched Island ID: 318 (similarity: 0.327)
2025-11-14 14:14:48,709 [INFO] Request: Island 318, Main Category 'heritage'
2025-11-14 14:14:48,710 [INFO] Starting AI image generation...
2025-11-14 14:15:01,860 [INFO] Image uploaded to generated/latest_island.png
2025-11-14 14:15:01,885 [INFO] Firestore updated
2025-11-14 14:15:01,887 [INFO] TIMING | Generation: 12.12s | Total: 13.18s
2025-11-14 14:15:07,812 [INFO] Sketch downloaded from drawings/drawing.png
2025-11-14 14:15:07,813 [INFO] Checking for text in sketch...
2025-11-14 14:15:07,927 [INFO] No text detected, proceeding with retrieval
2025-11-14 14:15:07,944 [INFO] Matched Island ID: 16 (similarity: 0.210)
2025-11-14 14:15:08,060 [INFO] Request: Island 16, Main Category 'heritage'
2025-11-14 14:15:08,061 [INFO] Starting AI image generation...
2025-11-14 14:15:21,072 [INFO] Image uploaded to generated/latest_island.png
2025-11-14 14:15:21,106 [INFO] Firestore updated
2025-11-14 14:15:21,107 [INFO] TIMING | Generation: 12.11s | Total: 13.05s
2025-11-14 14:15:26,967 [INFO] Sketch downloaded from drawings/drawing.png
2025-11-14 14:15:26,968 [INFO] Checking for text in sketch...
2025-11-14 14:15:27,106 [INFO] No text detected, proceeding with retrieval
2025-11-14 14:15:27,124 [INFO] Matched Island ID: 318 (similarity: 0.322)
2025-11-14 14:15:27,298 [INFO] Request: Island 318, Main Category 'heritage'
2025-11-14 14:15:27,299 [INFO] Starting AI image generation...
2025-11-14 14:16:27,650 [ERROR] AI generation failed
2025-11-14 14:16:33,459 [INFO] Sketch downloaded from drawings/drawing.png
2025-11-14 14:16:33,461 [INFO] Checking for text in sketch...
2025-11-14 14:16:33,625 [INFO] No text detected, proceeding with retrieval
2025-11-14 14:16:33,642 [INFO] Matched Island ID: 318 (similarity: 0.322)
2025-11-14 14:16:33,801 [INFO] Request: Island 318, Main Category 'art'
2025-11-14 14:16:33,803 [INFO] Starting AI image generation...
2025-11-14 14:17:03,467 [INFO] Image uploaded to generated/latest_island.png
2025-11-14 14:17:03,509 [INFO] Firestore updated
2025-11-14 14:17:03,511 [INFO] TIMING | Generation: 28.21s | Total: 29.71s
2025-11-14 14:21:57,791 [INFO] Firebase initialized
2025-11-14 14:22:03,347 [INFO] IslandRetriever initialized (DB: C:\Users\h2ctlab_dev\Documents\ComfyUI\input\generated_sketches_all)
2025-11-14 14:22:03,381 [INFO] ComfyUI initialized (workflows: ['autumn', 'baekja', 'camellia', 'canola', 'cherry', 'constellation', 'dansaekhwa', 'entertainment', 'fantasy', 'hydragea', 'jage', 'jasu', 'klimt', 'landscape', 'monet', 'origami', 'pollock', 'sinyunbok', 'sumuk', 'traditional', 'vangogh', 'wave', 'winter', '_kimhongdo'])
2025-11-14 14:22:04,958 [INFO] OCR Client initialized
2025-11-14 14:22:04,960 [INFO] ==================================================
2025-11-14 14:22:04,961 [INFO] Flask AI Server Starting...
2025-11-14 14:22:04,962 [INFO] Storage Path: drawings/drawing.png
2025-11-14 14:22:04,963 [INFO] Port: 5000
2025-11-14 14:22:04,964 [INFO] ==================================================
2025-11-14 14:22:07,626 [INFO] Sketch downloaded from drawings/drawing.png
2025-11-14 14:22:07,628 [INFO] Checking for text in sketch...
2025-11-14 14:22:07,784 [INFO] No text detected, proceeding with retrieval
2025-11-14 14:22:07,817 [INFO] Matched Island ID: 9 (similarity: 0.291)
2025-11-14 14:22:07,990 [INFO] Request: Island 9, Main Category 'nature'
2025-11-14 14:22:07,992 [INFO] Starting AI image generation...
2025-11-14 14:22:10,023 [INFO] img_content type: <class 'NoneType'>
2025-11-14 14:22:10,024 [ERROR] AI generation failed
2025-11-14 14:22:18,522 [INFO] Sketch downloaded from drawings/drawing.png
2025-11-14 14:22:18,523 [INFO] Checking for text in sketch...
2025-11-14 14:22:18,620 [INFO] No text detected, proceeding with retrieval
2025-11-14 14:22:18,637 [INFO] Matched Island ID: 9 (similarity: 0.291)
2025-11-14 14:22:18,757 [INFO] Request: Island 9, Main Category 'nature'
2025-11-14 14:22:18,758 [INFO] Starting AI image generation...
2025-11-14 14:22:42,935 [INFO] img_content type: <class 'bytes'>
2025-11-14 14:22:44,481 [INFO] Image uploaded to generated/latest_island.png
2025-11-14 14:22:44,591 [INFO] Firestore updated
2025-11-14 14:22:44,592 [INFO] TIMING | Generation: 24.18s | Total: 25.84s
2025-11-14 14:26:55,656 [INFO] Firebase initialized
2025-11-14 14:27:00,608 [INFO] IslandRetriever initialized (DB: C:\Users\h2ctlab_dev\Documents\ComfyUI\input\generated_sketches_all)
2025-11-14 14:27:00,637 [INFO] ComfyUI initialized (workflows: ['autumn', 'baekja', 'camellia', 'canola', 'cherry', 'constellation', 'dansaekhwa', 'entertainment', 'fantasy', 'hydragea', 'jage', 'jasu', 'klimt', 'landscape', 'monet', 'origami', 'pollock', 'sinyunbok', 'sumuk', 'traditional', 'vangogh', 'wave', 'winter', '_kimhongdo'])
2025-11-14 14:27:02,087 [INFO] OCR Client initialized
2025-11-14 14:27:02,089 [INFO] ==================================================
2025-11-14 14:27:02,090 [INFO] Flask AI Server Starting...
2025-11-14 14:27:02,091 [INFO] Storage Path: drawings/drawing.png
2025-11-14 14:27:02,092 [INFO] Port: 5000
2025-11-14 14:27:02,093 [INFO] ==================================================
2025-11-14 14:27:11,931 [INFO] Sketch downloaded from drawings/drawing.png
2025-11-14 14:27:11,933 [INFO] Checking for text in sketch...
2025-11-14 14:27:12,114 [INFO] No text detected, proceeding with retrieval
2025-11-14 14:27:12,150 [INFO] Matched Island ID: 253 (similarity: 0.261)
2025-11-14 14:27:12,325 [INFO] Request: Island 253, Main Category 'nature'
2025-11-14 14:27:12,327 [INFO] Starting AI image generation...
2025-11-14 14:27:36,488 [INFO] img_content type: <class 'bytes'>
2025-11-14 14:27:38,102 [INFO] Image uploaded to generated/latest_island.png
2025-11-14 14:27:38,220 [INFO] Firestore updated
2025-11-14 14:27:38,221 [INFO] TIMING | Generation: 24.16s | Total: 25.90s
2025-11-14 14:27:46,447 [INFO] Sketch downloaded from drawings/drawing.png
2025-11-14 14:27:46,448 [INFO] Checking for text in sketch...
2025-11-14 14:27:46,649 [INFO] No text detected, proceeding with retrieval
2025-11-14 14:27:46,665 [INFO] Matched Island ID: 129 (similarity: 0.300)
2025-11-14 14:27:46,765 [INFO] Request: Island 129, Main Category 'nature'
2025-11-14 14:27:46,767 [INFO] Starting AI image generation...
2025-11-14 14:28:10,924 [INFO] img_content type: <class 'bytes'>
2025-11-14 14:28:12,424 [INFO] Image uploaded to generated/latest_island.png
2025-11-14 14:28:12,471 [INFO] Firestore updated
2025-11-14 14:28:12,473 [INFO] TIMING | Generation: 24.16s | Total: 25.71s
2025-11-14 14:31:06,400 [INFO] Sketch downloaded from drawings/drawing.png
2025-11-14 14:31:06,401 [INFO] Checking for text in sketch...
2025-11-14 14:31:06,496 [INFO] No text detected, proceeding with retrieval
2025-11-14 14:31:06,515 [INFO] Matched Island ID: 332 (similarity: 0.463)
2025-11-14 14:31:06,577 [INFO] Request: Island 332, Main Category 'nature'
2025-11-14 14:31:06,579 [INFO] Starting AI image generation...
2025-11-14 14:31:23,827 [INFO] Firebase initialized
2025-11-14 14:31:28,719 [INFO] IslandRetriever initialized (DB: C:\Users\h2ctlab_dev\Documents\ComfyUI\input\generated_sketches_all)
2025-11-14 14:31:28,749 [INFO] ComfyUI initialized (workflows: ['autumn', 'baekja', 'camellia', 'canola', 'cherry', 'constellation', 'dansaekhwa', 'entertainment', 'fantasy', 'hydragea', 'jage', 'jasu', 'klimt', 'landscape', 'monet', 'origami', 'pollock', 'sinyunbok', 'sumuk', 'traditional', 'vangogh', 'wave', 'winter', '_kimhongdo'])
2025-11-14 14:31:30,243 [INFO] OCR Client initialized
2025-11-14 14:31:30,245 [INFO] ==================================================
2025-11-14 14:31:30,246 [INFO] Flask AI Server Starting...
2025-11-14 14:31:30,247 [INFO] Storage Path: drawings/drawing.png
2025-11-14 14:31:30,248 [INFO] Port: 5000
2025-11-14 14:31:30,249 [INFO] ==================================================
2025-11-14 14:31:35,482 [INFO] Sketch downloaded from drawings/drawing.png
2025-11-14 14:31:35,484 [INFO] Checking for text in sketch...
2025-11-14 14:31:35,633 [INFO] No text detected, proceeding with retrieval
2025-11-14 14:31:35,665 [INFO] Matched Island ID: 222 (similarity: 0.405)
2025-11-14 14:31:35,729 [INFO] Request: Island 222, Main Category 'nature'
2025-11-14 14:31:35,731 [INFO] Starting AI image generation...
2025-11-14 14:31:59,908 [INFO] img_content type: <class 'bytes'>
2025-11-14 14:32:01,474 [INFO] Image uploaded to generated/latest_island.png
2025-11-14 14:32:01,603 [INFO] Firestore updated
2025-11-14 14:32:01,604 [INFO] TIMING | Generation: 24.18s | Total: 25.87s
2025-11-14 14:35:05,448 [INFO] Sketch downloaded from drawings/drawing.png
2025-11-14 14:35:05,449 [INFO] Checking for text in sketch...
2025-11-14 14:35:05,551 [INFO] No text detected, proceeding with retrieval
2025-11-14 14:35:05,568 [INFO] Matched Island ID: 44 (similarity: 0.242)
2025-11-14 14:35:05,642 [INFO] Request: Island 44, Main Category 'nature'
2025-11-14 14:35:05,643 [INFO] Starting AI image generation...
2025-11-14 14:35:33,826 [INFO] img_content type: <class 'bytes'>
2025-11-14 14:35:34,893 [INFO] Image uploaded to generated/latest_island.png
2025-11-14 14:35:34,961 [INFO] Firestore updated
2025-11-14 14:35:34,962 [INFO] TIMING | Generation: 28.18s | Total: 29.32s
2025-11-14 14:37:00,668 [INFO] Sketch downloaded from drawings/drawing.png
2025-11-14 14:37:00,669 [INFO] Checking for text in sketch...
2025-11-14 14:37:00,765 [INFO] No text detected, proceeding with retrieval
2025-11-14 14:37:00,782 [INFO] Matched Island ID: 300 (similarity: 0.312)
2025-11-14 14:37:00,890 [INFO] Request: Island 300, Main Category 'nature'
2025-11-14 14:37:00,891 [INFO] Starting AI image generation...
2025-11-14 14:37:00,917 [INFO] img_content type: <class 'NoneType'>
2025-11-14 14:37:00,918 [ERROR] AI generation failed
2025-11-14 14:37:34,971 [INFO] Sketch downloaded from drawings/drawing.png
2025-11-14 14:37:34,973 [INFO] Checking for text in sketch...
2025-11-14 14:37:35,143 [INFO] No text detected, proceeding with retrieval
2025-11-14 14:37:35,166 [INFO] Matched Island ID: 300 (similarity: 0.312)
2025-11-14 14:37:35,309 [INFO] Request: Island 300, Main Category 'nature'
2025-11-14 14:37:35,310 [INFO] Starting AI image generation...
2025-11-14 14:37:35,332 [INFO] img_content type: <class 'NoneType'>
2025-11-14 14:37:35,334 [ERROR] AI generation failed
2025-11-14 14:37:53,530 [INFO] Sketch downloaded from drawings/drawing.png
2025-11-14 14:37:53,531 [INFO] Checking for text in sketch...
2025-11-14 14:37:53,663 [INFO] No text detected, proceeding with retrieval
2025-11-14 14:37:53,681 [INFO] Matched Island ID: 300 (similarity: 0.312)
2025-11-14 14:37:53,845 [INFO] Request: Island 300, Main Category 'nature'
2025-11-14 14:37:53,846 [INFO] Starting AI image generation...
2025-11-14 14:38:14,101 [INFO] img_content type: <class 'bytes'>
2025-11-14 14:38:15,788 [INFO] Image uploaded to generated/latest_island.png
2025-11-14 14:38:15,822 [INFO] Firestore updated
2025-11-14 14:38:15,823 [INFO] TIMING | Generation: 20.25s | Total: 21.98s
2025-11-14 14:45:11,345 [INFO] Sketch downloaded from drawings/drawing.png
2025-11-14 14:45:11,346 [INFO] Checking for text in sketch...
2025-11-14 14:45:11,534 [INFO] No text detected, proceeding with retrieval
2025-11-14 14:45:11,551 [INFO] Matched Island ID: 355 (similarity: 0.383)
2025-11-14 14:45:11,687 [INFO] Request: Island 355, Main Category 'nature'
2025-11-14 14:45:11,688 [INFO] Starting AI image generation...
2025-11-14 14:45:11,712 [INFO] img_content type: <class 'NoneType'>
2025-11-14 14:45:11,713 [ERROR] AI generation failed
2025-11-14 14:47:06,749 [INFO] Sketch downloaded from drawings/drawing.png
2025-11-14 14:47:06,750 [INFO] Checking for text in sketch...
2025-11-14 14:47:06,915 [INFO] No text detected, proceeding with retrieval
2025-11-14 14:47:06,932 [INFO] Matched Island ID: 355 (similarity: 0.383)
2025-11-14 14:47:07,138 [INFO] Request: Island 355, Main Category 'nature'
2025-11-14 14:47:07,140 [INFO] Starting AI image generation...
2025-11-14 14:47:27,291 [INFO] img_content type: <class 'bytes'>
2025-11-14 14:47:28,817 [INFO] Image uploaded to generated/latest_island.png
2025-11-14 14:47:28,912 [INFO] Firestore updated
2025-11-14 14:47:28,913 [INFO] TIMING | Generation: 20.15s | Total: 21.78s
2025-11-14 15:09:31,782 [INFO] Sketch downloaded from drawings/drawing.png
2025-11-14 15:09:31,783 [INFO] Checking for text in sketch...
2025-11-14 15:09:31,959 [INFO] No text detected, proceeding with retrieval
2025-11-14 15:09:31,976 [INFO] Matched Island ID: 270 (similarity: 0.282)
2025-11-14 15:09:32,144 [INFO] Request: Island 270, Main Category 'nature'
2025-11-14 15:09:32,146 [INFO] Starting AI image generation...
2025-11-14 15:09:56,392 [INFO] img_content type: <class 'bytes'>
2025-11-14 15:09:57,885 [INFO] Image uploaded to generated/latest_island.png
2025-11-14 15:09:57,989 [INFO] Firestore updated
2025-11-14 15:09:57,991 [INFO] TIMING | Generation: 24.25s | Total: 25.85s
2025-11-14 15:10:10,609 [INFO] Sketch downloaded from drawings/drawing.png
2025-11-14 15:10:10,611 [INFO] Checking for text in sketch...
2025-11-14 15:10:10,708 [INFO] No text detected, proceeding with retrieval
2025-11-14 15:10:10,726 [INFO] Matched Island ID: 320 (similarity: 0.287)
2025-11-14 15:10:10,923 [INFO] Request: Island 320, Main Category 'nature'
2025-11-14 15:10:10,924 [INFO] Starting AI image generation...
2025-11-14 15:10:31,067 [INFO] img_content type: <class 'bytes'>
2025-11-14 15:10:32,617 [INFO] Image uploaded to generated/latest_island.png
2025-11-14 15:10:32,656 [INFO] Firestore updated
2025-11-14 15:10:32,657 [INFO] TIMING | Generation: 20.14s | Total: 21.73s
2025-11-14 15:11:28,619 [INFO] Sketch downloaded from drawings/drawing.png
2025-11-14 15:11:28,621 [INFO] Checking for text in sketch...
2025-11-14 15:11:28,720 [INFO] No text detected, proceeding with retrieval
2025-11-14 15:11:28,736 [INFO] Matched Island ID: 4 (similarity: 0.525)
2025-11-14 15:11:28,850 [INFO] Request: Island 4, Main Category 'nature'
2025-11-14 15:11:28,851 [INFO] Starting AI image generation...
2025-11-14 15:11:53,010 [INFO] img_content type: <class 'bytes'>
2025-11-14 15:11:54,561 [INFO] Image uploaded to generated/latest_island.png
2025-11-14 15:11:54,609 [INFO] Firestore updated
2025-11-14 15:11:54,610 [INFO] TIMING | Generation: 24.16s | Total: 25.76s
2025-11-14 15:33:13,057 [INFO] Sketch downloaded from drawings/drawing.png
2025-11-14 15:33:13,058 [INFO] Checking for text in sketch...
2025-11-14 15:33:13,253 [INFO] No text detected, proceeding with retrieval
2025-11-14 15:33:13,282 [INFO] Matched Island ID: 222 (similarity: 0.272)
2025-11-14 15:33:13,369 [INFO] Request: Island 222, Main Category 'nature'
2025-11-14 15:33:13,371 [INFO] Starting AI image generation...
2025-11-14 15:34:14,063 [INFO] img_content type: <class 'NoneType'>
2025-11-14 15:34:14,065 [ERROR] AI generation failed
2025-11-14 16:40:01,366 [INFO] Firebase initialized
2025-11-14 16:40:06,599 [INFO] IslandRetriever initialized (DB: C:\Users\h2ctlab_dev\Documents\ComfyUI\input\generated_sketches_all)
2025-11-14 16:40:06,623 [INFO] ComfyUI initialized (workflows: ['autumn', 'baekja', 'camellia', 'canola', 'cherry', 'constellation', 'dansaekhwa', 'entertainment', 'fantasy', 'hydragea', 'jage', 'jasu', 'klimt', 'landscape', 'monet', 'origami', 'pollock', 'sinyunbok', 'sumuk', 'traditional', 'vangogh', 'wave', 'winter', '_kimhongdo'])
2025-11-14 16:40:08,043 [INFO] OCR Client initialized
2025-11-14 16:40:08,045 [INFO] ==================================================
2025-11-14 16:40:08,046 [INFO] Flask AI Server Starting...
2025-11-14 16:40:08,047 [INFO] Storage Path: drawings/drawing.png
2025-11-14 16:40:08,048 [INFO] Port: 5000
2025-11-14 16:40:08,049 [INFO] ==================================================
2025-11-14 17:35:29,659 [INFO] Firebase initialized
2025-11-14 17:35:34,515 [INFO] IslandRetriever initialized (DB: C:\Users\h2ctlab_dev\Documents\ComfyUI\input\generated_sketches_all)
2025-11-14 17:35:34,539 [INFO] ComfyUI initialized (workflows: ['autumn', 'baekja', 'camellia', 'canola', 'cherry', 'constellation', 'dansaekhwa', 'entertainment', 'fantasy', 'hydragea', 'jage', 'jasu', 'klimt', 'landscape', 'monet', 'origami', 'pollock', 'sinyunbok', 'sumuk', 'traditional', 'vangogh', 'wave', 'winter', '_kimhongdo'])
2025-11-14 17:35:35,988 [INFO] OCR Client initialized
2025-11-14 17:35:35,990 [INFO] ==================================================
2025-11-14 17:35:35,991 [INFO] Flask AI Server Starting...
2025-11-14 17:35:35,992 [INFO] Storage Path: drawings/drawing.png
2025-11-14 17:35:35,993 [INFO] Port: 5000
2025-11-14 17:35:35,994 [INFO] ==================================================
2025-11-14 17:40:09,281 [INFO] Firebase initialized
2025-11-14 17:40:13,297 [INFO] IslandRetriever initialized (DB: C:\Users\h2ctlab_dev\Documents\ComfyUI\input\generated_sketches_all)
2025-11-14 17:40:13,322 [INFO] ComfyUI initialized (workflows: ['autumn', 'baekja', 'camellia', 'canola', 'cherry', 'constellation', 'dansaekhwa', 'entertainment', 'fantasy', 'hydragea', 'jage', 'jasu', 'klimt', 'landscape', 'monet', 'origami', 'pollock', 'sinyunbok', 'sumuk', 'traditional', 'vangogh', 'wave', 'winter', '_kimhongdo'])
2025-11-14 17:40:14,765 [INFO] OCR Client initialized
2025-11-14 17:40:14,767 [INFO] ==================================================
2025-11-14 17:40:14,769 [INFO] Flask AI Server Starting...
2025-11-14 17:40:14,770 [INFO] Storage Path: drawings/drawing.png
2025-11-14 17:40:14,771 [INFO] Port: 5000
2025-11-14 17:40:14,772 [INFO] ==================================================
2025-11-14 17:45:36,613 [INFO] Sketch downloaded from drawings/drawing.png
2025-11-14 17:45:36,615 [INFO] Checking for text in sketch...
2025-11-14 17:45:36,853 [INFO] No text detected, proceeding with retrieval
2025-11-14 17:45:36,926 [INFO] Matched Island ID: 44 (similarity: 0.330)
2025-11-14 17:45:37,024 [INFO] Request: Island 44, Main Category 'nature'
2025-11-14 17:45:37,027 [INFO] Starting AI image generation...
2025-11-14 17:46:03,285 [INFO] img_content type: <class 'bytes'>
2025-11-14 17:46:04,890 [INFO] Image uploaded to generated/latest_island.png
2025-11-14 17:46:05,038 [INFO] Firestore updated
2025-11-14 17:46:05,039 [INFO] TIMING | Generation: 26.26s | Total: 28.02s
2025-11-14 17:51:46,437 [INFO] Sketch downloaded from drawings/drawing.png
2025-11-14 17:51:46,438 [INFO] Checking for text in sketch...
2025-11-14 17:51:46,737 [INFO] No text detected, proceeding with retrieval
2025-11-14 17:51:46,752 [INFO] Matched Island ID: 129 (similarity: 0.541)
2025-11-14 17:51:47,025 [INFO] Request: Island 129, Main Category 'heritage'
2025-11-14 17:51:47,026 [INFO] Starting AI image generation...
2025-11-14 17:52:39,361 [INFO] img_content type: <class 'bytes'>
2025-11-14 17:52:40,956 [INFO] Image uploaded to generated/latest_island.png
2025-11-14 17:52:41,106 [INFO] Firestore updated
2025-11-14 17:52:41,108 [INFO] TIMING | Generation: 52.34s | Total: 54.09s
2025-11-14 17:55:36,276 [INFO] Sketch downloaded from drawings/drawing.png
2025-11-14 17:55:36,278 [INFO] Checking for text in sketch...
2025-11-14 17:55:36,667 [INFO] No text detected, proceeding with retrieval
2025-11-14 17:55:36,680 [INFO] Matched Island ID: 129 (similarity: 0.407)
2025-11-14 17:55:36,912 [INFO] Request: Island 129, Main Category 'nature'
2025-11-14 17:55:36,914 [INFO] Starting AI image generation...
2025-11-14 17:55:57,067 [INFO] img_content type: <class 'bytes'>
2025-11-14 17:55:58,681 [INFO] Image uploaded to generated/latest_island.png
2025-11-14 17:55:58,755 [INFO] Firestore updated
2025-11-14 17:55:58,757 [INFO] TIMING | Generation: 20.15s | Total: 21.85s
2025-11-14 18:02:31,566 [INFO] Sketch downloaded from drawings/drawing.png
2025-11-14 18:02:31,568 [INFO] Checking for text in sketch...
2025-11-14 18:02:31,923 [INFO] No text detected, proceeding with retrieval
2025-11-14 18:02:31,937 [INFO] Matched Island ID: 324 (similarity: 0.401)
2025-11-14 18:02:32,143 [INFO] Request: Island 324, Main Category 'taste'
2025-11-14 18:02:32,144 [INFO] Starting AI image generation...
2025-11-14 18:03:20,439 [INFO] img_content type: <class 'bytes'>
2025-11-14 18:03:22,082 [INFO] Image uploaded to generated/latest_island.png
2025-11-14 18:03:22,199 [INFO] Firestore updated
2025-11-14 18:03:22,201 [INFO] TIMING | Generation: 48.30s | Total: 50.06s
2025-11-14 18:04:43,929 [INFO] Sketch downloaded from drawings/drawing.png
2025-11-14 18:04:43,930 [INFO] Checking for text in sketch...
2025-11-14 18:04:44,384 [INFO] No text detected, proceeding with retrieval
2025-11-14 18:04:44,397 [INFO] Matched Island ID: 16 (similarity: 0.284)
2025-11-14 18:04:44,523 [INFO] Request: Island 16, Main Category 'nature'
2025-11-14 18:04:44,524 [INFO] Starting AI image generation...
2025-11-14 18:05:00,658 [INFO] img_content type: <class 'bytes'>
2025-11-14 18:05:02,244 [INFO] Image uploaded to generated/latest_island.png
2025-11-14 18:05:02,297 [INFO] Firestore updated
2025-11-14 18:05:02,298 [INFO] TIMING | Generation: 16.13s | Total: 17.78s
2025-11-17 08:56:50,979 [INFO] Firebase initialized
2025-11-17 08:56:55,848 [INFO] IslandRetriever initialized (DB: C:\Users\h2ctlab_dev\Documents\ComfyUI\input\generated_sketches_all)
2025-11-17 08:56:55,876 [INFO] ComfyUI initialized (workflows: ['autumn', 'baekja', 'camellia', 'canola', 'cherry', 'constellation', 'dansaekhwa', 'entertainment', 'fantasy', 'hydragea', 'jage', 'jasu', 'klimt', 'landscape', 'monet', 'origami', 'pollock', 'sinyunbok', 'sumuk', 'traditional', 'vangogh', 'wave', 'winter', '_kimhongdo'])
2025-11-17 08:56:57,440 [INFO] OCR Client initialized
2025-11-17 08:56:57,442 [INFO] ==================================================
2025-11-17 08:56:57,443 [INFO] Flask AI Server Starting...
2025-11-17 08:56:57,444 [INFO] Storage Path: drawings/drawing.png
2025-11-17 08:56:57,445 [INFO] Port: 5000
2025-11-17 08:56:57,446 [INFO] ==================================================
2025-11-17 09:02:26,503 [INFO] Firebase initialized
2025-11-17 09:02:30,452 [INFO] IslandRetriever initialized (DB: C:\Users\h2ctlab_dev\Documents\ComfyUI\input\generated_sketches_all)
2025-11-17 09:02:30,477 [INFO] ComfyUI initialized (workflows: ['autumn', 'baekja', 'camellia', 'canola', 'cherry', 'constellation', 'dansaekhwa', 'entertainment', 'fantasy', 'hydragea', 'jage', 'jasu', 'klimt', 'landscape', 'monet', 'origami', 'pollock', 'sinyunbok', 'sumuk', 'traditional', 'vangogh', 'wave', 'winter', '_kimhongdo'])
2025-11-17 09:02:31,844 [INFO] OCR Client initialized
2025-11-17 09:02:31,846 [INFO] ==================================================
2025-11-17 09:02:31,847 [INFO] Flask AI Server Starting...
2025-11-17 09:02:31,848 [INFO] Storage Path: drawings/drawing.png
2025-11-17 09:02:31,849 [INFO] Port: 5000
2025-11-17 09:02:31,850 [INFO] ==================================================
2025-11-17 09:21:04,393 [INFO] Firebase initialized
2025-11-17 09:21:08,434 [INFO] IslandRetriever initialized (DB: C:\Users\h2ctlab_dev\Documents\ComfyUI\input\generated_sketches_all)
2025-11-17 09:21:08,457 [INFO] ComfyUI initialized (workflows: ['autumn', 'baekja', 'camellia', 'canola', 'cherry', 'constellation', 'dansaekhwa', 'entertainment', 'fantasy', 'hydragea', 'jage', 'jasu', 'klimt', 'landscape', 'monet', 'origami', 'pollock', 'sinyunbok', 'sumuk', 'traditional', 'vangogh', 'wave', 'winter', '_kimhongdo'])
2025-11-17 09:21:09,790 [INFO] OCR Client initialized
2025-11-17 09:21:09,791 [INFO] ==================================================
2025-11-17 09:21:09,792 [INFO] Flask AI Server Starting...
2025-11-17 09:21:09,793 [INFO] Storage Path: drawings/drawing.png
2025-11-17 09:21:09,794 [INFO] Port: 5000
2025-11-17 09:21:09,795 [INFO] ==================================================
2025-11-17 09:23:43,981 [INFO] Sketch downloaded from drawings/drawing.png
2025-11-17 09:23:43,983 [INFO] Checking for text in sketch...
2025-11-17 09:23:44,414 [INFO] No text detected, proceeding with retrieval
2025-11-17 09:23:44,497 [INFO] Matched Island ID: 112 (similarity: 0.335)
2025-11-17 09:23:44,590 [INFO] Request: Island 112, Main Category 'nature'
2025-11-17 09:23:44,591 [INFO] Starting AI image generation...
2025-11-17 09:23:58,705 [INFO] img_content type: <class 'bytes'>
2025-11-17 09:24:00,249 [INFO] Image uploaded to generated/latest_island.png
2025-11-17 09:24:00,464 [INFO] Firestore updated
2025-11-17 09:24:00,465 [INFO] TIMING | Generation: 14.11s | Total: 15.88s
2025-11-17 09:25:14,779 [INFO] Sketch downloaded from drawings/drawing.png
2025-11-17 09:25:14,781 [INFO] Checking for text in sketch...
2025-11-17 09:25:15,195 [WARNING] Text detected: ['근']
2025-11-17 09:25:38,913 [INFO] Sketch downloaded from drawings/drawing.png
2025-11-17 09:25:38,914 [INFO] Checking for text in sketch...
2025-11-17 09:25:39,287 [WARNING] Text detected: ['간']
2025-11-17 09:25:49,108 [INFO] Sketch downloaded from drawings/drawing.png
2025-11-17 09:25:49,110 [INFO] Checking for text in sketch...
2025-11-17 09:25:49,475 [INFO] No text detected, proceeding with retrieval
2025-11-17 09:25:49,489 [INFO] Matched Island ID: 16 (similarity: 0.335)
2025-11-17 09:25:49,541 [INFO] Request: Island 16, Main Category 'nature'
2025-11-17 09:25:49,542 [INFO] Starting AI image generation...
2025-11-17 09:26:03,667 [INFO] img_content type: <class 'bytes'>
2025-11-17 09:26:04,696 [INFO] Image uploaded to generated/latest_island.png
2025-11-17 09:26:04,772 [INFO] Firestore updated
2025-11-17 09:26:04,773 [INFO] TIMING | Generation: 14.13s | Total: 15.23s
2025-11-17 09:31:00,726 [INFO] Sketch downloaded from drawings/drawing.png
2025-11-17 09:31:00,728 [INFO] Checking for text in sketch...
2025-11-17 09:31:00,821 [INFO] No text detected, proceeding with retrieval
2025-11-17 09:31:00,840 [INFO] Matched Island ID: 230 (similarity: 0.243)
2025-11-17 09:31:00,895 [INFO] Request: Island 230, Main Category 'art'
2025-11-17 09:31:00,897 [INFO] Starting AI image generation...
2025-11-17 09:31:33,108 [INFO] img_content type: <class 'bytes'>
2025-11-17 09:31:34,721 [INFO] Image uploaded to generated/latest_island.png
2025-11-17 09:31:34,828 [INFO] Firestore updated
2025-11-17 09:31:34,829 [INFO] TIMING | Generation: 32.21s | Total: 33.93s
2025-11-17 09:58:01,299 [INFO] Sketch downloaded from drawings/drawing.png
2025-11-17 09:58:01,300 [INFO] Checking for text in sketch...
2025-11-17 09:58:01,617 [INFO] No text detected, proceeding with retrieval
2025-11-17 09:58:01,630 [INFO] Matched Island ID: 94 (similarity: 0.342)
2025-11-17 09:58:01,711 [INFO] Request: Island 94, Main Category 'nature'
2025-11-17 09:58:01,713 [INFO] Starting AI image generation...
2025-11-17 09:58:15,798 [INFO] img_content type: <class 'bytes'>
2025-11-17 09:58:16,745 [INFO] Image uploaded to generated/latest_island.png
2025-11-17 09:58:16,925 [INFO] Firestore updated
2025-11-17 09:58:16,926 [INFO] TIMING | Generation: 14.09s | Total: 15.21s
2025-11-17 11:32:11,188 [INFO] Sketch downloaded from drawings/drawing.png
2025-11-17 11:32:11,196 [INFO] Checking for text in sketch...
2025-11-17 11:32:11,403 [INFO] No text detected, proceeding with retrieval
2025-11-17 11:32:11,556 [INFO] Matched Island ID: 222 (similarity: 0.331)
2025-11-17 11:32:11,902 [INFO] Request: Island 222, Main Category 'nature'
2025-11-17 11:32:11,904 [INFO] Starting AI image generation...
2025-11-17 11:32:36,088 [INFO] img_content type: <class 'bytes'>
2025-11-17 11:32:37,623 [INFO] Image uploaded to generated/latest_island.png
2025-11-17 11:32:37,802 [INFO] Firestore updated
2025-11-17 11:32:37,803 [INFO] TIMING | Generation: 24.19s | Total: 25.91s
2025-11-17 12:39:46,403 [INFO] Sketch downloaded from drawings/drawing.png
2025-11-17 12:39:46,407 [INFO] Checking for text in sketch...
2025-11-17 12:39:46,499 [INFO] No text detected, proceeding with retrieval
2025-11-17 12:39:46,519 [INFO] Matched Island ID: 101 (similarity: 0.286)
2025-11-17 12:39:46,591 [INFO] Request: Island 101, Main Category 'nature'
2025-11-17 12:39:46,593 [INFO] Starting AI image generation...
2025-11-17 12:40:14,863 [INFO] img_content type: <class 'bytes'>
2025-11-17 12:40:15,907 [INFO] Image uploaded to generated/latest_island.png
2025-11-17 12:40:16,039 [INFO] Firestore updated
2025-11-17 12:40:16,040 [INFO] TIMING | Generation: 28.27s | Total: 29.45s
2025-11-17 14:15:50,692 [INFO] Firebase initialized
2025-11-17 14:15:56,181 [INFO] IslandRetriever initialized (DB: C:\Users\h2ctlab_dev\Documents\ComfyUI\input\generated_sketches_all)
2025-11-17 14:15:56,222 [INFO] ComfyUI initialized (workflows: ['autumn', 'baekja', 'camellia', 'canola', 'cherry', 'constellation', 'dansaekhwa', 'entertainment', 'fantasy', 'hydragea', 'jage', 'jasu', 'klimt', 'landscape', 'monet', 'origami', 'pollock', 'sinyunbok', 'sumuk', 'traditional', 'vangogh', 'wave', 'winter', '_kimhongdo'])
2025-11-17 14:15:57,739 [INFO] OCR Client initialized
2025-11-17 14:15:57,742 [INFO] ==================================================
2025-11-17 14:15:57,743 [INFO] Flask AI Server Starting...
2025-11-17 14:15:57,745 [INFO] Storage Path: drawings/drawing.png
2025-11-17 14:15:57,746 [INFO] Port: 23100
2025-11-17 14:15:57,747 [INFO] ==================================================
2025-11-17 14:16:59,922 [INFO] Request: Island 3, Main Category 'winter'
2025-11-17 14:16:59,923 [INFO] Starting AI image generation...
2025-11-17 14:17:30,162 [INFO] img_content type: <class 'bytes'>
2025-11-17 14:17:32,051 [INFO] Image uploaded to generated/latest_island.png
2025-11-17 14:17:32,225 [INFO] Firestore updated
2025-11-17 14:17:32,227 [INFO] TIMING | Generation: 30.24s | Total: 32.31s
2025-11-17 14:19:58,909 [INFO] Sketch downloaded from drawings/drawing.png
2025-11-17 14:19:58,910 [INFO] Checking for text in sketch...
2025-11-17 14:19:59,115 [INFO] No text detected, proceeding with retrieval
2025-11-17 14:19:59,146 [INFO] Matched Island ID: 222 (similarity: 0.321)
2025-11-17 14:19:59,361 [INFO] Request: Island 222, Main Category 'nature'
2025-11-17 14:19:59,363 [INFO] Starting AI image generation...
2025-11-17 14:20:21,538 [INFO] img_content type: <class 'bytes'>
2025-11-17 14:20:23,104 [INFO] Image uploaded to generated/latest_island.png
2025-11-17 14:20:23,189 [INFO] Firestore updated
2025-11-17 14:20:23,190 [INFO] TIMING | Generation: 22.17s | Total: 23.84s
2025-11-17 14:22:41,513 [INFO] Sketch downloaded from drawings/drawing.png
2025-11-17 14:22:41,514 [INFO] Checking for text in sketch...
2025-11-17 14:22:41,853 [INFO] No text detected, proceeding with retrieval
2025-11-17 14:22:41,866 [INFO] Matched Island ID: 222 (similarity: 0.322)
2025-11-17 14:22:42,083 [INFO] Request: Island 222, Main Category 'heritage'
2025-11-17 14:22:42,085 [INFO] Starting AI image generation...
2025-11-17 14:22:48,143 [INFO] img_content type: <class 'bytes'>
2025-11-17 14:22:49,006 [INFO] Image uploaded to generated/latest_island.png
2025-11-17 14:22:49,066 [INFO] Firestore updated
2025-11-17 14:22:49,068 [INFO] TIMING | Generation: 6.06s | Total: 6.98s
2025-11-17 14:23:01,708 [INFO] Sketch downloaded from drawings/drawing.png
2025-11-17 14:23:01,710 [INFO] Checking for text in sketch...
2025-11-17 14:23:01,781 [INFO] No text detected, proceeding with retrieval
2025-11-17 14:23:01,796 [INFO] Matched Island ID: 222 (similarity: 0.357)
2025-11-17 14:23:01,941 [INFO] Request: Island 222, Main Category 'heritage'
2025-11-17 14:23:01,942 [INFO] Starting AI image generation...
2025-11-17 14:23:01,967 [INFO] img_content type: <class 'NoneType'>
2025-11-17 14:23:01,969 [ERROR] AI generation failed
2025-11-17 14:23:32,628 [INFO] Sketch downloaded from drawings/drawing.png
2025-11-17 14:23:32,629 [INFO] Checking for text in sketch...
2025-11-17 14:23:32,726 [INFO] No text detected, proceeding with retrieval
2025-11-17 14:23:32,743 [INFO] Matched Island ID: 222 (similarity: 0.357)
2025-11-17 14:23:32,847 [INFO] Request: Island 222, Main Category 'nature'
2025-11-17 14:23:32,849 [INFO] Starting AI image generation...
2025-11-17 14:24:05,068 [INFO] img_content type: <class 'bytes'>
2025-11-17 14:24:06,041 [INFO] Image uploaded to generated/latest_island.png
2025-11-17 14:24:06,106 [INFO] Firestore updated
2025-11-17 14:24:06,108 [INFO] TIMING | Generation: 32.22s | Total: 33.27s
2025-11-17 14:25:05,026 [INFO] Sketch downloaded from drawings/drawing.png
2025-11-17 14:25:05,028 [INFO] Checking for text in sketch...
2025-11-17 14:25:05,124 [INFO] No text detected, proceeding with retrieval
2025-11-17 14:25:05,142 [INFO] Matched Island ID: 144 (similarity: 0.211)
2025-11-17 14:25:05,309 [INFO] Request: Island 144, Main Category 'nature'
2025-11-17 14:25:05,311 [INFO] Starting AI image generation...
2025-11-17 14:25:19,983 [INFO] Sketch downloaded from drawings/drawing.png
2025-11-17 14:25:19,985 [INFO] Checking for text in sketch...
2025-11-17 14:25:20,150 [INFO] No text detected, proceeding with retrieval
2025-11-17 14:25:20,183 [INFO] Matched Island ID: 222 (similarity: 0.382)
2025-11-17 14:25:20,409 [INFO] Request: Island 222, Main Category 'nature'
2025-11-17 14:25:20,410 [INFO] Starting AI image generation...
2025-11-17 14:25:37,569 [INFO] img_content type: <class 'bytes'>
2025-11-17 14:25:39,245 [INFO] Image uploaded to generated/latest_island.png
2025-11-17 14:25:39,303 [INFO] Firestore updated
2025-11-17 14:25:39,304 [INFO] TIMING | Generation: 32.26s | Total: 34.00s
2025-11-17 14:26:00,697 [INFO] img_content type: <class 'bytes'>
2025-11-17 14:26:02,192 [INFO] Image uploaded to generated/latest_island.png
2025-11-17 14:26:02,245 [INFO] Firestore updated
2025-11-17 14:26:02,247 [INFO] TIMING | Generation: 40.29s | Total: 41.84s
2025-11-17 14:47:25,200 [INFO] Sketch downloaded from drawings/drawing.png
2025-11-17 14:47:25,201 [INFO] Checking for text in sketch...
2025-11-17 14:47:25,336 [INFO] No text detected, proceeding with retrieval
2025-11-17 14:47:25,353 [INFO] Matched Island ID: 101 (similarity: 0.245)
2025-11-17 14:47:25,578 [INFO] Request: Island 101, Main Category 'nature'
2025-11-17 14:47:25,579 [INFO] Starting AI image generation...
2025-11-17 14:47:37,674 [INFO] img_content type: <class 'bytes'>
2025-11-17 14:47:39,283 [INFO] Image uploaded to generated/latest_island.png
2025-11-17 14:47:39,443 [INFO] Firestore updated
2025-11-17 14:47:39,444 [INFO] TIMING | Generation: 12.09s | Total: 13.88s
2025-11-17 14:50:37,004 [INFO] Sketch downloaded from drawings/drawing.png
2025-11-17 14:50:37,005 [INFO] Checking for text in sketch...
2025-11-17 14:50:37,094 [INFO] No text detected, proceeding with retrieval
2025-11-17 14:50:37,109 [INFO] Matched Island ID: 361 (similarity: 0.295)
2025-11-17 14:50:37,351 [INFO] Request: Island 361, Main Category 'art'
2025-11-17 14:50:37,352 [INFO] Starting AI image generation...
2025-11-17 14:50:59,522 [INFO] img_content type: <class 'bytes'>
2025-11-17 14:51:01,066 [INFO] Image uploaded to generated/latest_island.png
2025-11-17 14:51:01,133 [INFO] Firestore updated
2025-11-17 14:51:01,134 [INFO] TIMING | Generation: 22.17s | Total: 23.79s
2025-11-17 15:36:29,944 [INFO] Sketch downloaded from drawings/drawing.png
2025-11-17 15:36:29,948 [INFO] Checking for text in sketch...
2025-11-17 15:36:30,053 [INFO] No text detected, proceeding with retrieval
2025-11-17 15:36:30,073 [INFO] Matched Island ID: 222 (similarity: 0.385)
2025-11-17 15:36:30,246 [INFO] Request: Island 222, Main Category 'nature'
2025-11-17 15:36:30,247 [INFO] Starting AI image generation...
2025-11-17 15:36:58,866 [INFO] img_content type: <class 'bytes'>
2025-11-17 15:36:59,806 [INFO] Image uploaded to generated/latest_island.png
2025-11-17 15:36:59,939 [INFO] Firestore updated
2025-11-17 15:36:59,941 [INFO] TIMING | Generation: 28.62s | Total: 29.70s
2025-11-17 15:41:06,141 [INFO] Request: Island 324, Main Category 'dansaekhwa'
2025-11-17 15:41:06,142 [INFO] Starting AI image generation...
2025-11-17 15:41:18,246 [INFO] img_content type: <class 'bytes'>
2025-11-17 15:41:19,846 [INFO] Image uploaded to generated/latest_island.png
2025-11-17 15:41:20,036 [INFO] Firestore updated
2025-11-17 15:41:20,037 [INFO] TIMING | Generation: 12.10s | Total: 13.90s
2025-11-17 15:42:16,939 [INFO] Sketch downloaded from drawings/drawing.png
2025-11-17 15:42:16,940 [INFO] Checking for text in sketch...
2025-11-17 15:42:17,041 [INFO] No text detected, proceeding with retrieval
2025-11-17 15:42:17,061 [INFO] Matched Island ID: 222 (similarity: 0.416)
2025-11-17 15:42:17,242 [INFO] Request: Island 222, Main Category 'nature'
2025-11-17 15:42:17,244 [INFO] Starting AI image generation...
2025-11-17 15:42:33,382 [INFO] img_content type: <class 'bytes'>
2025-11-17 15:42:34,943 [INFO] Image uploaded to generated/latest_island.png
2025-11-17 15:42:35,044 [INFO] Firestore updated
2025-11-17 15:42:35,046 [INFO] TIMING | Generation: 16.14s | Total: 17.81s
2025-11-17 15:44:12,109 [INFO] Request: Island 324, Main Category 'dansaekhwa'
2025-11-17 15:44:12,111 [INFO] Starting AI image generation...
2025-11-17 15:44:22,211 [INFO] img_content type: <class 'bytes'>
2025-11-17 15:44:23,644 [INFO] Image uploaded to generated/latest_island.png
2025-11-17 15:44:23,741 [INFO] Firestore updated
2025-11-17 15:44:23,742 [INFO] TIMING | Generation: 10.10s | Total: 11.63s
2025-11-17 15:46:16,657 [INFO] Request: Island 324, Main Category 'monet'
2025-11-17 15:46:16,658 [INFO] Starting AI image generation...
2025-11-17 15:47:17,034 [INFO] img_content type: <class 'NoneType'>
2025-11-17 15:47:17,035 [ERROR] AI generation failed
2025-11-17 15:56:52,573 [INFO] Firebase initialized
2025-11-17 15:56:57,422 [INFO] IslandRetriever initialized (DB: C:\Users\h2ctlab_dev\Documents\ComfyUI\input\generated_sketches_all)
2025-11-17 15:56:57,457 [INFO] ComfyUI initialized (workflows: ['autumn', 'baekja', 'camellia', 'canola', 'cherry', 'constellation', 'dansaekhwa', 'entertainment', 'fantasy', 'hydragea', 'jage', 'jasu', 'klimt', 'landscape', 'monet', 'origami', 'pollock', 'sinyunbok', 'sumuk', 'traditional', 'vangogh', 'wave', 'winter', '_kimhongdo'])
2025-11-17 15:56:58,910 [INFO] OCR Client initialized
2025-11-17 15:56:58,912 [INFO] ==================================================
2025-11-17 15:56:58,913 [INFO] Flask AI Server Starting...
2025-11-17 15:56:58,914 [INFO] Storage Path: drawings/drawing.png
2025-11-17 15:56:58,915 [INFO] Port: 23100
2025-11-17 15:56:58,916 [INFO] ==================================================
2025-11-17 15:57:30,401 [INFO] Request: Island 324, Main Category 'monet'
2025-11-17 15:57:30,403 [INFO] Starting AI image generation...
2025-11-17 15:59:31,112 [ERROR] AI generation failed
2025-11-17 16:01:17,689 [INFO] Request: Island 324, Main Category 'wave'
2025-11-17 16:01:17,691 [INFO] Starting AI image generation...
2025-11-17 16:01:39,784 [INFO] Image uploaded to generated/latest_island.png
2025-11-17 16:01:39,978 [INFO] Firestore updated
2025-11-17 16:01:39,980 [INFO] TIMING | Generation: 20.19s | Total: 22.29s
2025-11-17 17:19:44,580 [INFO] Firebase initialized
2025-11-17 17:20:22,849 [INFO] Firebase initialized
2025-11-17 17:21:10,408 [INFO] Firebase initialized
2025-11-17 17:21:30,229 [INFO] Firebase initialized
2025-11-17 17:24:28,043 [INFO] Firebase initialized
2025-11-17 17:24:34,111 [INFO] IslandRetriever initialized (DB: ComfyUI\input\generated_sketches_all)
2025-11-17 17:24:34,340 [INFO] ComfyUI initialized (workflows: ['autumn', 'baekja', 'camellia', 'canola', 'cherry', 'constellation', 'dansaekhwa', 'entertainment', 'fantasy', 'hydragea', 'jage', 'jasu', 'klimt', 'landscape', 'monet', 'origami', 'pollock', 'sinyunbok', 'sumuk', 'traditional', 'vangogh', 'wave', 'winter'])
2025-11-17 17:24:40,213 [INFO] OCR Client initialized
2025-11-17 17:24:40,214 [INFO] ==================================================
2025-11-17 17:24:40,215 [INFO] Flask AI Server Starting...
2025-11-17 17:24:40,215 [INFO] Storage Path: drawings/drawing.png
2025-11-17 17:24:40,216 [INFO] Port: 23100
2025-11-17 17:24:40,217 [INFO] ==================================================
2025-11-17 17:25:37,856 [INFO] Sketch downloaded from drawings/drawing.png
2025-11-17 17:25:37,858 [INFO] Checking for text in sketch...
2025-11-17 17:25:38,219 [INFO] No text detected, proceeding with retrieval
2025-11-17 17:25:38,243 [INFO] Matched Island ID: 320 (similarity: 0.332)
2025-11-17 17:25:38,362 [INFO] Request: Island 320, Main Category 'nature'
2025-11-17 17:25:38,363 [INFO] Starting AI image generation...
2025-11-17 17:25:38,377 [ERROR] AI generation failed
2025-11-17 17:28:00,305 [INFO] Sketch downloaded from drawings/drawing.png
2025-11-17 17:28:00,306 [INFO] Checking for text in sketch...
2025-11-17 17:28:00,494 [INFO] No text detected, proceeding with retrieval
2025-11-17 17:28:00,505 [INFO] Matched Island ID: 320 (similarity: 0.332)
2025-11-17 17:28:00,723 [INFO] Request: Island 320, Main Category 'nature'
2025-11-17 17:28:00,724 [INFO] Starting AI image generation...
2025-11-17 17:28:00,732 [ERROR] AI generation failed
2025-11-17 17:28:46,978 [INFO] Firebase initialized
2025-11-17 17:29:05,471 [INFO] Firebase initialized
2025-11-17 17:29:20,100 [INFO] Firebase initialized
2025-11-17 17:35:09,540 [INFO] Firebase initialized
2025-11-17 17:35:12,789 [INFO] IslandRetriever initialized (DB: ComfyUI\input\generated_sketches_all)
2025-11-17 17:35:12,805 [INFO] ComfyUI initialized (workflows: ['autumn', 'baekja', 'camellia', 'canola', 'cherry', 'constellation', 'dansaekhwa', 'entertainment', 'fantasy', 'hydragea', 'jage', 'jasu', 'klimt', 'landscape', 'monet', 'origami', 'pollock', 'sinyunbok', 'sumuk', 'traditional', 'vangogh', 'wave', 'winter'])
2025-11-17 17:35:13,802 [INFO] OCR Client initialized
2025-11-17 17:35:13,803 [INFO] ==================================================
2025-11-17 17:35:13,804 [INFO] Flask AI Server Starting...
2025-11-17 17:35:13,804 [INFO] Storage Path: drawings/drawing.png
2025-11-17 17:35:13,805 [INFO] Port: 23100
2025-11-17 17:35:13,805 [INFO] ==================================================
2025-11-17 17:35:23,413 [INFO] Firebase initialized
2025-11-17 17:35:26,653 [INFO] IslandRetriever initialized (DB: ComfyUI\input\generated_sketches_all)
2025-11-17 17:35:26,675 [INFO] ComfyUI initialized (workflows: ['autumn', 'baekja', 'camellia', 'canola', 'cherry', 'constellation', 'dansaekhwa', 'entertainment', 'fantasy', 'hydragea', 'jage', 'jasu', 'klimt', 'landscape', 'monet', 'origami', 'pollock', 'sinyunbok', 'sumuk', 'traditional', 'vangogh', 'wave', 'winter'])
2025-11-17 17:35:27,682 [INFO] OCR Client initialized
2025-11-17 17:35:27,683 [INFO] ==================================================
2025-11-17 17:35:27,684 [INFO] Flask AI Server Starting...
2025-11-17 17:35:27,685 [INFO] Storage Path: drawings/drawing.png
2025-11-17 17:35:27,686 [INFO] Port: 23100
2025-11-17 17:35:27,687 [INFO] ==================================================
2025-11-17 17:36:56,961 [INFO] Sketch downloaded from drawings/drawing.png
2025-11-17 17:36:56,970 [INFO] Checking for text in sketch...
2025-11-17 17:36:57,225 [INFO] No text detected, proceeding with retrieval
2025-11-17 17:36:57,241 [INFO] Matched Island ID: 222 (similarity: 0.189)
2025-11-17 17:36:57,401 [INFO] Request: Island 222, Main Category 'nature'
2025-11-17 17:36:57,402 [INFO] Starting AI image generation...
2025-11-17 17:36:57,413 [ERROR] AI generation failed
2025-11-17 17:39:51,768 [INFO] Firebase initialized
2025-11-17 17:39:55,042 [INFO] IslandRetriever initialized (DB: ComfyUI\input/generated_sketches_all)
2025-11-17 17:39:55,061 [INFO] ComfyUI initialized (workflows: ['autumn', 'baekja', 'camellia', 'canola', 'cherry', 'constellation', 'dansaekhwa', 'entertainment', 'fantasy', 'hydragea', 'jage', 'jasu', 'klimt', 'landscape', 'monet', 'origami', 'pollock', 'sinyunbok', 'sumuk', 'traditional', 'vangogh', 'wave', 'winter'])
2025-11-17 17:39:56,066 [INFO] OCR Client initialized
2025-11-17 17:39:56,067 [INFO] ==================================================
2025-11-17 17:39:56,071 [INFO] Flask AI Server Starting...
2025-11-17 17:39:56,072 [INFO] Storage Path: drawings/drawing.png
2025-11-17 17:39:56,073 [INFO] Port: 23100
2025-11-17 17:39:56,074 [INFO] ==================================================
2025-11-17 17:40:04,909 [INFO] Sketch downloaded from drawings/drawing.png
2025-11-17 17:40:04,909 [INFO] Checking for text in sketch...
2025-11-17 17:40:05,328 [INFO] No text detected, proceeding with retrieval
2025-11-17 17:40:05,346 [INFO] Matched Island ID: 222 (similarity: 0.189)
2025-11-17 17:40:05,527 [INFO] Request: Island 222, Main Category 'nature'
2025-11-17 17:40:05,528 [INFO] Starting AI image generation...
2025-11-17 17:40:05,538 [ERROR] AI generation failed
2025-11-17 17:44:27,790 [INFO] Firebase initialized
2025-11-17 17:44:31,094 [INFO] IslandRetriever initialized (DB: C:\Users\devel\Desktop\ComfyUI_portable\AI-ART\ComfyUI\input\generated_sketches_all)
2025-11-17 17:44:31,119 [INFO] ComfyUI initialized (workflows: ['autumn', 'baekja', 'camellia', 'canola', 'cherry', 'constellation', 'dansaekhwa', 'entertainment', 'fantasy', 'hydragea', 'jage', 'jasu', 'klimt', 'landscape', 'monet', 'origami', 'pollock', 'sinyunbok', 'sumuk', 'traditional', 'vangogh', 'wave', 'winter'])
2025-11-17 17:44:32,120 [INFO] OCR Client initialized
2025-11-17 17:44:32,122 [INFO] ==================================================
2025-11-17 17:44:32,122 [INFO] Flask AI Server Starting...
2025-11-17 17:44:32,123 [INFO] Storage Path: drawings/drawing.png
2025-11-17 17:44:32,123 [INFO] Port: 23100
2025-11-17 17:44:32,124 [INFO] ==================================================
2025-11-17 17:44:40,748 [INFO] Sketch downloaded from drawings/drawing.png
2025-11-17 17:44:40,749 [INFO] Checking for text in sketch...
2025-11-17 17:44:41,048 [INFO] No text detected, proceeding with retrieval
2025-11-17 17:44:41,062 [INFO] Matched Island ID: 222 (similarity: 0.189)
2025-11-17 17:44:41,319 [INFO] Request: Island 222, Main Category 'nature'
2025-11-17 17:44:41,319 [INFO] Starting AI image generation...
2025-11-17 17:44:57,148 [INFO] Image uploaded to generated/latest_island.png
2025-11-17 17:44:57,319 [INFO] Firestore updated
2025-11-17 17:44:57,320 [INFO] TIMING | Generation: 14.06s | Total: 16.00s
2025-11-17 17:45:59,680 [INFO] Sketch downloaded from drawings/drawing.png
2025-11-17 17:45:59,683 [INFO] Checking for text in sketch...
2025-11-17 17:45:59,928 [INFO] No text detected, proceeding with retrieval
2025-11-17 17:45:59,938 [INFO] Matched Island ID: 94 (similarity: 0.262)
2025-11-17 17:46:00,120 [INFO] Request: Island 94, Main Category 'heritage'
2025-11-17 17:46:00,121 [INFO] Starting AI image generation...
2025-11-17 17:46:00,130 [ERROR] AI generation failed
2025-11-17 17:48:25,881 [INFO] Firebase initialized
2025-11-17 17:48:29,063 [INFO] IslandRetriever initialized (DB: C:\Users\devel\Desktop\ComfyUI_portable\AI-ART\ComfyUI\input\generated_sketches_all)
2025-11-17 17:48:29,090 [INFO] ComfyUI initialized (workflows: ['autumn', 'baekja', 'camellia', 'canola', 'cherry', 'constellation', 'dansaekhwa', 'entertainment', 'fantasy', 'hydragea', 'jage', 'jasu', 'klimt', 'landscape', 'monet', 'origami', 'pollock', 'sinyunbok', 'sumuk', 'traditional', 'vangogh', 'wave', 'winter'])
2025-11-17 17:48:30,095 [INFO] OCR Client initialized
2025-11-17 17:48:30,103 [INFO] ==================================================
2025-11-17 17:48:30,107 [INFO] Flask AI Server Starting...
2025-11-17 17:48:30,108 [INFO] Storage Path: drawings/drawing.png
2025-11-17 17:48:30,108 [INFO] Port: 23100
2025-11-17 17:48:30,109 [INFO] ==================================================
2025-11-17 17:48:37,281 [INFO] Sketch downloaded from drawings/drawing.png
2025-11-17 17:48:37,282 [INFO] Checking for text in sketch...
2025-11-17 17:48:37,494 [INFO] No text detected, proceeding with retrieval
2025-11-17 17:48:37,561 [INFO] Matched Island ID: 94 (similarity: 0.262)
2025-11-17 17:48:37,726 [INFO] Request: Island 94, Main Category 'heritage'
2025-11-17 17:48:37,727 [INFO] Starting AI image generation...
2025-11-17 17:48:37,729 [ERROR] AI generation failed
2025-11-17 17:52:54,225 [INFO] Sketch downloaded from drawings/drawing.png
2025-11-17 17:52:54,227 [INFO] Checking for text in sketch...
2025-11-17 17:52:54,574 [INFO] No text detected, proceeding with retrieval
2025-11-17 17:52:54,592 [INFO] Matched Island ID: 94 (similarity: 0.257)
2025-11-17 17:52:54,759 [INFO] Request: Island 94, Main Category 'heritage'
2025-11-17 17:52:54,760 [INFO] Starting AI image generation...
2025-11-17 17:53:05,762 [INFO] Image uploaded to generated/latest_island.png
2025-11-17 17:53:05,891 [INFO] Firestore updated
2025-11-17 17:53:05,892 [INFO] TIMING | Generation: 10.04s | Total: 11.14s
2025-11-17 17:53:19,501 [INFO] Sketch downloaded from drawings/drawing.png
2025-11-17 17:53:19,502 [INFO] Checking for text in sketch...
2025-11-17 17:53:19,636 [INFO] No text detected, proceeding with retrieval
2025-11-17 17:53:19,649 [INFO] Matched Island ID: 347 (similarity: 0.446)
2025-11-17 17:53:19,824 [INFO] Request: Island 347, Main Category 'heritage'
2025-11-17 17:53:19,825 [INFO] Starting AI image generation...
2025-11-17 17:53:51,507 [INFO] Image uploaded to generated/latest_island.png
2025-11-17 17:53:51,571 [INFO] Firestore updated
2025-11-17 17:53:51,573 [INFO] TIMING | Generation: 30.08s | Total: 31.75s
2025-11-18 10:27:58,360 [INFO] Firebase initialized
2025-11-18 10:28:03,651 [INFO] IslandRetriever initialized (DB: C:\Users\devel\Desktop\Final\AI-ART\ComfyUI\input\generated_sketches_all)
2025-11-18 10:28:03,852 [INFO] ComfyUI initialized (workflows: ['autumn', 'baekja', 'camellia', 'canola', 'cherry', 'constellation', 'dansaekhwa', 'entertainment', 'fantasy', 'hydragea', 'jage', 'jasu', 'klimt', 'landscape', 'monet', 'origami', 'pollock', 'sinyunbok', 'sumuk', 'traditional', 'vangogh', 'wave', 'winter'])
2025-11-18 10:28:05,001 [INFO] OCR Client initialized
2025-11-18 10:28:05,002 [INFO] ==================================================
2025-11-18 10:28:05,003 [INFO] Flask AI Server Starting...
2025-11-18 10:28:05,003 [INFO] Storage Path: drawings/drawing.png
2025-11-18 10:28:05,004 [INFO] Port: 23100
2025-11-18 10:28:05,005 [INFO] ==================================================
2025-11-18 10:36:39,678 [INFO] Firebase initialized
2025-11-18 10:36:42,832 [INFO] IslandRetriever initialized (DB: C:\Users\devel\Desktop\Final\AI-ART\ComfyUI\input\generated_sketches_all)
2025-11-18 10:36:42,847 [INFO] ComfyUI initialized (workflows: ['autumn', 'baekja', 'camellia', 'canola', 'cherry', 'constellation', 'dansaekhwa', 'entertainment', 'fantasy', 'hydragea', 'jage', 'jasu', 'klimt', 'landscape', 'monet', 'origami', 'pollock', 'sinyunbok', 'sumuk', 'traditional', 'vangogh', 'wave', 'winter'])
2025-11-18 10:36:43,845 [INFO] OCR Client initialized
2025-11-18 10:36:43,846 [INFO] ==================================================
2025-11-18 10:36:43,847 [INFO] Flask AI Server Starting...
2025-11-18 10:36:43,851 [INFO] Storage Path: drawings/drawing.png
2025-11-18 10:36:43,851 [INFO] Port: 23100
2025-11-18 10:36:43,852 [INFO] ==================================================
2025-11-18 10:38:40,898 [INFO] Firebase initialized
2025-11-18 10:38:44,085 [INFO] IslandRetriever initialized (DB: C:\Users\devel\Desktop\Final\AI-ART\ComfyUI\input\generated_sketches_all)
2025-11-18 10:38:44,100 [INFO] ComfyUI initialized (workflows: ['autumn', 'baekja', 'camellia', 'canola', 'cherry', 'constellation', 'dansaekhwa', 'entertainment', 'fantasy', 'hydragea', 'jage', 'jasu', 'klimt', 'landscape', 'monet', 'origami', 'pollock', 'sinyunbok', 'sumuk', 'traditional', 'vangogh', 'wave', 'winter'])
2025-11-18 10:38:45,148 [INFO] OCR Client initialized
2025-11-18 10:38:45,149 [INFO] ==================================================
2025-11-18 10:38:45,150 [INFO] Flask AI Server Starting...
2025-11-18 10:38:45,150 [INFO] Storage Path: drawings/drawing.png
2025-11-18 10:38:45,151 [INFO] Port: 23100
2025-11-18 10:38:45,151 [INFO] ==================================================
2025-11-18 10:38:57,946 [INFO] Firebase initialized
2025-11-18 10:39:01,032 [INFO] IslandRetriever initialized (DB: C:\Users\devel\Desktop\Final\AI-ART\ComfyUI\input\generated_sketches_all)
2025-11-18 10:39:01,054 [INFO] ComfyUI initialized (workflows: ['autumn', 'baekja', 'camellia', 'canola', 'cherry', 'constellation', 'dansaekhwa', 'entertainment', 'fantasy', 'hydragea', 'jage', 'jasu', 'klimt', 'landscape', 'monet', 'origami', 'pollock', 'sinyunbok', 'sumuk', 'traditional', 'vangogh', 'wave', 'winter'])
2025-11-18 10:39:02,066 [INFO] OCR Client initialized
2025-11-18 10:39:02,067 [INFO] ==================================================
2025-11-18 10:39:02,068 [INFO] Flask AI Server Starting...
2025-11-18 10:39:02,068 [INFO] Storage Path: drawings/drawing.png
2025-11-18 10:39:02,069 [INFO] Port: 23100
2025-11-18 10:39:02,069 [INFO] ==================================================
2025-11-18 10:40:29,052 [INFO] Firebase initialized
2025-11-18 10:40:32,249 [INFO] IslandRetriever initialized (DB: C:\Users\devel\Desktop\Final\AI-ART\ComfyUI\input\generated_sketches_all)
2025-11-18 10:40:32,265 [INFO] ComfyUI initialized (workflows: ['autumn', 'baekja', 'camellia', 'canola', 'cherry', 'constellation', 'dansaekhwa', 'entertainment', 'fantasy', 'hydragea', 'jage', 'jasu', 'klimt', 'landscape', 'monet', 'origami', 'pollock', 'sinyunbok', 'sumuk', 'traditional', 'vangogh', 'wave', 'winter'])
2025-11-18 10:40:33,301 [INFO] OCR Client initialized
2025-11-18 10:40:33,302 [INFO] ==================================================
2025-11-18 10:40:33,303 [INFO] Flask AI Server Starting...
2025-11-18 10:40:33,304 [INFO] Storage Path: drawings/drawing.png
2025-11-18 10:40:33,304 [INFO] Port: 23100
2025-11-18 10:40:33,304 [INFO] ==================================================
2025-11-18 10:41:45,464 [INFO] Firebase initialized
2025-11-18 10:41:48,644 [INFO] IslandRetriever initialized (DB: C:\Users\devel\Desktop\Final\AI-ART\ComfyUI\input\generated_sketches_all)
2025-11-18 10:41:48,658 [INFO] ComfyUI initialized (workflows: ['autumn', 'baekja', 'camellia', 'canola', 'cherry', 'constellation', 'dansaekhwa', 'entertainment', 'fantasy', 'hydragea', 'jage', 'jasu', 'klimt', 'landscape', 'monet', 'origami', 'pollock', 'sinyunbok', 'sumuk', 'traditional', 'vangogh', 'wave', 'winter'])
2025-11-18 10:41:49,683 [INFO] OCR Client initialized
2025-11-18 10:41:49,685 [INFO] ==================================================
2025-11-18 10:41:49,685 [INFO] Flask AI Server Starting...
2025-11-18 10:41:49,686 [INFO] Storage Path: drawings/drawing.png
2025-11-18 10:41:49,686 [INFO] Port: 23100
2025-11-18 10:41:49,687 [INFO] ==================================================
2025-11-18 10:42:48,995 [INFO] Firebase initialized
2025-11-18 10:42:52,203 [INFO] IslandRetriever initialized (DB: C:\Users\devel\Desktop\Final\AI-ART\ComfyUI\input\generated_sketches_all)
2025-11-18 10:42:52,219 [INFO] ComfyUI initialized (workflows: ['autumn', 'baekja', 'camellia', 'canola', 'cherry', 'constellation', 'dansaekhwa', 'entertainment', 'fantasy', 'hydragea', 'jage', 'jasu', 'klimt', 'landscape', 'monet', 'origami', 'pollock', 'sinyunbok', 'sumuk', 'traditional', 'vangogh', 'wave', 'winter'])
2025-11-18 10:42:53,262 [INFO] OCR Client initialized
2025-11-18 10:42:53,263 [INFO] ==================================================
2025-11-18 10:42:53,264 [INFO] Flask AI Server Starting...
2025-11-18 10:42:53,264 [INFO] Storage Path: drawings/drawing.png
2025-11-18 10:42:53,265 [INFO] Port: 23100
2025-11-18 10:42:53,265 [INFO] ==================================================
2025-11-18 10:43:16,420 [INFO] Firebase initialized
2025-11-18 10:43:19,602 [INFO] IslandRetriever initialized (DB: C:\Users\devel\Desktop\Final\AI-ART\ComfyUI\input\generated_sketches_all)
2025-11-18 10:43:19,618 [INFO] ComfyUI initialized (workflows: ['autumn', 'baekja', 'camellia', 'canola', 'cherry', 'constellation', 'dansaekhwa', 'entertainment', 'fantasy', 'hydragea', 'jage', 'jasu', 'klimt', 'landscape', 'monet', 'origami', 'pollock', 'sinyunbok', 'sumuk', 'traditional', 'vangogh', 'wave', 'winter'])
2025-11-18 10:43:20,651 [INFO] OCR Client initialized
2025-11-18 10:43:20,652 [INFO] ==================================================
2025-11-18 10:43:20,652 [INFO] Flask AI Server Starting...
2025-11-18 10:43:20,653 [INFO] Storage Path: drawings/drawing.png
2025-11-18 10:43:20,654 [INFO] Port: 23100
2025-11-18 10:43:20,654 [INFO] ==================================================
2025-11-18 12:33:20,227 [INFO] Firebase initialized
2025-11-18 12:33:24,283 [INFO] IslandRetriever initialized (DB: C:\Users\devel\Desktop\Final\AI-ART\ComfyUI\input\generated_sketches_all)
2025-11-18 12:33:24,435 [INFO] ComfyUI initialized (workflows: ['autumn', 'baekja', 'camellia', 'canola', 'cherry', 'constellation', 'dansaekhwa', 'entertainment', 'fantasy', 'hydragea', 'jage', 'jasu', 'klimt', 'landscape', 'monet', 'origami', 'pollock', 'sinyunbok', 'sumuk', 'traditional', 'vangogh', 'wave', 'winter'])
2025-11-18 12:33:25,534 [INFO] OCR Client initialized
2025-11-18 12:33:25,535 [INFO] ==================================================
2025-11-18 12:33:25,536 [INFO] Flask AI Server Starting...
2025-11-18 12:33:25,537 [INFO] Storage Path: drawings/drawing.png
2025-11-18 12:33:25,538 [INFO] Port: 23100
2025-11-18 12:33:25,539 [INFO] ==================================================
2025-11-18 13:59:27,285 [INFO] Firebase initialized
2025-11-18 13:59:31,239 [INFO] IslandRetriever initialized (DB: C:\Users\devel\Desktop\Final\AI-ART\ComfyUI\input\generated_sketches_all)
2025-11-18 13:59:31,257 [INFO] ComfyUI initialized (workflows: ['autumn', 'baekja', 'camellia', 'canola', 'cherry', 'constellation', 'dansaekhwa', 'entertainment', 'fantasy', 'hydragea', 'jage', 'jasu', 'klimt', 'landscape', 'monet', 'origami', 'pollock', 'sinyunbok', 'sumuk', 'traditional', 'vangogh', 'wave', 'winter'])
2025-11-18 13:59:32,274 [INFO] OCR Client initialized
2025-11-18 13:59:32,275 [INFO] ==================================================
2025-11-18 13:59:32,276 [INFO] Flask AI Server Starting...
2025-11-18 13:59:32,276 [INFO] Storage Path: drawings/drawing.png
2025-11-18 13:59:32,277 [INFO] Port: 23100
2025-11-18 13:59:32,277 [INFO] ==================================================
2025-11-18 14:06:19,163 [INFO] Request: Island 324, Main Category 'wave'
2025-11-18 14:06:19,164 [INFO] Starting AI image generation...
2025-11-18 14:06:19,180 [ERROR] AI generation failed
2025-11-18 14:06:54,076 [INFO] Request: Island 324, Main Category 'art'
2025-11-18 14:06:54,077 [INFO] Starting AI image generation...
2025-11-18 14:07:38,193 [INFO] Image uploaded to generated/latest_island.png
2025-11-18 14:07:38,462 [INFO] Firestore updated
2025-11-18 14:07:38,463 [INFO] TIMING | Generation: 42.14s | Total: 44.39s
2025-11-18 14:17:37,349 [INFO] Request: Island 324, Main Category 'art'
2025-11-18 14:17:37,350 [INFO] Starting AI image generation...
2025-11-18 14:17:58,978 [INFO] Image uploaded to generated/latest_island.png
2025-11-18 14:17:59,121 [INFO] Firestore updated
2025-11-18 14:17:59,123 [INFO] TIMING | Generation: 20.05s | Total: 21.78s
2025-11-18 14:20:40,011 [INFO] Request: Island 324, Main Category 'art'
2025-11-18 14:20:40,012 [INFO] Starting AI image generation...
2025-11-18 14:20:40,025 [ERROR] AI generation failed
2025-11-18 14:21:37,200 [INFO] Request: Island 324, Main Category 'monet'
2025-11-18 14:21:37,202 [INFO] Starting AI image generation...
2025-11-18 14:22:10,852 [INFO] Image uploaded to generated/latest_island.png
2025-11-18 14:22:11,024 [INFO] Firestore updated
2025-11-18 14:22:11,027 [INFO] TIMING | Generation: 32.09s | Total: 33.83s
2025-11-18 14:26:49,362 [INFO] Request: Island 324, Main Category 'monet'
2025-11-18 14:26:49,363 [INFO] Starting AI image generation...
2025-11-18 14:27:10,957 [INFO] Image uploaded to generated/latest_island.png
2025-11-18 14:27:11,098 [INFO] Firestore updated
2025-11-18 14:27:11,099 [INFO] TIMING | Generation: 20.05s | Total: 21.74s
2025-11-18 14:29:18,987 [INFO] Firebase initialized
2025-11-18 14:29:22,624 [INFO] IslandRetriever initialized (DB: C:\Users\devel\Desktop\Final\AI-ART\ComfyUI\input\generated_sketches_all)
2025-11-18 14:29:22,642 [INFO] ComfyUI initialized (workflows: ['autumn', 'baekja', 'camellia', 'canola', 'cherry', 'constellation', 'dansaekhwa', 'entertainment', 'fantasy', 'hydragea', 'jage', 'jasu', 'klimt', 'landscape', 'monet', 'origami', 'pollock', 'sinyunbok', 'sumuk', 'traditional', 'vangogh', 'wave', 'winter'])
2025-11-18 14:29:24,460 [INFO] OCR Client initialized
2025-11-18 14:29:24,461 [INFO] ==================================================
2025-11-18 14:29:24,463 [INFO] Flask AI Server Starting...
2025-11-18 14:29:24,465 [INFO] Storage Path: drawings/drawing.png
2025-11-18 14:29:24,466 [INFO] Port: 23100
2025-11-18 14:29:24,468 [INFO] ==================================================
2025-11-18 15:28:57,657 [INFO] Firebase initialized
2025-11-18 15:29:04,586 [INFO] IslandRetriever initialized (DB: C:\Users\devel\Desktop\Final\AI-ART\ComfyUI\input\generated_sketches_all)
2025-11-18 15:29:04,865 [INFO] ComfyUI initialized (workflows: ['autumn', 'baekja', 'camellia', 'canola', 'cherry', 'constellation', 'dansaekhwa', 'entertainment', 'fantasy', 'hydragea', 'jage', 'jasu', 'klimt', 'landscape', 'monet', 'origami', 'pollock', 'sinyunbok', 'sumuk', 'traditional', 'vangogh', 'wave', 'winter'])
2025-11-18 15:29:07,150 [INFO] OCR Client initialized
2025-11-18 15:29:07,152 [INFO] ==================================================
2025-11-18 15:29:07,153 [INFO] Flask AI Server Starting...
2025-11-18 15:29:07,154 [INFO] Storage Path: drawings/drawing.png
2025-11-18 15:29:07,155 [INFO] Port: 23100
2025-11-18 15:29:07,156 [INFO] ==================================================
2025-11-18 15:29:28,781 [INFO] Request: Island 324, Main Category 'monet'
2025-11-18 15:29:28,782 [INFO] Starting AI image generation...
2025-11-18 15:31:21,083 [INFO] Image uploaded to generated/latest_island.png
2025-11-18 15:31:21,333 [INFO] Firestore updated
2025-11-18 15:31:21,334 [INFO] TIMING | Generation: 110.38s | Total: 112.55s
2025-11-18 16:02:55,727 [INFO] Firebase initialized
2025-11-18 16:03:00,650 [INFO] IslandRetriever initialized (DB: C:\Users\devel\Desktop\Final\AI-ART\ComfyUI\input\generated_sketches_all)
2025-11-18 16:03:00,836 [INFO] ComfyUI initialized (workflows: ['autumn', 'baekja', 'camellia', 'canola', 'cherry', 'constellation', 'dansaekhwa', 'entertainment', 'fantasy', 'hydragea', 'jage', 'jasu', 'klimt', 'landscape', 'monet', 'origami', 'pollock', 'sinyunbok', 'sumuk', 'traditional', 'vangogh', 'wave', 'winter'])
2025-11-18 16:03:02,873 [INFO] OCR Client initialized
2025-11-18 16:03:02,874 [INFO] ==================================================
2025-11-18 16:03:02,876 [INFO] Flask AI Server Starting...
2025-11-18 16:03:02,877 [INFO] Storage Path: drawings/drawing.png
2025-11-18 16:03:02,878 [INFO] Port: 23100
2025-11-18 16:03:02,879 [INFO] ==================================================
2025-11-18 16:12:20,915 [INFO] Firebase initialized
2025-11-18 16:12:26,055 [INFO] IslandRetriever initialized (DB: C:\Users\devel\Desktop\Final\AI-ART\ComfyUI\input\generated_sketches_all)
2025-11-18 16:12:26,081 [INFO] ComfyUI initialized (workflows: ['autumn', 'baekja', 'camellia', 'canola', 'cherry', 'constellation', 'dansaekhwa', 'entertainment', 'fantasy', 'hydragea', 'jage', 'jasu', 'klimt', 'landscape', 'monet', 'origami', 'pollock', 'sinyunbok', 'sumuk', 'traditional', 'vangogh', 'wave', 'winter'])
2025-11-18 16:12:28,213 [INFO] OCR Client initialized
2025-11-18 16:12:28,215 [INFO] ==================================================
2025-11-18 16:12:28,216 [INFO] Flask AI Server Starting...
2025-11-18 16:12:28,216 [INFO] Storage Path: drawings/drawing.png
2025-11-18 16:12:28,217 [INFO] Port: 23100
2025-11-18 16:12:28,218 [INFO] ==================================================
2025-11-18 16:12:41,994 [INFO] Sketch downloaded from drawings/drawing.png
2025-11-18 16:12:41,997 [INFO] Checking for text in sketch...
2025-11-18 16:12:42,221 [INFO] No text detected, proceeding with retrieval
2025-11-18 16:12:42,271 [INFO] Matched Island ID: 222 (similarity: 0.243)
2025-11-18 16:12:42,363 [INFO] Request: Island 222, Main Category 'nature'
2025-11-18 16:12:42,364 [INFO] Starting AI image generation...
2025-11-18 16:13:10,010 [INFO] Image uploaded to generated/latest_island.png
2025-11-18 16:13:10,222 [INFO] Firestore updated
2025-11-18 16:13:10,223 [INFO] TIMING | Generation: 26.08s | Total: 27.86s
2025-11-18 16:16:38,600 [INFO] Sketch downloaded from drawings/drawing.png
2025-11-18 16:16:38,601 [INFO] Checking for text in sketch...
2025-11-18 16:16:38,696 [INFO] No text detected, proceeding with retrieval
2025-11-18 16:16:38,729 [INFO] Matched Island ID: 315 (similarity: 0.305)
2025-11-18 16:16:38,866 [INFO] Request: Island 315, Main Category 'nature'
2025-11-18 16:16:38,867 [INFO] Starting AI image generation...
2025-11-18 16:17:14,458 [INFO] Image uploaded to generated/latest_island.png
2025-11-18 16:17:14,521 [INFO] Firestore updated
2025-11-18 16:17:14,522 [INFO] TIMING | Generation: 34.08s | Total: 35.66s
2025-11-18 16:22:24,395 [INFO] Sketch downloaded from drawings/drawing.png
2025-11-18 16:22:24,396 [INFO] Checking for text in sketch...
2025-11-18 16:22:24,483 [INFO] No text detected, proceeding with retrieval
2025-11-18 16:22:24,503 [INFO] Matched Island ID: 44 (similarity: 0.281)
2025-11-18 16:22:24,684 [INFO] Request: Island 44, Main Category 'nature'
2025-11-18 16:22:24,685 [INFO] Starting AI image generation...
2025-11-18 16:23:03,766 [INFO] Image uploaded to generated/latest_island.png
2025-11-18 16:23:03,885 [INFO] Firestore updated
2025-11-18 16:23:03,886 [INFO] TIMING | Generation: 38.07s | Total: 39.20s
2025-11-18 16:25:37,616 [INFO] Sketch downloaded from drawings/drawing.png
2025-11-18 16:25:37,618 [INFO] Checking for text in sketch...
2025-11-18 16:25:37,781 [INFO] No text detected, proceeding with retrieval
2025-11-18 16:25:37,812 [INFO] Matched Island ID: 222 (similarity: 0.464)
2025-11-18 16:25:37,992 [INFO] Request: Island 222, Main Category 'nature'
2025-11-18 16:25:37,993 [INFO] Starting AI image generation...
2025-11-18 16:26:07,611 [INFO] Image uploaded to generated/latest_island.png
2025-11-18 16:26:07,669 [INFO] Firestore updated
2025-11-18 16:26:07,670 [INFO] TIMING | Generation: 28.08s | Total: 29.68s
2025-11-18 16:30:10,525 [INFO] Sketch downloaded from drawings/drawing.png
2025-11-18 16:30:10,526 [INFO] Checking for text in sketch...
2025-11-18 16:30:10,773 [INFO] No text detected, proceeding with retrieval
2025-11-18 16:30:10,820 [INFO] Matched Island ID: 330 (similarity: 0.346)
2025-11-18 16:30:10,992 [INFO] Request: Island 330, Main Category 'nature'
2025-11-18 16:30:10,995 [INFO] Starting AI image generation...
2025-11-18 16:30:58,659 [INFO] Image uploaded to generated/latest_island.png
2025-11-18 16:30:58,764 [INFO] Firestore updated
2025-11-18 16:30:58,765 [INFO] TIMING | Generation: 46.11s | Total: 47.77s
2025-11-18 16:41:07,817 [INFO] Sketch downloaded from drawings/drawing.png
2025-11-18 16:41:07,818 [INFO] Checking for text in sketch...
2025-11-18 16:41:08,051 [INFO] No text detected, proceeding with retrieval
2025-11-18 16:41:08,097 [INFO] Matched Island ID: 325 (similarity: 0.278)
2025-11-18 16:41:08,309 [INFO] Request: Island 325, Main Category 'nature'
2025-11-18 16:41:08,311 [INFO] Starting AI image generation...
2025-11-18 16:41:45,942 [INFO] Image uploaded to generated/latest_island.png
2025-11-18 16:41:46,058 [INFO] Firestore updated
2025-11-18 16:41:46,059 [INFO] TIMING | Generation: 36.10s | Total: 37.75s
2025-11-18 16:45:47,284 [INFO] Sketch downloaded from drawings/drawing.png
2025-11-18 16:45:47,285 [INFO] Checking for text in sketch...
2025-11-18 16:45:47,445 [INFO] No text detected, proceeding with retrieval
2025-11-18 16:45:47,470 [INFO] Matched Island ID: 330 (similarity: 0.538)
2025-11-18 16:45:47,652 [INFO] Request: Island 330, Main Category 'nature'
2025-11-18 16:45:47,653 [INFO] Starting AI image generation...
2025-11-18 16:46:31,240 [INFO] Image uploaded to generated/latest_island.png
2025-11-18 16:46:31,344 [INFO] Firestore updated
2025-11-18 16:46:31,345 [INFO] TIMING | Generation: 42.10s | Total: 43.69s
2025-11-18 17:06:26,660 [INFO] Firebase initialized
2025-11-18 17:06:33,526 [INFO] IslandRetriever initialized (DB: C:\Users\devel\Desktop\Final\AI-ART\ComfyUI\input\generated_sketches_all)
2025-11-18 17:06:33,590 [INFO] ComfyUI initialized (workflows: ['autumn', 'baekja', 'camellia', 'canola', 'cherry', 'constellation', 'dansaekhwa', 'entertainment', 'fantasy', 'hydragea', 'jage', 'jasu', 'klimt', 'landscape', 'monet', 'origami', 'pollock', 'sinyunbok', 'sumuk', 'traditional', 'vangogh', 'wave', 'winter'])
2025-11-18 17:06:35,821 [INFO] OCR Client initialized
2025-11-18 17:06:35,823 [INFO] ==================================================
2025-11-18 17:06:35,824 [INFO] Flask AI Server Starting...
2025-11-18 17:06:35,825 [INFO] Storage Path: drawings/drawing.png
2025-11-18 17:06:35,826 [INFO] Port: 23100
2025-11-18 17:06:35,827 [INFO] ==================================================
2025-11-18 17:12:58,977 [INFO] Firebase initialized
2025-11-18 17:13:05,074 [INFO] IslandRetriever initialized (DB: C:\Users\devel\Desktop\Final\AI-ART\ComfyUI\input\generated_sketches_all)
2025-11-18 17:13:05,097 [INFO] ComfyUI initialized (workflows: ['autumn', 'baekja', 'camellia', 'canola', 'cherry', 'constellation', 'dansaekhwa', 'entertainment', 'fantasy', 'hydragea', 'jage', 'jasu', 'klimt', 'landscape', 'monet', 'origami', 'pollock', 'sinyunbok', 'sumuk', 'traditional', 'vangogh', 'wave', 'winter'])
2025-11-18 17:13:07,444 [INFO] OCR Client initialized
2025-11-18 17:13:07,446 [INFO] ==================================================
2025-11-18 17:13:07,447 [INFO] Flask AI Server Starting...
2025-11-18 17:13:07,448 [INFO] Storage Path: drawings/drawing.png
2025-11-18 17:13:07,449 [INFO] Port: 23100
2025-11-18 17:13:07,450 [INFO] ==================================================
2025-11-18 17:16:43,542 [INFO] Sketch downloaded from drawings/drawing.png
2025-11-18 17:16:43,543 [INFO] Checking for text in sketch...
2025-11-18 17:16:43,833 [INFO] No text detected, proceeding with retrieval
2025-11-18 17:16:43,889 [INFO] Matched Island ID: 148 (similarity: 0.456)
2025-11-18 17:16:44,064 [INFO] Request: Island 148, Main Category 'heritage'
2025-11-18 17:16:44,065 [INFO] Starting AI image generation...
2025-11-18 17:17:07,055 [INFO] Image uploaded to generated/latest_island.png
2025-11-18 17:17:07,231 [INFO] Firestore updated
2025-11-18 17:17:07,232 [INFO] TIMING | Generation: 22.06s | Total: 23.18s
2025-11-18 17:19:29,357 [INFO] Request: Island 1, Main Category 'kimhongdo'
2025-11-18 17:19:29,358 [INFO] Starting AI image generation...
2025-11-18 17:19:31,030 [INFO] Image uploaded to generated/latest_island.png
2025-11-18 17:19:31,133 [INFO] Firestore updated
2025-11-18 17:19:31,135 [INFO] TIMING | Generation: 0.02s | Total: 1.78s
2025-11-18 17:20:54,103 [INFO] Request: Island 2, Main Category 'sinyunbok'
2025-11-18 17:20:54,105 [INFO] Starting AI image generation...
2025-11-18 17:22:54,338 [ERROR] AI generation failed
2025-11-18 17:24:28,463 [INFO] Request: Island 2, Main Category 'jasu'
2025-11-18 17:24:28,465 [INFO] Starting AI image generation...
2025-11-18 17:26:20,292 [INFO] Image uploaded to generated/latest_island.png
2025-11-18 17:26:20,456 [INFO] Firestore updated
2025-11-18 17:26:20,457 [INFO] TIMING | Generation: 110.20s | Total: 111.99s
2025-11-18 17:27:33,749 [INFO] Request: Island 2, Main Category 'baekja'
2025-11-18 17:27:33,751 [INFO] Starting AI image generation...
2025-11-18 17:27:52,745 [INFO] Image uploaded to generated/latest_island.png
2025-11-18 17:27:52,831 [INFO] Firestore updated
2025-11-18 17:27:52,832 [INFO] TIMING | Generation: 18.06s | Total: 19.09s
2025-11-18 17:28:03,045 [INFO] Request: Island 2, Main Category 'traditional'
2025-11-18 17:28:03,046 [INFO] Starting AI image generation...
2025-11-18 17:28:30,820 [INFO] Image uploaded to generated/latest_island.png
2025-11-18 17:28:30,897 [INFO] Firestore updated
2025-11-18 17:28:30,897 [INFO] TIMING | Generation: 26.20s | Total: 27.85s
2025-11-18 17:28:36,643 [INFO] Request: Island 2, Main Category 'jage'
2025-11-18 17:28:36,645 [INFO] Starting AI image generation...
2025-11-18 17:29:16,148 [INFO] Image uploaded to generated/latest_island.png
2025-11-18 17:29:16,267 [INFO] Firestore updated
2025-11-18 17:29:16,269 [INFO] TIMING | Generation: 38.09s | Total: 39.63s
2025-11-18 17:33:18,491 [INFO] Request: Island 2, Main Category 'fantasy'
2025-11-18 17:33:18,492 [INFO] Starting AI image generation...
2025-11-18 17:35:18,702 [ERROR] AI generation failed
2025-11-18 17:35:25,395 [INFO] Request: Island 2, Main Category 'wave'
2025-11-18 17:35:25,397 [INFO] Starting AI image generation...
2025-11-18 17:36:07,023 [INFO] Image uploaded to generated/latest_island.png
2025-11-18 17:36:07,239 [INFO] Firestore updated
2025-11-18 17:36:07,240 [INFO] TIMING | Generation: 40.10s | Total: 41.85s
2025-11-18 17:36:14,610 [INFO] Request: Island 2, Main Category 'landscape'
2025-11-18 17:36:14,612 [INFO] Starting AI image generation...
2025-11-18 17:36:50,288 [INFO] Image uploaded to generated/latest_island.png
2025-11-18 17:36:50,391 [INFO] Firestore updated
2025-11-18 17:36:50,392 [INFO] TIMING | Generation: 34.09s | Total: 35.79s
2025-11-18 17:36:52,896 [INFO] Request: Island 2, Main Category 'entertainment'
2025-11-18 17:36:52,898 [INFO] Starting AI image generation...
2025-11-18 17:38:53,104 [ERROR] AI generation failed
2025-11-18 17:39:04,812 [INFO] Request: Island 2, Main Category 'sumuk'
2025-11-18 17:39:04,814 [INFO] Starting AI image generation...
2025-11-18 17:41:05,008 [ERROR] AI generation failed
2025-11-18 17:46:12,380 [INFO] Request: Island 2, Main Category 'pollock'
2025-11-18 17:46:12,382 [INFO] Starting AI image generation...
2025-11-18 17:46:46,041 [INFO] Image uploaded to generated/latest_island.png
2025-11-18 17:46:46,214 [INFO] Firestore updated
2025-11-18 17:46:46,216 [INFO] TIMING | Generation: 32.09s | Total: 33.84s
2025-11-18 17:46:49,256 [INFO] Request: Island 2, Main Category 'origami'
2025-11-18 17:46:49,257 [INFO] Starting AI image generation...
2025-11-18 17:47:24,848 [INFO] Image uploaded to generated/latest_island.png
2025-11-18 17:47:24,933 [INFO] Firestore updated
2025-11-18 17:47:24,934 [INFO] TIMING | Generation: 34.09s | Total: 35.68s
2025-11-18 17:48:17,831 [INFO] Request: Island 2, Main Category 'kimhongdo'
2025-11-18 17:48:17,833 [INFO] Starting AI image generation...
2025-11-18 17:48:19,458 [INFO] Image uploaded to generated/latest_island.png
2025-11-18 17:48:19,566 [INFO] Firestore updated
2025-11-18 17:48:19,567 [INFO] TIMING | Generation: 0.02s | Total: 1.76s
2025-11-18 17:48:26,976 [INFO] Request: Island 2, Main Category 'baekja'
2025-11-18 17:48:26,977 [INFO] Starting AI image generation...
2025-11-18 17:48:42,170 [INFO] Image uploaded to generated/latest_island.png
2025-11-18 17:48:42,249 [INFO] Firestore updated
2025-11-18 17:48:42,250 [INFO] TIMING | Generation: 14.19s | Total: 15.28s
2025-11-18 17:48:48,664 [INFO] Request: Island 2, Main Category 'traditional'
2025-11-18 17:48:48,665 [INFO] Starting AI image generation...
2025-11-18 17:49:20,358 [INFO] Image uploaded to generated/latest_island.png
2025-11-18 17:49:20,475 [INFO] Firestore updated
2025-11-18 17:49:20,475 [INFO] TIMING | Generation: 30.09s | Total: 31.81s
2025-11-18 17:49:55,193 [INFO] Request: Island 2, Main Category 'jage'
2025-11-18 17:49:55,195 [INFO] Starting AI image generation...
2025-11-18 17:50:34,842 [INFO] Image uploaded to generated/latest_island.png
2025-11-18 17:50:34,920 [INFO] Firestore updated
2025-11-18 17:50:34,921 [INFO] TIMING | Generation: 38.16s | Total: 39.73s
2025-11-18 17:50:37,092 [INFO] Request: Island 2, Main Category 'klimt'
2025-11-18 17:50:37,094 [INFO] Starting AI image generation...
2025-11-18 17:51:04,187 [INFO] Image uploaded to generated/latest_island.png
2025-11-18 17:51:04,267 [INFO] Firestore updated
2025-11-18 17:51:04,268 [INFO] TIMING | Generation: 26.08s | Total: 27.18s
2025-11-18 17:53:10,253 [INFO] Firebase initialized
2025-11-18 17:53:16,858 [INFO] IslandRetriever initialized (DB: C:\Users\devel\Desktop\Final\AI-ART\ComfyUI\input\generated_sketches_all)
2025-11-18 17:53:16,884 [INFO] ComfyUI initialized (workflows: ['autumn', 'baekja', 'camellia', 'canola', 'cherry', 'constellation', 'dansaekhwa', 'entertainment', 'fantasy', 'hydragea', 'jage', 'jasu', 'klimt', 'landscape', 'monet', 'origami', 'pollock', 'sinyunbok', 'sumuk', 'traditional', 'vangogh', 'wave', 'winter'])
2025-11-18 17:53:19,288 [INFO] OCR Client initialized
2025-11-18 17:53:19,290 [INFO] ==================================================
2025-11-18 17:53:19,291 [INFO] Flask AI Server Starting...
2025-11-18 17:53:19,291 [INFO] Storage Path: drawings/drawing.png
2025-11-18 17:53:19,292 [INFO] Port: 23100
2025-11-18 17:53:19,292 [INFO] ==================================================
2025-11-18 17:53:41,030 [INFO] Request: Island 2, Main Category 'sinyunbok'
2025-11-18 17:53:41,031 [INFO] Starting AI image generation...
2025-11-18 17:54:25,025 [INFO] Image uploaded to generated/latest_island.png
2025-11-18 17:54:25,232 [INFO] Firestore updated
2025-11-18 17:54:25,232 [INFO] TIMING | Generation: 42.13s | Total: 44.20s
2025-11-18 17:54:28,156 [INFO] Request: Island 2, Main Category 'jasu'
2025-11-18 17:54:28,157 [INFO] Starting AI image generation...
2025-11-18 17:54:57,927 [INFO] Image uploaded to generated/latest_island.png
2025-11-18 17:54:58,007 [INFO] Firestore updated
2025-11-18 17:54:58,007 [INFO] TIMING | Generation: 28.10s | Total: 29.86s
2025-11-18 17:55:03,873 [INFO] Request: Island 2, Main Category 'fantasy'
2025-11-18 17:55:03,874 [INFO] Starting AI image generation...
2025-11-18 17:55:35,473 [INFO] Image uploaded to generated/latest_island.png
2025-11-18 17:55:35,543 [INFO] Firestore updated
2025-11-18 17:55:35,544 [INFO] TIMING | Generation: 30.08s | Total: 31.68s
2025-11-18 17:56:41,665 [INFO] Request: Island 2, Main Category 'landscape'
2025-11-18 17:56:41,666 [INFO] Starting AI image generation...
2025-11-18 17:56:57,558 [INFO] Image uploaded to generated/latest_island.png
2025-11-18 17:56:57,648 [INFO] Firestore updated
2025-11-18 17:56:57,649 [INFO] TIMING | Generation: 14.35s | Total: 15.99s
2025-11-18 17:58:32,979 [INFO] Request: Island 2, Main Category 'sinyunbok'
2025-11-18 17:58:32,981 [INFO] Starting AI image generation...
2025-11-18 17:59:12,647 [INFO] Image uploaded to generated/latest_island.png
2025-11-18 17:59:12,731 [INFO] Firestore updated
2025-11-18 17:59:12,732 [INFO] TIMING | Generation: 38.10s | Total: 39.75s
2025-11-19 09:42:13,170 [INFO] Timing CSV initialized: ./logs\timing_log.csv
2025-11-19 09:42:13,257 [INFO] Firebase initialized
2025-11-19 09:42:19,295 [INFO] IslandRetriever initialized (DB: C:\Users\devel\Desktop\Final\AI-ART\ComfyUI\input\generated_sketches_all)
2025-11-19 09:42:19,607 [INFO] ComfyUI initialized (workflows: ['autumn', 'baekja', 'camellia', 'canola', 'cherry', 'constellation', 'dansaekhwa', 'entertainment', 'fantasy', 'hydragea', 'jage', 'jasu', 'klimt', 'landscape', 'monet', 'origami', 'pollock', 'sinyunbok', 'sumuk', 'traditional', 'vangogh', 'wave', 'winter'])
2025-11-19 09:42:19,609 [INFO] ==================================================
2025-11-19 09:42:19,610 [INFO] Flask AI Server Starting...
2025-11-19 09:42:19,611 [INFO] Storage Path: drawings/drawing.png
2025-11-19 09:42:19,612 [INFO] Port: 23100
2025-11-19 09:42:19,613 [INFO] ==================================================
2025-11-19 09:45:57,147 [ERROR] Generation failed after 0.00s: {'message': 'island_id is required', 'code': 400}
Traceback (most recent call last):
  File "C:\Users\devel\Desktop\Final\AI-ART\server.py", line 336, in generate_image
    raise Exception({"message": "island_id is required", "code": 400})
Exception: {'message': 'island_id is required', 'code': 400}
2025-11-19 09:51:04,701 [INFO] Request: Island 2, Main Category 'dansaekhwa'
2025-11-19 09:51:04,703 [INFO] Starting AI image generation...
2025-11-19 09:51:24,513 [INFO] Image uploaded to generated/latest_island.png
2025-11-19 09:51:24,706 [INFO] Firestore updated
2025-11-19 09:51:24,707 [INFO] TIMING | Generation: 18.07s | Total: 20.01s
2025-11-19 09:51:29,944 [INFO] Request: Island 2, Main Category 'monet'
2025-11-19 09:51:29,945 [INFO] Starting AI image generation...
2025-11-19 09:52:05,596 [INFO] Image uploaded to generated/latest_island.png
2025-11-19 09:52:05,704 [INFO] Firestore updated
2025-11-19 09:52:05,705 [INFO] TIMING | Generation: 34.11s | Total: 35.76s
2025-11-19 09:52:16,212 [INFO] Request: Island 2, Main Category 'vangogh'
2025-11-19 09:52:16,213 [INFO] Starting AI image generation...
2025-11-19 09:52:35,902 [INFO] Image uploaded to generated/latest_island.png
2025-11-19 09:52:35,992 [INFO] Firestore updated
2025-11-19 09:52:35,993 [INFO] TIMING | Generation: 18.07s | Total: 19.78s
2025-11-19 09:52:39,341 [INFO] Request: Island 2, Main Category 'pollock'
2025-11-19 09:52:39,342 [INFO] Starting AI image generation...
2025-11-19 09:52:56,944 [INFO] Image uploaded to generated/latest_island.png
2025-11-19 09:52:57,024 [INFO] Firestore updated
2025-11-19 09:52:57,024 [INFO] TIMING | Generation: 16.06s | Total: 17.69s
2025-11-19 09:53:02,680 [INFO] Request: Island 2, Main Category 'origami'
2025-11-19 09:53:02,681 [INFO] Starting AI image generation...
2025-11-19 09:53:18,266 [INFO] Image uploaded to generated/latest_island.png
2025-11-19 09:53:18,347 [INFO] Firestore updated
2025-11-19 09:53:18,348 [INFO] TIMING | Generation: 14.06s | Total: 15.67s
2025-11-19 09:53:28,616 [INFO] Request: Island 2, Main Category 'klimt'
2025-11-19 09:53:28,617 [INFO] Starting AI image generation...
2025-11-19 09:53:41,699 [INFO] Image uploaded to generated/latest_island.png
2025-11-19 09:53:41,780 [INFO] Firestore updated
2025-11-19 09:53:41,781 [INFO] TIMING | Generation: 12.05s | Total: 13.17s
2025-11-19 09:53:46,993 [INFO] Request: Island 2, Main Category 'autumn'
2025-11-19 09:53:46,994 [INFO] Starting AI image generation...
2025-11-19 09:54:00,635 [INFO] Image uploaded to generated/latest_island.png
2025-11-19 09:54:00,737 [INFO] Firestore updated
2025-11-19 09:54:00,738 [INFO] TIMING | Generation: 12.05s | Total: 13.75s
2025-11-19 10:00:34,707 [INFO] Request: Island 2, Main Category 'winter'
2025-11-19 10:00:34,709 [INFO] Starting AI image generation...
2025-11-19 10:00:50,320 [INFO] Image uploaded to generated/latest_island.png
2025-11-19 10:00:50,500 [INFO] Firestore updated
2025-11-19 10:00:50,502 [INFO] TIMING | Generation: 14.06s | Total: 15.80s
2025-11-19 10:00:58,799 [INFO] Request: Island 2, Main Category 'camellia'
2025-11-19 10:00:58,801 [INFO] Starting AI image generation...
2025-11-19 10:01:16,500 [INFO] Image uploaded to generated/latest_island.png
2025-11-19 10:01:16,586 [INFO] Firestore updated
2025-11-19 10:01:16,587 [INFO] TIMING | Generation: 16.17s | Total: 17.79s
2025-11-19 10:01:25,896 [INFO] Request: Island 2, Main Category 'cherry'
2025-11-19 10:01:25,898 [INFO] Starting AI image generation...
2025-11-19 10:01:39,617 [INFO] Image uploaded to generated/latest_island.png
2025-11-19 10:01:39,685 [INFO] Firestore updated
2025-11-19 10:01:39,686 [INFO] TIMING | Generation: 12.06s | Total: 13.79s
2025-11-19 10:01:52,747 [INFO] Request: Island 2, Main Category 'hydragea'
2025-11-19 10:01:52,749 [INFO] Starting AI image generation...
2025-11-19 10:02:11,737 [INFO] Image uploaded to generated/latest_island.png
2025-11-19 10:02:11,817 [INFO] Firestore updated
2025-11-19 10:02:11,819 [INFO] TIMING | Generation: 18.05s | Total: 19.07s
2025-11-19 10:02:19,577 [INFO] Request: Island 2, Main Category 'canola'
2025-11-19 10:02:19,578 [INFO] Starting AI image generation...
2025-11-19 10:02:35,150 [INFO] Image uploaded to generated/latest_island.png
2025-11-19 10:02:35,241 [INFO] Firestore updated
2025-11-19 10:02:35,242 [INFO] TIMING | Generation: 14.06s | Total: 15.67s
2025-11-19 10:06:04,556 [INFO] Request: Island 2, Main Category 'constellation'
2025-11-19 10:06:04,558 [INFO] Starting AI image generation...
2025-11-19 10:06:20,266 [INFO] Image uploaded to generated/latest_island.png
2025-11-19 10:06:20,356 [INFO] Firestore updated
2025-11-19 10:06:20,357 [INFO] TIMING | Generation: 14.08s | Total: 15.80s
2025-11-19 10:09:26,098 [INFO] Request: Island 2, Main Category 'autumn'
2025-11-19 10:09:26,099 [INFO] Starting AI image generation...
2025-11-19 10:09:39,819 [INFO] Image uploaded to generated/latest_island.png
2025-11-19 10:09:39,911 [INFO] Firestore updated
2025-11-19 10:09:39,912 [INFO] TIMING | Generation: 12.06s | Total: 13.82s
2025-11-19 10:39:29,977 [INFO] Firebase initialized
2025-11-19 10:39:36,814 [INFO] IslandRetriever initialized (DB: C:\Users\devel\Desktop\Final\AI-ART\ComfyUI\input\generated_sketches_all)
2025-11-19 10:39:37,040 [INFO] ComfyUI initialized (workflows: ['autumn', 'baekja', 'camellia', 'canola', 'cherry', 'constellation', 'dansaekhwa', 'entertainment', 'fantasy', 'hydragea', 'jage', 'jasu', 'klimt', 'landscape', 'monet', 'origami', 'pollock', 'sinyunbok', 'sumuk', 'traditional', 'vangogh', 'wave', 'winter'])
2025-11-19 10:39:37,042 [INFO] ==================================================
2025-11-19 10:39:37,044 [INFO] Flask AI Server Starting...
2025-11-19 10:39:37,045 [INFO] Storage Path: drawings/drawing.png
2025-11-19 10:39:37,046 [INFO] Port: 23100
2025-11-19 10:39:37,047 [INFO] ==================================================
2025-11-19 10:39:54,803 [INFO] Request: Island 2, Main Category 'autumn'
2025-11-19 10:39:54,804 [INFO] Starting AI image generation...
2025-11-19 10:40:16,621 [INFO] Image uploaded to generated/latest_island.png
2025-11-19 10:40:16,778 [INFO] Firestore updated
2025-11-19 10:40:16,779 [INFO] TIMING | Generation: 20.07s | Total: 21.98s
2025-11-19 10:42:31,681 [INFO] Request: Island 2, Main Category 'autumn'
2025-11-19 10:42:31,683 [INFO] Starting AI image generation...
2025-11-19 10:42:43,229 [INFO] Image uploaded to generated/latest_island.png
2025-11-19 10:42:43,316 [INFO] Firestore updated
2025-11-19 10:42:43,317 [INFO] TIMING | Generation: 10.05s | Total: 11.64s
2025-11-19 10:43:07,416 [INFO] Request: Island 2, Main Category 'autumn'
2025-11-19 10:43:07,417 [INFO] Starting AI image generation...
2025-11-19 10:43:19,017 [INFO] Image uploaded to generated/latest_island.png
2025-11-19 10:43:19,098 [INFO] Firestore updated
2025-11-19 10:43:19,099 [INFO] TIMING | Generation: 10.05s | Total: 11.68s
2025-11-19 10:44:20,727 [INFO] Request: Island 2, Main Category 'cherry'
2025-11-19 10:44:20,728 [INFO] Starting AI image generation...
2025-11-19 10:44:34,349 [INFO] Image uploaded to generated/latest_island.png
2025-11-19 10:44:34,434 [INFO] Firestore updated
2025-11-19 10:44:34,435 [INFO] TIMING | Generation: 12.06s | Total: 13.71s
2025-11-19 10:53:34,715 [INFO] Request: Island 2, Main Category 'cherry'
2025-11-19 10:53:34,716 [INFO] Starting AI image generation...
2025-11-19 10:53:46,342 [INFO] Image uploaded to generated/latest_island.png
2025-11-19 10:53:46,475 [INFO] Firestore updated
2025-11-19 10:53:46,476 [INFO] TIMING | Generation: 10.06s | Total: 11.76s
2025-11-19 10:53:55,686 [INFO] Request: Island 2, Main Category 'sumuk'
2025-11-19 10:53:55,688 [INFO] Starting AI image generation...
2025-11-19 10:54:09,282 [INFO] Image uploaded to generated/latest_island.png
2025-11-19 10:54:09,367 [INFO] Firestore updated
2025-11-19 10:54:09,368 [INFO] TIMING | Generation: 12.15s | Total: 13.68s
2025-11-19 10:57:29,066 [INFO] Request: Island 2, Main Category 'entertainment'
2025-11-19 10:57:29,068 [INFO] Starting AI image generation...
2025-11-19 10:58:16,745 [INFO] Image uploaded to generated/latest_island.png
2025-11-19 10:58:16,896 [INFO] Firestore updated
2025-11-19 10:58:16,897 [INFO] TIMING | Generation: 46.11s | Total: 47.83s
2025-11-19 10:58:30,418 [INFO] Request: Island 2, Main Category 'canola'
2025-11-19 10:58:30,419 [INFO] Starting AI image generation...
2025-11-19 10:58:50,010 [INFO] Image uploaded to generated/latest_island.png
2025-11-19 10:58:50,102 [INFO] Firestore updated
2025-11-19 10:58:50,103 [INFO] TIMING | Generation: 18.06s | Total: 19.69s
2025-11-19 11:02:10,770 [INFO] Request: Island 2, Main Category 'canola'
2025-11-19 11:02:10,771 [INFO] Starting AI image generation...
2025-11-19 11:02:24,269 [INFO] Image uploaded to generated/latest_island.png
2025-11-19 11:02:24,374 [INFO] Firestore updated
2025-11-19 11:02:24,375 [INFO] TIMING | Generation: 12.05s | Total: 13.61s
2025-11-19 11:03:55,296 [INFO] Request: Island 2, Main Category 'camellia'
2025-11-19 11:03:55,298 [INFO] Starting AI image generation...
2025-11-19 11:04:13,260 [INFO] Image uploaded to generated/latest_island.png
2025-11-19 11:04:13,374 [INFO] Firestore updated
2025-11-19 11:04:13,375 [INFO] TIMING | Generation: 16.06s | Total: 18.08s
2025-11-19 11:05:24,939 [INFO] Request: Island 2, Main Category 'canola'
2025-11-19 11:05:24,940 [INFO] Starting AI image generation...
2025-11-19 11:05:38,508 [INFO] Image uploaded to generated/latest_island.png
2025-11-19 11:05:38,605 [INFO] Firestore updated
2025-11-19 11:05:38,607 [INFO] TIMING | Generation: 12.05s | Total: 13.67s
2025-11-19 11:06:07,239 [INFO] Request: Island 2, Main Category 'camellia'
2025-11-19 11:06:07,241 [INFO] Starting AI image generation...
2025-11-19 11:06:24,811 [INFO] Image uploaded to generated/latest_island.png
2025-11-19 11:06:24,902 [INFO] Firestore updated
2025-11-19 11:06:24,903 [INFO] TIMING | Generation: 16.07s | Total: 17.67s
2025-11-19 11:10:52,719 [INFO] Request: Island 2, Main Category 'camellia'
2025-11-19 11:10:52,720 [INFO] Starting AI image generation...
2025-11-19 11:11:10,425 [INFO] Image uploaded to generated/latest_island.png
2025-11-19 11:11:10,564 [INFO] Firestore updated
2025-11-19 11:11:10,565 [INFO] TIMING | Generation: 16.06s | Total: 17.85s
2025-11-19 11:12:32,290 [INFO] Request: Island 2, Main Category 'canola'
2025-11-19 11:12:32,292 [INFO] Starting AI image generation...
2025-11-19 11:12:45,879 [INFO] Image uploaded to generated/latest_island.png
2025-11-19 11:12:45,969 [INFO] Firestore updated
2025-11-19 11:12:45,970 [INFO] TIMING | Generation: 12.06s | Total: 13.68s
2025-11-19 11:13:52,171 [INFO] Request: Island 2, Main Category 'canola'
2025-11-19 11:13:52,173 [INFO] Starting AI image generation...
2025-11-19 11:14:05,712 [INFO] Image uploaded to generated/latest_island.png
2025-11-19 11:14:05,799 [INFO] Firestore updated
2025-11-19 11:14:05,799 [INFO] TIMING | Generation: 12.06s | Total: 13.63s
2025-11-19 11:17:37,728 [INFO] Request: Island 2, Main Category 'dansaekhwa'
2025-11-19 11:17:37,729 [INFO] Starting AI image generation...
2025-11-19 11:17:49,241 [INFO] Image uploaded to generated/latest_island.png
2025-11-19 11:17:49,326 [INFO] Firestore updated
2025-11-19 11:17:49,327 [INFO] TIMING | Generation: 10.05s | Total: 11.60s
2025-11-19 11:18:49,295 [INFO] Request: Island 2, Main Category 'kimhongdo'
2025-11-19 11:18:49,296 [INFO] Starting AI image generation...
2025-11-19 11:18:50,843 [INFO] Image uploaded to generated/latest_island.png
2025-11-19 11:18:51,181 [INFO] Firestore updated
2025-11-19 11:18:51,182 [INFO] TIMING | Generation: 0.01s | Total: 1.89s
2025-11-19 11:37:42,495 [INFO] Request: Island 2, Main Category 'canola'
2025-11-19 11:37:42,496 [INFO] Starting AI image generation...
2025-11-19 11:37:56,454 [INFO] Image uploaded to generated/latest_island.png
2025-11-19 11:37:56,622 [INFO] Firestore updated
2025-11-19 11:37:56,623 [INFO] TIMING | Generation: 12.05s | Total: 14.13s
2025-11-19 11:40:58,598 [INFO] Request: Island 2, Main Category 'canola'
2025-11-19 11:40:58,600 [INFO] Starting AI image generation...
2025-11-19 11:41:12,209 [INFO] Image uploaded to generated/latest_island.png
2025-11-19 11:41:12,294 [INFO] Firestore updated
2025-11-19 11:41:12,295 [INFO] TIMING | Generation: 12.05s | Total: 13.70s
2025-11-19 11:42:52,530 [INFO] Request: Island 2, Main Category 'canola'
2025-11-19 11:42:52,532 [INFO] Starting AI image generation...
2025-11-19 11:43:06,129 [INFO] Image uploaded to generated/latest_island.png
2025-11-19 11:43:06,217 [INFO] Firestore updated
2025-11-19 11:43:06,218 [INFO] TIMING | Generation: 12.09s | Total: 13.69s
2025-11-19 11:44:01,074 [INFO] Request: Island 2, Main Category 'cherry'
2025-11-19 11:44:01,075 [INFO] Starting AI image generation...
2025-11-19 11:44:14,718 [INFO] Image uploaded to generated/latest_island.png
2025-11-19 11:44:14,805 [INFO] Firestore updated
2025-11-19 11:44:14,807 [INFO] TIMING | Generation: 12.06s | Total: 13.73s
2025-11-19 11:45:17,746 [INFO] Request: Island 2, Main Category 'canola'
2025-11-19 11:45:17,748 [INFO] Starting AI image generation...
2025-11-19 11:45:31,290 [INFO] Image uploaded to generated/latest_island.png
2025-11-19 11:45:31,379 [INFO] Firestore updated
2025-11-19 11:45:31,380 [INFO] TIMING | Generation: 12.09s | Total: 13.64s
2025-11-19 11:47:06,399 [INFO] Request: Island 2, Main Category 'cherry'
2025-11-19 11:47:06,400 [INFO] Starting AI image generation...
2025-11-19 11:47:18,018 [INFO] Image uploaded to generated/latest_island.png
2025-11-19 11:47:18,091 [INFO] Firestore updated
2025-11-19 11:47:18,091 [INFO] TIMING | Generation: 10.05s | Total: 11.69s
2025-11-19 11:47:26,030 [INFO] Request: Island 2, Main Category 'cherry'
2025-11-19 11:47:26,031 [INFO] Starting AI image generation...
2025-11-19 11:47:37,552 [INFO] Image uploaded to generated/latest_island.png
2025-11-19 11:47:37,631 [INFO] Firestore updated
2025-11-19 11:47:37,632 [INFO] TIMING | Generation: 10.03s | Total: 11.60s
2025-11-19 11:48:08,252 [INFO] Request: Island 2, Main Category 'constellation'
2025-11-19 11:48:08,253 [INFO] Starting AI image generation...
2025-11-19 11:48:23,750 [INFO] Image uploaded to generated/latest_island.png
2025-11-19 11:48:23,834 [INFO] Firestore updated
2025-11-19 11:48:23,834 [INFO] TIMING | Generation: 14.05s | Total: 15.58s
2025-11-19 12:11:42,743 [INFO] Request: Island 2, Main Category 'cherry'
2025-11-19 12:11:42,744 [INFO] Starting AI image generation...
2025-11-19 12:11:56,411 [INFO] Image uploaded to generated/latest_island.png
2025-11-19 12:11:56,557 [INFO] Firestore updated
2025-11-19 12:11:56,558 [INFO] TIMING | Generation: 12.06s | Total: 13.82s
2025-11-19 12:41:17,035 [INFO] Request: Island 2, Main Category 'cherry'
2025-11-19 12:41:17,036 [INFO] Starting AI image generation...
2025-11-19 12:41:29,173 [INFO] Image uploaded to generated/latest_island.png
2025-11-19 12:41:29,323 [INFO] Firestore updated
2025-11-19 12:41:29,324 [INFO] TIMING | Generation: 10.06s | Total: 12.32s
2025-11-19 12:42:45,749 [INFO] Request: Island 2, Main Category 'cherry'
2025-11-19 12:42:45,750 [INFO] Starting AI image generation...
2025-11-19 12:42:57,340 [INFO] Image uploaded to generated/latest_island.png
2025-11-19 12:42:57,431 [INFO] Firestore updated
2025-11-19 12:42:57,432 [INFO] TIMING | Generation: 10.05s | Total: 11.68s
2025-11-19 12:45:59,898 [INFO] Firebase initialized
2025-11-19 12:46:04,766 [INFO] IslandRetriever initialized (DB: C:\Users\devel\Desktop\Final\AI-ART\ComfyUI\input\generated_sketches_all)
2025-11-19 12:46:04,961 [INFO] ComfyUI initialized (workflows: ['autumn', 'baekja', 'camellia', 'canola', 'cherry', 'constellation', 'dansaekhwa', 'entertainment', 'fantasy', 'hydragea', 'jage', 'jasu', 'klimt', 'landscape', 'monet', 'origami', 'pollock', 'sinyunbok', 'sumuk', 'traditional', 'vangogh', 'wave', 'winter'])
2025-11-19 12:46:04,964 [INFO] ==================================================
2025-11-19 12:46:04,965 [INFO] Flask AI Server Starting...
2025-11-19 12:46:04,966 [INFO] Storage Path: drawings/drawing.png
2025-11-19 12:46:04,967 [INFO] Port: 23100
2025-11-19 12:46:04,968 [INFO] ==================================================
2025-11-19 12:46:37,893 [INFO] Sketch downloaded from drawings/drawing.png
2025-11-19 12:46:37,974 [INFO] Matched Island ID: 114 (similarity: 0.284)
2025-11-19 12:46:38,160 [INFO] Request: Island 114, Main Category 'nature'
2025-11-19 12:46:38,161 [INFO] Starting AI image generation...
2025-11-19 12:46:57,216 [INFO] Image uploaded to generated/latest_island.png
2025-11-19 12:46:57,384 [INFO] Firestore updated
2025-11-19 12:46:57,385 [INFO] TIMING | Generation: 18.06s | Total: 19.23s
2025-11-19 12:57:12,341 [INFO] Sketch downloaded from drawings/drawing.png
2025-11-19 12:57:12,479 [INFO] Matched Island ID: 148 (similarity: 0.319)
2025-11-19 12:57:12,529 [INFO] Request: Island 148, Main Category 'nature'
2025-11-19 12:57:12,530 [INFO] Starting AI image generation...
2025-11-19 12:57:25,608 [INFO] Image uploaded to generated/latest_island.png
2025-11-19 12:57:25,784 [INFO] Firestore updated
2025-11-19 12:57:25,788 [INFO] TIMING | Generation: 12.05s | Total: 13.26s
2025-11-19 14:06:38,207 [INFO] Sketch downloaded from drawings/drawing.png
2025-11-19 14:06:38,277 [INFO] Matched Island ID: 16 (similarity: 0.414)
2025-11-19 14:06:38,409 [INFO] Request: Island 16, Main Category 'nature'
2025-11-19 14:06:38,410 [INFO] Starting AI image generation...
2025-11-19 14:06:51,469 [INFO] Image uploaded to generated/latest_island.png
2025-11-19 14:06:54,443 [INFO] Firestore updated
2025-11-19 14:06:54,445 [INFO] TIMING | Generation: 12.04s | Total: 16.06s
2025-11-19 14:18:06,237 [INFO] Sketch downloaded from drawings/drawing.png
2025-11-19 14:18:06,299 [INFO] Matched Island ID: 163 (similarity: 0.293)
2025-11-19 14:18:06,331 [INFO] Request: Island 163, Main Category 'nature'
2025-11-19 14:18:06,333 [INFO] Starting AI image generation...
2025-11-19 14:18:19,329 [INFO] Image uploaded to generated/latest_island.png
2025-11-19 14:18:19,675 [INFO] Firestore updated
2025-11-19 14:18:19,676 [INFO] TIMING | Generation: 12.05s | Total: 13.34s
2025-11-19 14:29:24,398 [INFO] Request: Island 2, Main Category 'art'
2025-11-19 14:29:24,400 [INFO] Starting AI image generation...
2025-11-19 14:29:40,050 [INFO] Image uploaded to generated/latest_island.png
2025-11-19 14:29:40,187 [INFO] Firestore updated
2025-11-19 14:29:40,189 [INFO] TIMING | Generation: 14.05s | Total: 15.79s
2025-11-19 14:31:52,027 [INFO] Request: Island 2, Main Category 'art'
2025-11-19 14:31:52,029 [INFO] Starting AI image generation...
2025-11-19 14:32:29,709 [INFO] Image uploaded to generated/latest_island.png
2025-11-19 14:32:29,812 [INFO] Firestore updated
2025-11-19 14:32:29,812 [INFO] TIMING | Generation: 36.12s | Total: 37.79s
2025-11-19 14:33:37,032 [INFO] Request: Island 2, Main Category 'nature'
2025-11-19 14:33:37,034 [INFO] Starting AI image generation...
2025-11-19 14:33:54,781 [INFO] Image uploaded to generated/latest_island.png
2025-11-19 14:33:54,872 [INFO] Firestore updated
2025-11-19 14:33:54,874 [INFO] TIMING | Generation: 16.23s | Total: 17.84s
2025-11-19 14:34:49,383 [INFO] Request: Island 2, Main Category 'canola'
2025-11-19 14:34:49,385 [INFO] Starting AI image generation...
2025-11-19 14:35:02,934 [INFO] Image uploaded to generated/latest_island.png
2025-11-19 14:35:03,020 [INFO] Firestore updated
2025-11-19 14:35:03,020 [INFO] TIMING | Generation: 12.05s | Total: 13.64s
2025-11-19 14:38:23,437 [INFO] Request: Island 2, Main Category 'canola'
2025-11-19 14:38:23,438 [INFO] Starting AI image generation...
2025-11-19 14:38:36,983 [INFO] Image uploaded to generated/latest_island.png
2025-11-19 14:38:37,066 [INFO] Firestore updated
2025-11-19 14:38:37,066 [INFO] TIMING | Generation: 12.05s | Total: 13.63s
2025-11-19 14:41:45,650 [INFO] Request: Island 2, Main Category 'canola'
2025-11-19 14:41:45,651 [INFO] Starting AI image generation...
2025-11-19 14:41:59,202 [INFO] Image uploaded to generated/latest_island.png
2025-11-19 14:41:59,279 [INFO] Firestore updated
2025-11-19 14:41:59,279 [INFO] TIMING | Generation: 12.05s | Total: 13.63s
2025-11-19 14:43:33,584 [INFO] Request: Island 2, Main Category 'canola'
2025-11-19 14:43:33,585 [INFO] Starting AI image generation...
2025-11-19 14:43:47,195 [INFO] Image uploaded to generated/latest_island.png
2025-11-19 14:43:47,269 [INFO] Firestore updated
2025-11-19 14:43:47,270 [INFO] TIMING | Generation: 12.05s | Total: 13.69s
2025-11-19 14:45:19,339 [INFO] Request: Island 2, Main Category 'art'
2025-11-19 14:45:19,340 [INFO] Starting AI image generation...
2025-11-19 14:45:34,956 [INFO] Image uploaded to generated/latest_island.png
2025-11-19 14:45:35,043 [INFO] Firestore updated
2025-11-19 14:45:35,044 [INFO] TIMING | Generation: 14.07s | Total: 15.71s
2025-11-19 15:56:27,869 [INFO] Request: Island 2, Main Category 'dansaekhwa'
2025-11-19 15:56:27,876 [INFO] Starting AI image generation...
2025-11-19 15:56:41,649 [INFO] Image uploaded to generated/latest_island.png
2025-11-19 15:56:41,792 [INFO] Firestore updated
2025-11-19 15:56:41,793 [INFO] TIMING | Generation: 12.08s | Total: 13.93s
2025-11-19 15:56:46,198 [INFO] Request: Island 2, Main Category 'monet'
2025-11-19 15:56:46,199 [INFO] Starting AI image generation...
2025-11-19 15:57:19,790 [INFO] Image uploaded to generated/latest_island.png
2025-11-19 15:57:19,868 [INFO] Firestore updated
2025-11-19 15:57:19,870 [INFO] TIMING | Generation: 32.08s | Total: 33.67s
2025-11-19 15:57:49,820 [INFO] Request: Island 2, Main Category 'vangogh'
2025-11-19 15:57:49,822 [INFO] Starting AI image generation...
2025-11-19 15:58:08,083 [INFO] Image uploaded to generated/latest_island.png
2025-11-19 15:58:08,178 [INFO] Firestore updated
2025-11-19 15:58:08,178 [INFO] TIMING | Generation: 16.05s | Total: 18.36s
2025-11-19 15:58:21,127 [INFO] Request: Island 2, Main Category 'pollock'
2025-11-19 15:58:21,127 [INFO] Starting AI image generation...
2025-11-19 15:58:36,877 [INFO] Image uploaded to generated/latest_island.png
2025-11-19 15:58:36,975 [INFO] Firestore updated
2025-11-19 15:58:36,975 [INFO] TIMING | Generation: 14.10s | Total: 15.85s
2025-11-19 15:58:47,595 [INFO] Request: Island 2, Main Category 'origami'
2025-11-19 15:58:47,596 [INFO] Starting AI image generation...
2025-11-19 15:59:01,156 [INFO] Image uploaded to generated/latest_island.png
2025-11-19 15:59:01,244 [INFO] Firestore updated
2025-11-19 15:59:01,245 [INFO] TIMING | Generation: 12.05s | Total: 13.65s
2025-11-19 15:59:20,718 [INFO] Request: Island 2, Main Category 'klimt'
2025-11-19 15:59:20,720 [INFO] Starting AI image generation...
2025-11-19 15:59:33,670 [INFO] Image uploaded to generated/latest_island.png
2025-11-19 15:59:33,742 [INFO] Firestore updated
2025-11-19 15:59:33,743 [INFO] TIMING | Generation: 12.04s | Total: 13.03s
2025-11-19 15:59:39,110 [INFO] Request: Island 2, Main Category 'autumn'
2025-11-19 15:59:39,111 [INFO] Starting AI image generation...
2025-11-19 15:59:52,721 [INFO] Image uploaded to generated/latest_island.png
2025-11-19 15:59:52,789 [INFO] Firestore updated
2025-11-19 15:59:52,789 [INFO] TIMING | Generation: 12.06s | Total: 13.68s
2025-11-19 16:00:09,124 [INFO] Request: Island 2, Main Category 'winter'
2025-11-19 16:00:09,125 [INFO] Starting AI image generation...
2025-11-19 16:00:25,448 [INFO] Image uploaded to generated/latest_island.png
2025-11-19 16:00:25,521 [INFO] Firestore updated
2025-11-19 16:00:25,522 [INFO] TIMING | Generation: 14.05s | Total: 16.40s
2025-11-19 16:00:45,869 [INFO] Request: Island 2, Main Category 'camellia'
2025-11-19 16:00:45,870 [INFO] Starting AI image generation...
2025-11-19 16:01:03,592 [INFO] Image uploaded to generated/latest_island.png
2025-11-19 16:01:03,670 [INFO] Firestore updated
2025-11-19 16:01:03,672 [INFO] TIMING | Generation: 16.05s | Total: 17.80s
2025-11-19 16:01:19,327 [INFO] Request: Island 2, Main Category 'cherry'
2025-11-19 16:01:19,329 [INFO] Starting AI image generation...
2025-11-19 16:01:30,960 [INFO] Image uploaded to generated/latest_island.png
2025-11-19 16:01:31,049 [INFO] Firestore updated
2025-11-19 16:01:31,051 [INFO] TIMING | Generation: 10.04s | Total: 11.73s
2025-11-19 16:01:54,013 [INFO] Request: Island 2, Main Category 'hydragea'
2025-11-19 16:01:54,014 [INFO] Starting AI image generation...
2025-11-19 16:02:09,024 [INFO] Image uploaded to generated/latest_island.png
2025-11-19 16:02:09,112 [INFO] Firestore updated
2025-11-19 16:02:09,113 [INFO] TIMING | Generation: 14.05s | Total: 15.10s
2025-11-19 16:02:19,294 [INFO] Request: Island 2, Main Category 'canola'
2025-11-19 16:02:19,295 [INFO] Starting AI image generation...
2025-11-19 16:02:32,887 [INFO] Image uploaded to generated/latest_island.png
2025-11-19 16:02:32,961 [INFO] Firestore updated
2025-11-19 16:02:32,962 [INFO] TIMING | Generation: 12.05s | Total: 13.67s
2025-11-19 16:02:47,976 [INFO] Request: Island 2, Main Category 'constellation'
2025-11-19 16:02:47,977 [INFO] Starting AI image generation...
2025-11-19 16:03:03,449 [INFO] Image uploaded to generated/latest_island.png
2025-11-19 16:03:03,521 [INFO] Firestore updated
2025-11-19 16:03:03,521 [INFO] TIMING | Generation: 14.06s | Total: 15.55s
2025-11-19 16:03:17,060 [INFO] Request: Island 2, Main Category 'sumuk'
2025-11-19 16:03:17,061 [INFO] Starting AI image generation...
2025-11-19 16:03:30,569 [INFO] Image uploaded to generated/latest_island.png
2025-11-19 16:03:30,655 [INFO] Firestore updated
2025-11-19 16:03:30,656 [INFO] TIMING | Generation: 12.05s | Total: 13.60s
2025-11-19 16:03:37,281 [INFO] Request: Island 2, Main Category 'entertainment'
2025-11-19 16:03:37,282 [INFO] Starting AI image generation...
2025-11-19 16:04:16,880 [INFO] Image uploaded to generated/latest_island.png
2025-11-19 16:04:17,049 [INFO] Firestore updated
2025-11-19 16:04:17,050 [INFO] TIMING | Generation: 38.10s | Total: 39.77s
2025-11-19 16:04:25,081 [INFO] Request: Island 2, Main Category 'landscape'
2025-11-19 16:04:25,083 [INFO] Starting AI image generation...
2025-11-19 16:04:38,673 [INFO] Image uploaded to generated/latest_island.png
2025-11-19 16:04:38,826 [INFO] Firestore updated
2025-11-19 16:04:38,827 [INFO] TIMING | Generation: 12.05s | Total: 13.75s
2025-11-19 16:05:12,957 [INFO] Request: Island 2, Main Category 'wave'
2025-11-19 16:05:12,958 [INFO] Starting AI image generation...
2025-11-19 16:05:26,475 [INFO] Image uploaded to generated/latest_island.png
2025-11-19 16:05:26,616 [INFO] Firestore updated
2025-11-19 16:05:26,617 [INFO] TIMING | Generation: 12.05s | Total: 13.66s
2025-11-19 16:05:49,762 [INFO] Request: Island 2, Main Category 'fantasy'
2025-11-19 16:05:49,763 [INFO] Starting AI image generation...
2025-11-19 16:06:27,827 [INFO] Image uploaded to generated/latest_island.png
2025-11-19 16:06:27,899 [INFO] Firestore updated
2025-11-19 16:06:27,900 [INFO] TIMING | Generation: 36.28s | Total: 38.14s
2025-11-19 16:06:35,190 [INFO] Request: Island 2, Main Category 'kimhongdo'
2025-11-19 16:06:35,191 [INFO] Starting AI image generation...
2025-11-19 16:06:36,292 [INFO] Image uploaded to generated/latest_island.png
2025-11-19 16:06:36,357 [INFO] Firestore updated
2025-11-19 16:06:36,358 [INFO] TIMING | Generation: 0.01s | Total: 1.17s
2025-11-19 16:06:41,735 [INFO] Request: Island 2, Main Category 'sinyunbok'
2025-11-19 16:06:41,736 [INFO] Starting AI image generation...
2025-11-19 16:07:15,420 [INFO] Image uploaded to generated/latest_island.png
2025-11-19 16:07:15,513 [INFO] Firestore updated
2025-11-19 16:07:15,514 [INFO] TIMING | Generation: 32.09s | Total: 33.78s
2025-11-19 16:07:22,123 [INFO] Request: Island 2, Main Category 'jasu'
2025-11-19 16:07:22,124 [INFO] Starting AI image generation...
2025-11-19 16:07:49,818 [INFO] Image uploaded to generated/latest_island.png
2025-11-19 16:07:49,895 [INFO] Firestore updated
2025-11-19 16:07:49,896 [INFO] TIMING | Generation: 26.07s | Total: 27.78s
2025-11-19 16:08:02,579 [INFO] Request: Island 2, Main Category 'baekja'
2025-11-19 16:08:02,581 [INFO] Starting AI image generation...
2025-11-19 16:08:13,562 [INFO] Image uploaded to generated/latest_island.png
2025-11-19 16:08:13,645 [INFO] Firestore updated
2025-11-19 16:08:13,646 [INFO] TIMING | Generation: 10.05s | Total: 11.07s
2025-11-19 16:08:28,932 [INFO] Request: Island 2, Main Category 'traditional'
2025-11-19 16:08:28,933 [INFO] Starting AI image generation...
2025-11-19 16:08:40,568 [INFO] Image uploaded to generated/latest_island.png
2025-11-19 16:08:40,642 [INFO] Firestore updated
2025-11-19 16:08:40,643 [INFO] TIMING | Generation: 10.05s | Total: 11.71s
2025-11-19 16:08:51,188 [INFO] Request: Island 2, Main Category 'jage'
2025-11-19 16:08:51,188 [INFO] Starting AI image generation...
2025-11-19 16:09:04,766 [INFO] Image uploaded to generated/latest_island.png
2025-11-19 16:09:04,844 [INFO] Firestore updated
2025-11-19 16:09:04,845 [INFO] TIMING | Generation: 12.06s | Total: 13.66s
2025-11-19 16:31:45,778 [INFO] Request: Island 2, Main Category 'nature'
2025-11-19 16:31:45,778 [INFO] Starting AI image generation...
2025-11-19 16:31:59,342 [INFO] Image uploaded to generated/latest_island.png
2025-11-19 16:31:59,476 [INFO] Firestore updated
2025-11-19 16:31:59,477 [INFO] TIMING | Generation: 12.05s | Total: 13.70s
2025-11-19 16:32:48,847 [INFO] Sketch downloaded from drawings/drawing.png
2025-11-19 16:32:48,890 [INFO] Matched Island ID: 75 (similarity: 0.412)
2025-11-19 16:32:49,114 [INFO] Request: Island 75, Main Category 'nature'
2025-11-19 16:32:49,115 [INFO] Starting AI image generation...
2025-11-19 16:33:04,158 [INFO] Image uploaded to generated/latest_island.png
2025-11-19 16:33:04,250 [INFO] Firestore updated
2025-11-19 16:33:04,251 [INFO] TIMING | Generation: 14.05s | Total: 15.14s
2025-11-19 16:33:39,096 [INFO] Sketch downloaded from drawings/drawing.png
2025-11-19 16:33:39,127 [INFO] Matched Island ID: 135 (similarity: 0.382)
2025-11-19 16:33:39,276 [INFO] Request: Island 135, Main Category 'nature'
2025-11-19 16:33:39,277 [INFO] Starting AI image generation...
2025-11-19 16:33:52,857 [INFO] Image uploaded to generated/latest_island.png
2025-11-19 16:33:52,945 [INFO] Firestore updated
2025-11-19 16:33:52,946 [INFO] TIMING | Generation: 12.04s | Total: 13.68s
2025-11-19 16:34:39,426 [INFO] Sketch downloaded from drawings/drawing.png
2025-11-19 16:34:39,452 [INFO] Matched Island ID: 4 (similarity: 0.574)
2025-11-19 16:34:39,534 [INFO] Request: Island 4, Main Category 'nature'
2025-11-19 16:34:39,535 [INFO] Starting AI image generation...
2025-11-19 16:34:53,204 [INFO] Image uploaded to generated/latest_island.png
2025-11-19 16:34:53,264 [INFO] Firestore updated
2025-11-19 16:34:53,265 [INFO] TIMING | Generation: 12.06s | Total: 13.73s
2025-11-19 16:35:41,486 [INFO] Sketch downloaded from drawings/drawing.png
2025-11-19 16:35:41,516 [INFO] Matched Island ID: 152 (similarity: 0.381)
2025-11-19 16:35:41,712 [INFO] Request: Island 152, Main Category 'nature'
2025-11-19 16:35:41,713 [INFO] Starting AI image generation...
2025-11-19 16:35:53,341 [INFO] Image uploaded to generated/latest_island.png
2025-11-19 16:35:53,402 [INFO] Firestore updated
2025-11-19 16:35:53,408 [INFO] TIMING | Generation: 10.05s | Total: 11.70s
2025-11-19 16:37:20,917 [INFO] Sketch downloaded from drawings/drawing.png
2025-11-19 16:37:20,941 [INFO] Matched Island ID: 2 (similarity: 0.458)
2025-11-19 16:37:21,078 [INFO] Request: Island 2, Main Category 'nature'
2025-11-19 16:37:21,079 [INFO] Starting AI image generation...
2025-11-19 16:37:36,077 [INFO] Image uploaded to generated/latest_island.png
2025-11-19 16:37:36,156 [INFO] Firestore updated
2025-11-19 16:37:36,157 [INFO] TIMING | Generation: 14.05s | Total: 15.09s
2025-11-19 16:38:22,391 [INFO] Request: Island 2, Main Category 'hydragea'
2025-11-19 16:38:22,391 [INFO] Starting AI image generation...
2025-11-19 16:38:35,370 [INFO] Image uploaded to generated/latest_island.png
2025-11-19 16:38:35,453 [INFO] Firestore updated
2025-11-19 16:38:35,454 [INFO] TIMING | Generation: 12.10s | Total: 13.07s
2025-11-19 16:39:20,198 [INFO] Request: Island 2, Main Category 'art'
2025-11-19 16:39:20,199 [INFO] Starting AI image generation...
2025-11-19 16:39:31,723 [INFO] Image uploaded to generated/latest_island.png
2025-11-19 16:39:31,805 [INFO] Firestore updated
2025-11-19 16:39:31,806 [INFO] TIMING | Generation: 10.05s | Total: 11.61s
2025-11-19 16:40:31,077 [INFO] Request: Island 2, Main Category 'dansaekhwa'
2025-11-19 16:40:31,078 [INFO] Starting AI image generation...
2025-11-19 16:40:40,611 [INFO] Image uploaded to generated/latest_island.png
2025-11-19 16:40:40,679 [INFO] Firestore updated
2025-11-19 16:40:40,680 [INFO] TIMING | Generation: 8.04s | Total: 9.61s
2025-11-19 16:41:29,462 [INFO] Request: Island 2, Main Category 'autumn'
2025-11-19 16:41:29,463 [INFO] Starting AI image generation...
2025-11-19 16:41:41,143 [INFO] Image uploaded to generated/latest_island.png
2025-11-19 16:41:41,222 [INFO] Firestore updated
2025-11-19 16:41:41,223 [INFO] TIMING | Generation: 10.13s | Total: 11.76s
2025-11-19 16:42:48,995 [INFO] Request: Island 2, Main Category 'camellia'
2025-11-19 16:42:48,997 [INFO] Starting AI image generation...
2025-11-19 16:43:06,545 [INFO] Image uploaded to generated/latest_island.png
2025-11-19 16:43:06,620 [INFO] Firestore updated
2025-11-19 16:43:06,621 [INFO] TIMING | Generation: 16.05s | Total: 17.63s
2025-11-19 16:43:27,557 [INFO] Request: Island 2, Main Category 'autumn'
2025-11-19 16:43:27,557 [INFO] Starting AI image generation...
2025-11-19 16:43:39,190 [INFO] Image uploaded to generated/latest_island.png
2025-11-19 16:43:39,266 [INFO] Firestore updated
2025-11-19 16:43:39,267 [INFO] TIMING | Generation: 10.04s | Total: 11.71s
2025-11-19 16:44:48,545 [INFO] Request: Island 2, Main Category 'cherry'
2025-11-19 16:44:48,547 [INFO] Starting AI image generation...
2025-11-19 16:45:00,184 [INFO] Image uploaded to generated/latest_island.png
2025-11-19 16:45:00,261 [INFO] Firestore updated
2025-11-19 16:45:00,262 [INFO] TIMING | Generation: 10.05s | Total: 11.72s
2025-11-19 16:45:31,612 [INFO] Request: Island 2, Main Category 'cherry'
2025-11-19 16:45:31,614 [INFO] Starting AI image generation...
2025-11-19 16:45:43,248 [INFO] Image uploaded to generated/latest_island.png
2025-11-19 16:45:43,320 [INFO] Firestore updated
2025-11-19 16:45:43,321 [INFO] TIMING | Generation: 10.04s | Total: 11.71s
2025-11-19 16:46:29,361 [INFO] Request: Island 2, Main Category 'hydragea'
2025-11-19 16:46:29,362 [INFO] Starting AI image generation...
2025-11-19 16:46:44,442 [INFO] Image uploaded to generated/latest_island.png
2025-11-19 16:46:44,516 [INFO] Firestore updated
2025-11-19 16:46:44,516 [INFO] TIMING | Generation: 14.06s | Total: 15.16s
2025-11-19 16:46:47,984 [INFO] Request: Island 2, Main Category 'canola'
2025-11-19 16:46:47,986 [INFO] Starting AI image generation...
2025-11-19 16:47:01,581 [INFO] Image uploaded to generated/latest_island.png
2025-11-19 16:47:01,655 [INFO] Firestore updated
2025-11-19 16:47:01,656 [INFO] TIMING | Generation: 12.05s | Total: 13.67s
2025-11-19 16:48:46,638 [INFO] Request: Island 2, Main Category 'autumn'
2025-11-19 16:48:46,639 [INFO] Starting AI image generation...
2025-11-19 16:48:58,377 [INFO] Image uploaded to generated/latest_island.png
2025-11-19 16:48:58,447 [INFO] Firestore updated
2025-11-19 16:48:58,449 [INFO] TIMING | Generation: 10.18s | Total: 11.81s
2025-11-19 16:49:17,273 [INFO] Request: Island 2, Main Category 'winter'
2025-11-19 16:49:17,275 [INFO] Starting AI image generation...
2025-11-19 16:49:30,822 [INFO] Image uploaded to generated/latest_island.png
2025-11-19 16:49:30,897 [INFO] Firestore updated
2025-11-19 16:49:30,898 [INFO] TIMING | Generation: 12.05s | Total: 13.63s
2025-11-19 16:49:33,095 [INFO] Request: Island 2, Main Category 'taste'
2025-11-19 16:49:33,095 [INFO] Starting AI image generation...
2025-11-19 16:49:46,709 [INFO] Image uploaded to generated/latest_island.png
2025-11-19 16:49:46,774 [INFO] Firestore updated
2025-11-19 16:49:46,776 [INFO] TIMING | Generation: 12.05s | Total: 13.68s
2025-11-19 16:50:00,097 [INFO] Request: Island 2, Main Category 'heritage'
2025-11-19 16:50:00,098 [INFO] Starting AI image generation...
2025-11-19 16:50:13,623 [INFO] Image uploaded to generated/latest_island.png
2025-11-19 16:50:13,698 [INFO] Firestore updated
2025-11-19 16:50:13,698 [INFO] TIMING | Generation: 12.06s | Total: 13.60s
2025-11-19 16:54:31,992 [INFO] Request: Island 2, Main Category 'heritage'
2025-11-19 16:54:31,994 [INFO] Starting AI image generation...
2025-11-19 16:54:43,842 [INFO] Image uploaded to generated/latest_island.png
2025-11-19 16:54:43,979 [INFO] Firestore updated
2025-11-19 16:54:43,980 [INFO] TIMING | Generation: 10.04s | Total: 11.99s
2025-11-19 16:56:42,285 [INFO] Request: Island 2, Main Category 'heritage'
2025-11-19 16:56:42,287 [INFO] Starting AI image generation...
2025-11-19 16:56:55,844 [INFO] Image uploaded to generated/latest_island.png
2025-11-19 16:56:55,931 [INFO] Firestore updated
2025-11-19 16:56:55,932 [INFO] TIMING | Generation: 12.10s | Total: 13.65s
2025-11-19 16:59:02,848 [INFO] Request: Island 2, Main Category 'cherry'
2025-11-19 16:59:02,850 [INFO] Starting AI image generation...
2025-11-19 16:59:16,544 [INFO] Image uploaded to generated/latest_island.png
2025-11-19 16:59:16,638 [INFO] Firestore updated
2025-11-19 16:59:16,639 [INFO] TIMING | Generation: 12.05s | Total: 13.79s
2025-11-19 17:00:41,483 [INFO] Request: Island 2, Main Category 'cherry'
2025-11-19 17:00:41,484 [INFO] Starting AI image generation...
2025-11-19 17:00:53,959 [INFO] Image uploaded to generated/latest_island.png
2025-11-19 17:00:54,035 [INFO] Firestore updated
2025-11-19 17:00:54,036 [INFO] TIMING | Generation: 10.05s | Total: 12.55s
2025-11-19 17:01:49,794 [INFO] Request: Island 2, Main Category 'cherry'
2025-11-19 17:01:49,796 [INFO] Starting AI image generation...
2025-11-19 17:02:01,450 [INFO] Image uploaded to generated/latest_island.png
2025-11-19 17:02:01,532 [INFO] Firestore updated
2025-11-19 17:02:01,538 [INFO] TIMING | Generation: 10.05s | Total: 11.75s
2025-11-19 17:03:35,223 [INFO] Request: Island 2, Main Category 'cherry'
2025-11-19 17:03:35,229 [INFO] Starting AI image generation...
2025-11-19 17:03:46,868 [INFO] Image uploaded to generated/latest_island.png
2025-11-19 17:03:46,958 [INFO] Firestore updated
2025-11-19 17:03:46,961 [INFO] TIMING | Generation: 10.07s | Total: 11.74s
2025-11-19 17:03:55,803 [INFO] Request: Island 2, Main Category 'cherry'
2025-11-19 17:03:55,804 [INFO] Starting AI image generation...
2025-11-19 17:04:07,422 [INFO] Image uploaded to generated/latest_island.png
2025-11-19 17:04:07,515 [INFO] Firestore updated
2025-11-19 17:04:07,516 [INFO] TIMING | Generation: 10.05s | Total: 11.72s
2025-11-19 17:05:39,013 [INFO] Request: Island 2, Main Category 'cherry'
2025-11-19 17:05:39,014 [INFO] Starting AI image generation...
2025-11-19 17:05:50,654 [INFO] Image uploaded to generated/latest_island.png
2025-11-19 17:05:50,747 [INFO] Firestore updated
2025-11-19 17:05:50,748 [INFO] TIMING | Generation: 10.05s | Total: 11.74s
2025-11-19 17:06:35,616 [INFO] Request: Island 2, Main Category 'cherry'
2025-11-19 17:06:35,618 [INFO] Starting AI image generation...
2025-11-19 17:06:47,231 [INFO] Image uploaded to generated/latest_island.png
2025-11-19 17:06:47,327 [INFO] Firestore updated
2025-11-19 17:06:47,328 [INFO] TIMING | Generation: 10.05s | Total: 11.71s
2025-11-19 17:07:00,186 [INFO] Request: Island 2, Main Category 'cherry'
2025-11-19 17:07:00,187 [INFO] Starting AI image generation...
2025-11-19 17:07:11,905 [INFO] Image uploaded to generated/latest_island.png
2025-11-19 17:07:12,008 [INFO] Firestore updated
2025-11-19 17:07:12,009 [INFO] TIMING | Generation: 10.21s | Total: 11.83s
2025-11-19 17:09:05,938 [INFO] Request: Island 2, Main Category 'cherry'
2025-11-19 17:09:05,939 [INFO] Starting AI image generation...
2025-11-19 17:09:18,153 [INFO] Image uploaded to generated/latest_island.png
2025-11-19 17:09:18,234 [INFO] Firestore updated
2025-11-19 17:09:18,236 [INFO] TIMING | Generation: 10.06s | Total: 12.30s
2025-11-19 17:10:38,797 [INFO] Request: Island 2, Main Category 'cherry'
2025-11-19 17:10:38,799 [INFO] Starting AI image generation...
2025-11-19 17:10:50,371 [INFO] Image uploaded to generated/latest_island.png
2025-11-19 17:10:50,455 [INFO] Firestore updated
2025-11-19 17:10:50,456 [INFO] TIMING | Generation: 10.06s | Total: 11.66s
2025-11-19 17:13:18,624 [INFO] Request: Island 2, Main Category 'cherry'
2025-11-19 17:13:18,625 [INFO] Starting AI image generation...
2025-11-19 17:13:30,225 [INFO] Image uploaded to generated/latest_island.png
2025-11-19 17:13:30,300 [INFO] Firestore updated
2025-11-19 17:13:30,302 [INFO] TIMING | Generation: 10.06s | Total: 11.68s
2025-11-19 17:15:33,298 [INFO] Request: Island 2, Main Category 'cherry'
2025-11-19 17:15:33,300 [INFO] Starting AI image generation...
2025-11-19 17:15:44,838 [INFO] Image uploaded to generated/latest_island.png
2025-11-19 17:15:44,928 [INFO] Firestore updated
2025-11-19 17:15:44,929 [INFO] TIMING | Generation: 10.05s | Total: 11.63s
2025-11-19 17:16:29,526 [INFO] Request: Island 2, Main Category 'hydragea'
2025-11-19 17:16:29,528 [INFO] Starting AI image generation...
2025-11-19 17:16:44,496 [INFO] Image uploaded to generated/latest_island.png
2025-11-19 17:16:44,578 [INFO] Firestore updated
2025-11-19 17:16:44,579 [INFO] TIMING | Generation: 14.05s | Total: 15.05s
2025-11-19 17:17:51,312 [INFO] Request: Island 2, Main Category 'autumn'
2025-11-19 17:17:51,313 [INFO] Starting AI image generation...
2025-11-19 17:18:03,151 [INFO] Image uploaded to generated/latest_island.png
2025-11-19 17:18:03,231 [INFO] Firestore updated
2025-11-19 17:18:03,232 [INFO] TIMING | Generation: 10.30s | Total: 11.92s
2025-11-19 17:24:55,817 [INFO] Request: Island 2, Main Category 'hydragea'
2025-11-19 17:24:55,818 [INFO] Starting AI image generation...
2025-11-19 17:25:10,825 [INFO] Image uploaded to generated/latest_island.png
2025-11-19 17:25:10,965 [INFO] Firestore updated
2025-11-19 17:25:10,966 [INFO] TIMING | Generation: 14.05s | Total: 15.15s
2025-11-19 17:25:13,489 [INFO] Request: Island 2, Main Category 'cherry'
2025-11-19 17:25:13,491 [INFO] Starting AI image generation...
2025-11-19 17:25:27,034 [INFO] Image uploaded to generated/latest_island.png
2025-11-19 17:25:27,102 [INFO] Firestore updated
2025-11-19 17:25:27,102 [INFO] TIMING | Generation: 12.05s | Total: 13.62s
2025-11-19 17:30:42,272 [INFO] Request: Island 2, Main Category 'cherry'
2025-11-19 17:30:42,273 [INFO] Starting AI image generation...
2025-11-19 17:30:54,000 [INFO] Image uploaded to generated/latest_island.png
2025-11-19 17:30:54,147 [INFO] Firestore updated
2025-11-19 17:30:54,147 [INFO] TIMING | Generation: 10.05s | Total: 11.88s
2025-11-19 17:31:37,970 [INFO] Request: Island 2, Main Category 'constellation'
2025-11-19 17:31:37,972 [INFO] Starting AI image generation...
2025-11-19 17:31:53,507 [INFO] Image uploaded to generated/latest_island.png
2025-11-19 17:31:53,652 [INFO] Firestore updated
2025-11-19 17:31:53,653 [INFO] TIMING | Generation: 14.06s | Total: 15.69s
2025-11-19 17:32:09,501 [INFO] Request: Island 2, Main Category 'kimhongdo'
2025-11-19 17:32:09,503 [INFO] Starting AI image generation...
2025-11-19 17:32:11,017 [INFO] Image uploaded to generated/latest_island.png
2025-11-19 17:32:11,109 [INFO] Firestore updated
2025-11-19 17:32:11,110 [INFO] TIMING | Generation: 0.01s | Total: 1.61s
2025-11-19 17:34:32,089 [INFO] Request: Island 148, Main Category 'kimhongdo'
2025-11-19 17:34:32,090 [INFO] Starting AI image generation...
2025-11-19 17:34:33,672 [INFO] Image uploaded to generated/latest_island.png
2025-11-19 17:34:33,800 [INFO] Firestore updated
2025-11-19 17:34:33,801 [INFO] TIMING | Generation: 0.02s | Total: 1.71s
2025-11-19 17:35:43,216 [INFO] Request: Island 148, Main Category 'kimhongdo'
2025-11-19 17:35:43,217 [INFO] Starting AI image generation...
2025-11-19 17:35:44,765 [INFO] Image uploaded to generated/latest_island.png
2025-11-19 17:35:44,887 [INFO] Firestore updated
2025-11-19 17:35:44,888 [INFO] TIMING | Generation: 0.00s | Total: 1.67s
2025-11-19 17:36:23,125 [INFO] Request: Island 148, Main Category 'cherry'
2025-11-19 17:36:23,126 [INFO] Starting AI image generation...
2025-11-19 17:36:34,730 [INFO] Image uploaded to generated/latest_island.png
2025-11-19 17:36:34,845 [INFO] Firestore updated
2025-11-19 17:36:34,845 [INFO] TIMING | Generation: 10.11s | Total: 11.72s
2025-11-19 17:36:55,183 [INFO] Request: Island 148, Main Category 'kimhongdo'
2025-11-19 17:36:55,184 [INFO] Starting AI image generation...
2025-11-19 17:36:56,781 [INFO] Image uploaded to generated/latest_island.png
2025-11-19 17:36:56,887 [INFO] Firestore updated
2025-11-19 17:36:56,888 [INFO] TIMING | Generation: 0.00s | Total: 1.71s
2025-11-19 17:37:14,607 [INFO] Request: Island 148, Main Category 'cherry'
2025-11-19 17:37:14,608 [INFO] Starting AI image generation...
2025-11-19 17:37:26,198 [INFO] Image uploaded to generated/latest_island.png
2025-11-19 17:37:26,310 [INFO] Firestore updated
2025-11-19 17:37:26,311 [INFO] TIMING | Generation: 10.05s | Total: 11.71s
2025-11-19 17:37:45,437 [INFO] Request: Island 148, Main Category 'taste'
2025-11-19 17:37:45,438 [INFO] Starting AI image generation...
2025-11-19 17:37:57,190 [INFO] Image uploaded to generated/latest_island.png
2025-11-19 17:37:57,313 [INFO] Firestore updated
2025-11-19 17:37:57,314 [INFO] TIMING | Generation: 10.30s | Total: 11.88s
2025-11-19 17:39:03,043 [INFO] Request: Island 148, Main Category 'art'
2025-11-19 17:39:03,044 [INFO] Starting AI image generation...
2025-11-19 17:39:38,689 [INFO] Image uploaded to generated/latest_island.png
2025-11-19 17:39:38,787 [INFO] Firestore updated
2025-11-19 17:39:38,787 [INFO] TIMING | Generation: 34.13s | Total: 35.75s
2025-11-19 17:40:07,286 [INFO] Request: Island 148, Main Category 'pollock'
2025-11-19 17:40:07,287 [INFO] Starting AI image generation...
2025-11-19 17:40:24,915 [INFO] Image uploaded to generated/latest_island.png
2025-11-19 17:40:25,022 [INFO] Firestore updated
2025-11-19 17:40:25,023 [INFO] TIMING | Generation: 16.07s | Total: 17.74s
2025-11-19 17:40:53,575 [INFO] Request: Island 148, Main Category 'origami'
2025-11-19 17:40:53,576 [INFO] Starting AI image generation...
2025-11-19 17:41:07,217 [INFO] Image uploaded to generated/latest_island.png
2025-11-19 17:41:07,332 [INFO] Firestore updated
2025-11-19 17:41:07,332 [INFO] TIMING | Generation: 12.06s | Total: 13.76s
2025-11-19 17:41:41,983 [INFO] Request: Island 148, Main Category 'pollock'
2025-11-19 17:41:41,986 [INFO] Starting AI image generation...
2025-11-19 17:41:55,411 [INFO] Image uploaded to generated/latest_island.png
2025-11-19 17:41:55,517 [INFO] Firestore updated
2025-11-19 17:41:55,518 [INFO] TIMING | Generation: 12.05s | Total: 13.54s
2025-11-19 17:42:48,344 [INFO] Request: Island 148, Main Category 'sumuk'
2025-11-19 17:42:48,345 [INFO] Starting AI image generation...
2025-11-19 17:43:01,795 [INFO] Image uploaded to generated/latest_island.png
2025-11-19 17:43:01,913 [INFO] Firestore updated
2025-11-19 17:43:01,914 [INFO] TIMING | Generation: 12.05s | Total: 13.57s
2025-11-19 17:43:33,686 [INFO] Request: Island 148, Main Category 'wave'
2025-11-19 17:43:33,688 [INFO] Starting AI image generation...
2025-11-19 17:43:47,311 [INFO] Image uploaded to generated/latest_island.png
2025-11-19 17:43:47,414 [INFO] Firestore updated
2025-11-19 17:43:47,415 [INFO] TIMING | Generation: 12.06s | Total: 13.73s
2025-11-19 17:50:54,952 [INFO] Sketch downloaded from drawings/drawing.png
2025-11-19 17:50:55,093 [INFO] Matched Island ID: 227 (similarity: 0.275)
2025-11-19 17:50:55,323 [INFO] Request: Island 227, Main Category 'nature'
2025-11-19 17:50:55,324 [INFO] Starting AI image generation...
2025-11-19 17:51:13,179 [INFO] Image uploaded to generated/latest_island.png
2025-11-19 17:51:13,311 [INFO] Firestore updated
2025-11-19 17:51:13,312 [INFO] TIMING | Generation: 16.06s | Total: 17.99s
2025-11-19 17:51:35,463 [INFO] Sketch downloaded from drawings/drawing.png
2025-11-19 17:51:35,490 [INFO] Matched Island ID: 337 (similarity: 0.318)
2025-11-19 17:51:35,587 [INFO] Request: Island 337, Main Category 'nature'
2025-11-19 17:51:35,588 [INFO] Starting AI image generation...
2025-11-19 17:51:47,337 [INFO] Image uploaded to generated/latest_island.png
2025-11-19 17:51:47,404 [INFO] Firestore updated
2025-11-19 17:51:47,405 [INFO] TIMING | Generation: 10.17s | Total: 11.82s
2025-11-19 17:52:05,275 [INFO] Request: Island 148, Main Category 'autumn'
2025-11-19 17:52:05,277 [INFO] Starting AI image generation...
2025-11-19 17:52:16,830 [INFO] Image uploaded to generated/latest_island.png
2025-11-19 17:52:16,941 [INFO] Firestore updated
2025-11-19 17:52:16,942 [INFO] TIMING | Generation: 10.05s | Total: 11.67s
2025-11-19 17:52:32,487 [INFO] Sketch downloaded from drawings/drawing.png
2025-11-19 17:52:32,682 [INFO] Matched Island ID: 330 (similarity: 0.300)
2025-11-19 17:52:32,902 [INFO] Request: Island 330, Main Category 'nature'
2025-11-19 17:52:32,903 [INFO] Starting AI image generation...
2025-11-19 17:52:48,488 [INFO] Image uploaded to generated/latest_island.png
2025-11-19 17:52:48,563 [INFO] Firestore updated
2025-11-19 17:52:48,564 [INFO] TIMING | Generation: 14.06s | Total: 15.67s
2025-11-19 17:52:59,189 [INFO] Sketch downloaded from drawings/drawing.png
2025-11-19 17:52:59,209 [INFO] Matched Island ID: 330 (similarity: 0.478)
2025-11-19 17:52:59,350 [INFO] Request: Island 330, Main Category 'nature'
2025-11-19 17:52:59,351 [INFO] Starting AI image generation...
2025-11-19 17:53:14,417 [INFO] Image uploaded to generated/latest_island.png
2025-11-19 17:53:14,482 [INFO] Firestore updated
2025-11-19 17:53:14,483 [INFO] TIMING | Generation: 14.05s | Total: 15.14s
2025-11-19 17:54:36,091 [INFO] Request: Island 148, Main Category 'constellation'
2025-11-19 17:54:36,093 [INFO] Starting AI image generation...
2025-11-19 17:54:51,630 [INFO] Image uploaded to generated/latest_island.png
2025-11-19 17:54:51,731 [INFO] Firestore updated
2025-11-19 17:54:51,732 [INFO] TIMING | Generation: 14.06s | Total: 15.64s
2025-11-19 17:56:41,094 [INFO] Request: Island 148, Main Category 'autumn'
2025-11-19 17:56:41,095 [INFO] Starting AI image generation...
2025-11-19 17:56:52,651 [INFO] Image uploaded to generated/latest_island.png
2025-11-19 17:56:52,760 [INFO] Firestore updated
2025-11-19 17:56:52,761 [INFO] TIMING | Generation: 10.05s | Total: 11.67s
2025-11-19 17:57:10,362 [INFO] Request: Island 148, Main Category 'camellia'
2025-11-19 17:57:10,365 [INFO] Starting AI image generation...
2025-11-19 17:57:27,914 [INFO] Image uploaded to generated/latest_island.png
2025-11-19 17:57:28,041 [INFO] Firestore updated
2025-11-19 17:57:28,042 [INFO] TIMING | Generation: 16.06s | Total: 17.68s
2025-11-19 17:57:30,407 [INFO] Request: Island 148, Main Category 'cherry'
2025-11-19 17:57:30,409 [INFO] Starting AI image generation...
2025-11-19 17:57:42,008 [INFO] Image uploaded to generated/latest_island.png
2025-11-19 17:57:42,439 [INFO] Firestore updated
2025-11-19 17:57:42,440 [INFO] TIMING | Generation: 10.06s | Total: 12.03s
2025-11-19 17:57:45,172 [INFO] Request: Island 148, Main Category 'hydragea'
2025-11-19 17:57:45,174 [INFO] Starting AI image generation...
2025-11-19 17:58:00,174 [INFO] Image uploaded to generated/latest_island.png
2025-11-19 17:58:00,289 [INFO] Firestore updated
2025-11-19 17:58:00,291 [INFO] TIMING | Generation: 14.05s | Total: 15.12s
2025-11-19 17:58:19,114 [INFO] Request: Island 148, Main Category 'cherry'
2025-11-19 17:58:19,115 [INFO] Starting AI image generation...
2025-11-19 17:58:32,703 [INFO] Image uploaded to generated/latest_island.png
2025-11-19 17:58:32,803 [INFO] Firestore updated
2025-11-19 17:58:32,804 [INFO] TIMING | Generation: 12.06s | Total: 13.69s
2025-11-19 17:58:47,329 [INFO] Request: Island 148, Main Category 'canola'
2025-11-19 17:58:47,330 [INFO] Starting AI image generation...
2025-11-19 17:59:00,926 [INFO] Image uploaded to generated/latest_island.png
2025-11-19 17:59:01,046 [INFO] Firestore updated
2025-11-19 17:59:01,046 [INFO] TIMING | Generation: 12.05s | Total: 13.72s
2025-11-19 17:59:11,474 [INFO] Request: Island 148, Main Category 'hydragea'
2025-11-19 17:59:11,476 [INFO] Starting AI image generation...
2025-11-19 17:59:26,479 [INFO] Image uploaded to generated/latest_island.png
2025-11-19 17:59:26,580 [INFO] Firestore updated
2025-11-19 17:59:26,581 [INFO] TIMING | Generation: 14.05s | Total: 15.11s
2025-11-20 08:58:47,483 [INFO] Timing CSV initialized: ./logs\timing_log.csv
2025-11-20 08:58:47,530 [INFO] Firebase initialized
2025-11-20 08:58:52,683 [INFO] IslandRetriever initialized (DB: C:\Users\devel\Desktop\Final\AI-ART\ComfyUI\input\generated_sketches_all)
2025-11-20 08:58:52,902 [INFO] ComfyUI initialized (workflows: ['autumn', 'baekja', 'camellia', 'canola', 'cherry', 'constellation', 'dansaekhwa', 'entertainment', 'fantasy', 'hydragea', 'jage', 'jasu', 'klimt', 'landscape', 'monet', 'origami', 'pollock', 'sinyunbok', 'sumuk', 'traditional', 'vangogh', 'wave', 'winter'])
2025-11-20 08:58:52,904 [INFO] ==================================================
2025-11-20 08:58:52,905 [INFO] Flask AI Server Starting...
2025-11-20 08:58:52,905 [INFO] Storage Path: drawings/drawing.png
2025-11-20 08:58:52,906 [INFO] Port: 23100
2025-11-20 08:58:52,906 [INFO] ==================================================
2025-11-20 09:03:51,803 [INFO] Sketch downloaded from drawings/drawing.png
2025-11-20 09:03:51,862 [INFO] Matched Island ID: 169 (similarity: 0.324)
2025-11-20 09:03:52,098 [INFO] Request: Island 169, Main Category 'heritage'
2025-11-20 09:03:52,100 [INFO] Starting AI image generation...
2025-11-20 09:04:35,669 [INFO] Image uploaded to generated/latest_island.png
2025-11-20 09:04:35,987 [INFO] Firestore updated
2025-11-20 09:04:35,988 [INFO] TIMING | Generation: 42.12s | Total: 43.90s
2025-11-20 09:05:48,284 [INFO] Sketch downloaded from drawings/drawing.png
2025-11-20 09:05:48,318 [INFO] Matched Island ID: 99 (similarity: 0.302)
2025-11-20 09:05:48,511 [INFO] Request: Island 99, Main Category 'nature'
2025-11-20 09:05:48,512 [INFO] Starting AI image generation...
2025-11-20 09:06:10,086 [INFO] Image uploaded to generated/latest_island.png
2025-11-20 09:06:10,194 [INFO] Firestore updated
2025-11-20 09:06:10,195 [INFO] TIMING | Generation: 20.08s | Total: 21.71s
2025-11-20 09:07:22,994 [INFO] Sketch downloaded from drawings/drawing.png
2025-11-20 09:07:23,023 [INFO] Matched Island ID: 65 (similarity: 0.304)
2025-11-20 09:07:23,216 [INFO] Request: Island 65, Main Category 'nature'
2025-11-20 09:07:23,218 [INFO] Starting AI image generation...
2025-11-20 09:07:40,808 [INFO] Image uploaded to generated/latest_island.png
2025-11-20 09:07:40,963 [INFO] Firestore updated
2025-11-20 09:07:40,965 [INFO] TIMING | Generation: 16.07s | Total: 17.75s
2025-11-20 09:08:01,506 [INFO] Sketch downloaded from drawings/drawing.png
2025-11-20 09:08:01,536 [INFO] Matched Island ID: 320 (similarity: 0.403)
2025-11-20 09:08:01,724 [INFO] Request: Island 320, Main Category 'nature'
2025-11-20 09:08:01,725 [INFO] Starting AI image generation...
2025-11-20 09:08:20,739 [INFO] Image uploaded to generated/latest_island.png
2025-11-20 09:08:20,886 [INFO] Firestore updated
2025-11-20 09:08:20,887 [INFO] TIMING | Generation: 18.06s | Total: 19.17s
2025-11-20 09:09:31,303 [INFO] Sketch downloaded from drawings/drawing.png
2025-11-20 09:09:31,332 [INFO] Matched Island ID: 163 (similarity: 0.583)
2025-11-20 09:09:31,432 [INFO] Request: Island 163, Main Category 'nature'
2025-11-20 09:09:31,433 [INFO] Starting AI image generation...
2025-11-20 09:09:43,278 [INFO] Image uploaded to generated/latest_island.png
2025-11-20 09:09:43,447 [INFO] Firestore updated
2025-11-20 09:09:43,449 [INFO] TIMING | Generation: 10.23s | Total: 12.03s
2025-11-20 09:11:46,949 [INFO] Sketch downloaded from drawings/drawing.png
2025-11-20 09:11:47,139 [INFO] Matched Island ID: 98 (similarity: 0.484)
2025-11-20 09:11:47,318 [INFO] Request: Island 98, Main Category 'nature'
2025-11-20 09:11:47,319 [INFO] Starting AI image generation...
2025-11-20 09:12:01,050 [INFO] Image uploaded to generated/latest_island.png
2025-11-20 09:12:01,205 [INFO] Firestore updated
2025-11-20 09:12:01,207 [INFO] TIMING | Generation: 12.16s | Total: 13.90s
2025-11-20 09:13:07,454 [INFO] Sketch downloaded from drawings/drawing.png
2025-11-20 09:13:07,485 [INFO] Matched Island ID: 222 (similarity: 0.346)
2025-11-20 09:13:07,733 [INFO] Request: Island 222, Main Category 'taste'
2025-11-20 09:13:07,734 [INFO] Starting AI image generation...
2025-11-20 09:13:23,251 [INFO] Image uploaded to generated/latest_island.png
2025-11-20 09:13:23,343 [INFO] Firestore updated
2025-11-20 09:13:23,345 [INFO] TIMING | Generation: 14.06s | Total: 15.62s
2025-11-20 09:13:41,556 [INFO] Sketch downloaded from drawings/drawing.png
2025-11-20 09:13:41,585 [INFO] Matched Island ID: 324 (similarity: 0.443)
2025-11-20 09:13:41,702 [INFO] Request: Island 324, Main Category 'taste'
2025-11-20 09:13:41,703 [INFO] Starting AI image generation...
2025-11-20 09:13:55,240 [INFO] Image uploaded to generated/latest_island.png
2025-11-20 09:13:55,324 [INFO] Firestore updated
2025-11-20 09:13:55,325 [INFO] TIMING | Generation: 12.06s | Total: 13.63s
2025-11-20 09:14:53,257 [INFO] Sketch downloaded from drawings/drawing.png
2025-11-20 09:14:53,287 [INFO] Matched Island ID: 361 (similarity: 0.386)
2025-11-20 09:14:53,452 [INFO] Request: Island 361, Main Category 'taste'
2025-11-20 09:14:53,453 [INFO] Starting AI image generation...
2025-11-20 09:15:39,205 [INFO] Image uploaded to generated/latest_island.png
2025-11-20 09:15:39,345 [INFO] Firestore updated
2025-11-20 09:15:39,347 [INFO] TIMING | Generation: 44.12s | Total: 45.90s
2025-11-20 09:15:56,929 [INFO] Sketch downloaded from drawings/drawing.png
2025-11-20 09:15:56,979 [INFO] Matched Island ID: 232 (similarity: 0.419)
2025-11-20 09:15:57,137 [INFO] Request: Island 232, Main Category 'heritage'
2025-11-20 09:15:57,138 [INFO] Starting AI image generation...
2025-11-20 09:15:58,939 [INFO] Image uploaded to generated/latest_island.png
2025-11-20 09:15:59,033 [INFO] Firestore updated
2025-11-20 09:15:59,034 [INFO] TIMING | Generation: 0.02s | Total: 1.90s
2025-11-20 09:17:32,411 [INFO] Sketch downloaded from drawings/drawing.png
2025-11-20 09:17:32,450 [INFO] Matched Island ID: 163 (similarity: 0.329)
2025-11-20 09:17:32,602 [INFO] Request: Island 163, Main Category 'heritage'
2025-11-20 09:17:32,603 [INFO] Starting AI image generation...
2025-11-20 09:17:34,436 [INFO] Image uploaded to generated/latest_island.png
2025-11-20 09:17:34,583 [INFO] Firestore updated
2025-11-20 09:17:34,584 [INFO] TIMING | Generation: 0.02s | Total: 1.99s
2025-11-20 09:18:03,637 [INFO] Sketch downloaded from drawings/drawing.png
2025-11-20 09:18:03,669 [INFO] Matched Island ID: 123 (similarity: 0.376)
2025-11-20 09:18:03,848 [INFO] Request: Island 123, Main Category 'heritage'
2025-11-20 09:18:03,850 [INFO] Starting AI image generation...
2025-11-20 09:18:14,871 [INFO] Image uploaded to generated/latest_island.png
2025-11-20 09:18:14,934 [INFO] Firestore updated
2025-11-20 09:18:14,935 [INFO] TIMING | Generation: 10.04s | Total: 11.09s
2025-11-20 09:19:40,427 [INFO] Sketch downloaded from drawings/drawing.png
2025-11-20 09:19:40,489 [INFO] Matched Island ID: 16 (similarity: 0.308)
2025-11-20 09:19:40,823 [INFO] Request: Island 16, Main Category 'heritage'
2025-11-20 09:19:40,826 [INFO] Starting AI image generation...
2025-11-20 09:20:10,479 [INFO] Image uploaded to generated/latest_island.png
2025-11-20 09:20:12,041 [INFO] Firestore updated
2025-11-20 09:20:12,042 [INFO] TIMING | Generation: 28.07s | Total: 31.32s
2025-11-20 09:58:58,661 [INFO] Sketch downloaded from drawings/drawing.png
2025-11-20 09:58:58,743 [INFO] Matched Island ID: 44 (similarity: 0.415)
2025-11-20 09:58:58,893 [INFO] Request: Island 44, Main Category 'nature'
2025-11-20 09:58:58,895 [INFO] Starting AI image generation...
2025-11-20 09:59:14,571 [INFO] Image uploaded to generated/latest_island.png
2025-11-20 09:59:14,806 [INFO] Firestore updated
2025-11-20 09:59:14,812 [INFO] TIMING | Generation: 14.11s | Total: 15.92s
2025-11-20 10:10:25,520 [INFO] Sketch downloaded from drawings/drawing.png
2025-11-20 10:10:25,552 [INFO] Matched Island ID: 129 (similarity: 0.446)
2025-11-20 10:10:25,585 [INFO] Request: Island 129, Main Category 'nature'
2025-11-20 10:10:25,587 [INFO] Starting AI image generation...
2025-11-20 10:10:37,213 [INFO] Image uploaded to generated/latest_island.png
2025-11-20 10:10:37,315 [INFO] Firestore updated
2025-11-20 10:10:37,316 [INFO] TIMING | Generation: 10.09s | Total: 11.73s
2025-11-20 10:15:01,379 [INFO] Sketch downloaded from drawings/drawing.png
2025-11-20 10:15:01,409 [INFO] Matched Island ID: 34 (similarity: 0.220)
2025-11-20 10:15:01,445 [INFO] Request: Island 34, Main Category 'nature'
2025-11-20 10:15:01,446 [INFO] Starting AI image generation...
2025-11-20 10:15:15,061 [INFO] Image uploaded to generated/latest_island.png
2025-11-20 10:15:15,187 [INFO] Firestore updated
2025-11-20 10:15:15,189 [INFO] TIMING | Generation: 12.07s | Total: 13.74s
2025-11-20 10:17:34,636 [INFO] Sketch downloaded from drawings/drawing.png
2025-11-20 10:17:34,656 [INFO] Matched Island ID: 163 (similarity: 0.393)
2025-11-20 10:17:34,690 [INFO] Request: Island 163, Main Category 'nature'
2025-11-20 10:17:34,691 [INFO] Starting AI image generation...
2025-11-20 10:17:46,251 [INFO] Image uploaded to generated/latest_island.png
2025-11-20 10:17:46,326 [INFO] Firestore updated
2025-11-20 10:17:46,327 [INFO] TIMING | Generation: 10.04s | Total: 11.64s
2025-11-20 10:18:41,128 [INFO] Sketch downloaded from drawings/drawing.png
2025-11-20 10:18:41,157 [INFO] Matched Island ID: 320 (similarity: 0.199)
2025-11-20 10:18:41,190 [INFO] Request: Island 320, Main Category 'nature'
2025-11-20 10:18:41,192 [INFO] Starting AI image generation...
2025-11-20 10:18:54,814 [INFO] Image uploaded to generated/latest_island.png
2025-11-20 10:18:54,892 [INFO] Firestore updated
2025-11-20 10:18:54,894 [INFO] TIMING | Generation: 12.06s | Total: 13.70s
2025-11-20 10:22:38,432 [INFO] Sketch downloaded from drawings/drawing.png
2025-11-20 10:22:38,514 [INFO] Matched Island ID: 112 (similarity: 0.270)
2025-11-20 10:22:38,541 [INFO] Request: Island 112, Main Category 'nature'
2025-11-20 10:22:38,542 [INFO] Starting AI image generation...
2025-11-20 10:22:54,233 [INFO] Image uploaded to generated/latest_island.png
2025-11-20 10:22:54,290 [INFO] Firestore updated
2025-11-20 10:22:54,291 [INFO] TIMING | Generation: 14.08s | Total: 15.75s
2025-11-20 10:30:11,928 [INFO] Sketch downloaded from drawings/drawing.png
2025-11-20 10:30:11,960 [INFO] Matched Island ID: 218 (similarity: 0.287)
2025-11-20 10:30:12,021 [INFO] Request: Island 218, Main Category 'nature'
2025-11-20 10:30:12,023 [INFO] Starting AI image generation...
2025-11-20 10:30:25,787 [INFO] Image uploaded to generated/latest_island.png
2025-11-20 10:30:25,947 [INFO] Firestore updated
2025-11-20 10:30:25,948 [INFO] TIMING | Generation: 12.06s | Total: 13.93s
2025-11-20 10:31:15,355 [INFO] Sketch downloaded from drawings/drawing.png
2025-11-20 10:31:15,384 [INFO] Matched Island ID: 141 (similarity: 0.416)
2025-11-20 10:31:15,433 [INFO] Request: Island 141, Main Category 'nature'
2025-11-20 10:31:15,434 [INFO] Starting AI image generation...
2025-11-20 10:31:29,063 [INFO] Image uploaded to generated/latest_island.png
2025-11-20 10:31:29,166 [INFO] Firestore updated
2025-11-20 10:31:29,167 [INFO] TIMING | Generation: 12.06s | Total: 13.73s
2025-11-20 10:35:29,766 [INFO] Sketch downloaded from drawings/drawing.png
2025-11-20 10:35:29,791 [INFO] Matched Island ID: 251 (similarity: 0.270)
2025-11-20 10:35:29,844 [INFO] Request: Island 251, Main Category 'nature'
2025-11-20 10:35:29,845 [INFO] Starting AI image generation...
2025-11-20 10:35:43,496 [INFO] Image uploaded to generated/latest_island.png
2025-11-20 10:35:43,599 [INFO] Firestore updated
2025-11-20 10:35:43,600 [INFO] TIMING | Generation: 12.05s | Total: 13.76s
2025-11-20 10:40:09,122 [INFO] Sketch downloaded from drawings/drawing.png
2025-11-20 10:40:09,153 [INFO] Matched Island ID: 44 (similarity: 0.332)
2025-11-20 10:40:09,198 [INFO] Request: Island 44, Main Category 'nature'
2025-11-20 10:40:09,200 [INFO] Starting AI image generation...
2025-11-20 10:40:22,805 [INFO] Image uploaded to generated/latest_island.png
2025-11-20 10:40:22,921 [INFO] Firestore updated
2025-11-20 10:40:22,922 [INFO] TIMING | Generation: 12.07s | Total: 13.72s
2025-11-20 10:44:07,624 [INFO] Sketch downloaded from drawings/drawing.png
2025-11-20 10:44:07,655 [INFO] Matched Island ID: 34 (similarity: 0.237)
2025-11-20 10:44:07,716 [INFO] Request: Island 34, Main Category 'nature'
2025-11-20 10:44:07,717 [INFO] Starting AI image generation...
2025-11-20 10:44:25,372 [INFO] Image uploaded to generated/latest_island.png
2025-11-20 10:44:25,462 [INFO] Firestore updated
2025-11-20 10:44:25,463 [INFO] TIMING | Generation: 16.07s | Total: 17.75s
2025-11-20 10:46:06,487 [INFO] Sketch downloaded from drawings/drawing.png
2025-11-20 10:46:06,511 [INFO] Matched Island ID: 169 (similarity: 0.275)
2025-11-20 10:46:06,545 [INFO] Request: Island 169, Main Category 'nature'
2025-11-20 10:46:06,546 [INFO] Starting AI image generation...
2025-11-20 10:46:18,163 [INFO] Image uploaded to generated/latest_island.png
2025-11-20 10:46:18,267 [INFO] Firestore updated
2025-11-20 10:46:18,267 [INFO] TIMING | Generation: 10.05s | Total: 11.72s
2025-11-20 10:48:44,493 [INFO] Sketch downloaded from drawings/drawing.png
2025-11-20 10:48:44,517 [INFO] Matched Island ID: 355 (similarity: 0.409)
2025-11-20 10:48:44,568 [INFO] Request: Island 355, Main Category 'nature'
2025-11-20 10:48:44,569 [INFO] Starting AI image generation...
2025-11-20 10:48:58,199 [INFO] Image uploaded to generated/latest_island.png
2025-11-20 10:48:58,248 [INFO] Firestore updated
2025-11-20 10:48:58,248 [INFO] TIMING | Generation: 12.05s | Total: 13.68s
2025-11-20 10:50:21,805 [INFO] Sketch downloaded from drawings/drawing.png
2025-11-20 10:50:21,833 [INFO] Matched Island ID: 201 (similarity: 0.264)
2025-11-20 10:50:21,866 [INFO] Request: Island 201, Main Category 'nature'
2025-11-20 10:50:21,868 [INFO] Starting AI image generation...
2025-11-20 10:50:37,474 [INFO] Image uploaded to generated/latest_island.png
2025-11-20 10:50:37,519 [INFO] Firestore updated
2025-11-20 10:50:37,521 [INFO] TIMING | Generation: 14.06s | Total: 15.65s
2025-11-20 10:53:17,240 [INFO] Sketch downloaded from drawings/drawing.png
2025-11-20 10:53:17,260 [INFO] Matched Island ID: 222 (similarity: 0.343)
2025-11-20 10:53:17,313 [INFO] Request: Island 222, Main Category 'nature'
2025-11-20 10:53:17,314 [INFO] Starting AI image generation...
2025-11-20 10:53:28,970 [INFO] Image uploaded to generated/latest_island.png
2025-11-20 10:53:29,021 [INFO] Firestore updated
2025-11-20 10:53:29,022 [INFO] TIMING | Generation: 10.04s | Total: 11.71s
2025-11-20 10:53:51,361 [INFO] Sketch downloaded from drawings/drawing.png
2025-11-20 10:53:51,385 [INFO] Matched Island ID: 75 (similarity: 0.334)
2025-11-20 10:53:51,415 [INFO] Request: Island 75, Main Category 'nature'
2025-11-20 10:53:51,417 [INFO] Starting AI image generation...
2025-11-20 10:54:04,557 [INFO] Image uploaded to generated/latest_island.png
2025-11-20 10:54:04,603 [INFO] Firestore updated
2025-11-20 10:54:04,605 [INFO] TIMING | Generation: 12.18s | Total: 13.19s
2025-11-20 10:57:14,212 [INFO] Sketch downloaded from drawings/drawing.png
2025-11-20 10:57:14,243 [INFO] Matched Island ID: 68 (similarity: 0.270)
2025-11-20 10:57:14,284 [INFO] Request: Island 68, Main Category 'nature'
2025-11-20 10:57:14,286 [INFO] Starting AI image generation...
2025-11-20 10:57:27,864 [INFO] Image uploaded to generated/latest_island.png
2025-11-20 10:57:27,928 [INFO] Firestore updated
2025-11-20 10:57:27,929 [INFO] TIMING | Generation: 12.07s | Total: 13.64s
2025-11-20 11:00:34,286 [INFO] Sketch downloaded from drawings/drawing.png
2025-11-20 11:00:34,316 [INFO] Matched Island ID: 44 (similarity: 0.340)
2025-11-20 11:00:34,359 [INFO] Request: Island 44, Main Category 'nature'
2025-11-20 11:00:34,360 [INFO] Starting AI image generation...
2025-11-20 11:00:51,935 [INFO] Image uploaded to generated/latest_island.png
2025-11-20 11:00:52,001 [INFO] Firestore updated
2025-11-20 11:00:52,002 [INFO] TIMING | Generation: 16.07s | Total: 17.64s
2025-11-20 11:07:34,157 [INFO] Sketch downloaded from drawings/drawing.png
2025-11-20 11:07:34,188 [INFO] Matched Island ID: 110 (similarity: 0.321)
2025-11-20 11:07:34,232 [INFO] Request: Island 110, Main Category 'nature'
2025-11-20 11:07:34,234 [INFO] Starting AI image generation...
2025-11-20 11:07:45,863 [INFO] Image uploaded to generated/latest_island.png
2025-11-20 11:07:45,979 [INFO] Firestore updated
2025-11-20 11:07:45,981 [INFO] TIMING | Generation: 10.15s | Total: 11.75s
2025-11-20 11:10:38,020 [INFO] Sketch downloaded from drawings/drawing.png
2025-11-20 11:10:38,047 [INFO] Matched Island ID: 44 (similarity: 0.323)
2025-11-20 11:10:38,099 [INFO] Request: Island 44, Main Category 'nature'
2025-11-20 11:10:38,099 [INFO] Starting AI image generation...
2025-11-20 11:10:51,695 [INFO] Image uploaded to generated/latest_island.png
2025-11-20 11:10:51,886 [INFO] Firestore updated
2025-11-20 11:10:51,887 [INFO] TIMING | Generation: 12.05s | Total: 13.79s
2025-11-20 11:12:12,041 [INFO] Sketch downloaded from drawings/drawing.png
2025-11-20 11:12:12,062 [INFO] Matched Island ID: 16 (similarity: 0.370)
2025-11-20 11:12:12,107 [INFO] Request: Island 16, Main Category 'nature'
2025-11-20 11:12:12,108 [INFO] Starting AI image generation...
2025-11-20 11:12:27,759 [INFO] Image uploaded to generated/latest_island.png
2025-11-20 11:12:28,996 [ERROR] Generation failed after 16.90s: 400 Document 'projects/ai-art-h2/databases/(default)/documents/config/current_task' cannot be written because its size (1,207,981 bytes) exceeds the maximum allowed size of 1,048,576 bytes.
Traceback (most recent call last):
  File "C:\Users\devel\Desktop\Final\AI-ART\server.py", line 374, in generate_image
    db.collection("config").document("current_task").set(update_data, merge=True)
  File "C:\Users\devel\Desktop\Final\AI-ART\.venv\lib\site-packages\google\cloud\firestore_v1\document.py", line 167, in set
    write_results = batch.commit(**kwargs)
  File "C:\Users\devel\Desktop\Final\AI-ART\.venv\lib\site-packages\google\cloud\firestore_v1\batch.py", line 61, in commit
    commit_response = self._client._firestore_api.commit(
  File "C:\Users\devel\Desktop\Final\AI-ART\.venv\lib\site-packages\google\cloud\firestore_v1\services\firestore\client.py", line 1431, in commit
    response = rpc(
  File "C:\Users\devel\Desktop\Final\AI-ART\.venv\lib\site-packages\google\api_core\gapic_v1\method.py", line 131, in __call__
    return wrapped_func(*args, **kwargs)
  File "C:\Users\devel\Desktop\Final\AI-ART\.venv\lib\site-packages\google\api_core\retry\retry_unary.py", line 294, in retry_wrapped_func
    return retry_target(
  File "C:\Users\devel\Desktop\Final\AI-ART\.venv\lib\site-packages\google\api_core\retry\retry_unary.py", line 156, in retry_target
    next_sleep = _retry_error_helper(
  File "C:\Users\devel\Desktop\Final\AI-ART\.venv\lib\site-packages\google\api_core\retry\retry_base.py", line 214, in _retry_error_helper
    raise final_exc from source_exc
  File "C:\Users\devel\Desktop\Final\AI-ART\.venv\lib\site-packages\google\api_core\retry\retry_unary.py", line 147, in retry_target
    result = target()
  File "C:\Users\devel\Desktop\Final\AI-ART\.venv\lib\site-packages\google\api_core\timeout.py", line 130, in func_with_timeout
    return func(*args, **kwargs)
  File "C:\Users\devel\Desktop\Final\AI-ART\.venv\lib\site-packages\google\api_core\grpc_helpers.py", line 77, in error_remapped_callable
    raise exceptions.from_grpc_error(exc) from exc
google.api_core.exceptions.InvalidArgument: 400 Document 'projects/ai-art-h2/databases/(default)/documents/config/current_task' cannot be written because its size (1,207,981 bytes) exceeds the maximum allowed size of 1,048,576 bytes.
2025-11-20 11:19:18,597 [INFO] Sketch downloaded from drawings/drawing.png
2025-11-20 11:19:18,622 [INFO] Matched Island ID: 26 (similarity: 0.449)
2025-11-20 11:19:18,688 [INFO] Request: Island 26, Main Category 'nature'
2025-11-20 11:19:18,689 [INFO] Starting AI image generation...
2025-11-20 11:19:34,355 [INFO] Image uploaded to generated/latest_island.png
2025-11-20 11:19:34,510 [INFO] Firestore updated
2025-11-20 11:19:34,529 [INFO] TIMING | Generation: 14.12s | Total: 15.84s
2025-11-20 11:22:39,644 [INFO] Sketch downloaded from drawings/drawing.png
2025-11-20 11:22:39,677 [INFO] Matched Island ID: 16 (similarity: 0.352)
2025-11-20 11:22:39,766 [INFO] Request: Island 16, Main Category 'nature'
2025-11-20 11:22:39,767 [INFO] Starting AI image generation...
2025-11-20 11:22:51,478 [INFO] Image uploaded to generated/latest_island.png
2025-11-20 11:22:51,569 [ERROR] Generation failed after 11.81s: 400 Property sketch_json contains an invalid nested entity.
Traceback (most recent call last):
  File "C:\Users\devel\Desktop\Final\AI-ART\server.py", line 374, in generate_image
    db.collection("config").document("current_task").set(update_data, merge=True)
  File "C:\Users\devel\Desktop\Final\AI-ART\.venv\lib\site-packages\google\cloud\firestore_v1\document.py", line 167, in set
    write_results = batch.commit(**kwargs)
  File "C:\Users\devel\Desktop\Final\AI-ART\.venv\lib\site-packages\google\cloud\firestore_v1\batch.py", line 61, in commit
    commit_response = self._client._firestore_api.commit(
  File "C:\Users\devel\Desktop\Final\AI-ART\.venv\lib\site-packages\google\cloud\firestore_v1\services\firestore\client.py", line 1431, in commit
    response = rpc(
  File "C:\Users\devel\Desktop\Final\AI-ART\.venv\lib\site-packages\google\api_core\gapic_v1\method.py", line 131, in __call__
    return wrapped_func(*args, **kwargs)
  File "C:\Users\devel\Desktop\Final\AI-ART\.venv\lib\site-packages\google\api_core\retry\retry_unary.py", line 294, in retry_wrapped_func
    return retry_target(
  File "C:\Users\devel\Desktop\Final\AI-ART\.venv\lib\site-packages\google\api_core\retry\retry_unary.py", line 156, in retry_target
    next_sleep = _retry_error_helper(
  File "C:\Users\devel\Desktop\Final\AI-ART\.venv\lib\site-packages\google\api_core\retry\retry_base.py", line 214, in _retry_error_helper
    raise final_exc from source_exc
  File "C:\Users\devel\Desktop\Final\AI-ART\.venv\lib\site-packages\google\api_core\retry\retry_unary.py", line 147, in retry_target
    result = target()
  File "C:\Users\devel\Desktop\Final\AI-ART\.venv\lib\site-packages\google\api_core\timeout.py", line 130, in func_with_timeout
    return func(*args, **kwargs)
  File "C:\Users\devel\Desktop\Final\AI-ART\.venv\lib\site-packages\google\api_core\grpc_helpers.py", line 77, in error_remapped_callable
    raise exceptions.from_grpc_error(exc) from exc
google.api_core.exceptions.InvalidArgument: 400 Property sketch_json contains an invalid nested entity.
2025-11-20 11:23:40,698 [INFO] Sketch downloaded from drawings/drawing.png
2025-11-20 11:23:40,728 [INFO] Matched Island ID: 44 (similarity: 0.290)
2025-11-20 11:23:40,767 [INFO] Request: Island 44, Main Category 'nature'
2025-11-20 11:23:40,768 [INFO] Starting AI image generation...
2025-11-20 11:23:54,467 [INFO] Image uploaded to generated/latest_island.png
2025-11-20 11:23:54,508 [INFO] Firestore updated
2025-11-20 11:23:54,509 [INFO] TIMING | Generation: 12.07s | Total: 13.74s
2025-11-20 11:30:03,181 [INFO] Sketch downloaded from drawings/drawing.png
2025-11-20 11:30:03,213 [INFO] Matched Island ID: 16 (similarity: 0.284)
2025-11-20 11:30:03,257 [INFO] Request: Island 16, Main Category 'nature'
2025-11-20 11:30:03,259 [INFO] Starting AI image generation...
2025-11-20 11:30:16,841 [INFO] Image uploaded to generated/latest_island.png
2025-11-20 11:30:16,982 [ERROR] Generation failed after 13.73s: 400 Property sketch_json contains an invalid nested entity.
Traceback (most recent call last):
  File "C:\Users\devel\Desktop\Final\AI-ART\server.py", line 374, in generate_image
    db.collection("config").document("current_task").set(update_data, merge=True)
  File "C:\Users\devel\Desktop\Final\AI-ART\.venv\lib\site-packages\google\cloud\firestore_v1\document.py", line 167, in set
    write_results = batch.commit(**kwargs)
  File "C:\Users\devel\Desktop\Final\AI-ART\.venv\lib\site-packages\google\cloud\firestore_v1\batch.py", line 61, in commit
    commit_response = self._client._firestore_api.commit(
  File "C:\Users\devel\Desktop\Final\AI-ART\.venv\lib\site-packages\google\cloud\firestore_v1\services\firestore\client.py", line 1431, in commit
    response = rpc(
  File "C:\Users\devel\Desktop\Final\AI-ART\.venv\lib\site-packages\google\api_core\gapic_v1\method.py", line 131, in __call__
    return wrapped_func(*args, **kwargs)
  File "C:\Users\devel\Desktop\Final\AI-ART\.venv\lib\site-packages\google\api_core\retry\retry_unary.py", line 294, in retry_wrapped_func
    return retry_target(
  File "C:\Users\devel\Desktop\Final\AI-ART\.venv\lib\site-packages\google\api_core\retry\retry_unary.py", line 156, in retry_target
    next_sleep = _retry_error_helper(
  File "C:\Users\devel\Desktop\Final\AI-ART\.venv\lib\site-packages\google\api_core\retry\retry_base.py", line 214, in _retry_error_helper
    raise final_exc from source_exc
  File "C:\Users\devel\Desktop\Final\AI-ART\.venv\lib\site-packages\google\api_core\retry\retry_unary.py", line 147, in retry_target
    result = target()
  File "C:\Users\devel\Desktop\Final\AI-ART\.venv\lib\site-packages\google\api_core\timeout.py", line 130, in func_with_timeout
    return func(*args, **kwargs)
  File "C:\Users\devel\Desktop\Final\AI-ART\.venv\lib\site-packages\google\api_core\grpc_helpers.py", line 77, in error_remapped_callable
    raise exceptions.from_grpc_error(exc) from exc
google.api_core.exceptions.InvalidArgument: 400 Property sketch_json contains an invalid nested entity.
2025-11-20 11:32:57,082 [INFO] Sketch downloaded from drawings/drawing.png
2025-11-20 11:32:57,112 [INFO] Matched Island ID: 16 (similarity: 0.284)
2025-11-20 11:32:57,155 [INFO] Request: Island 16, Main Category 'nature'
2025-11-20 11:32:57,156 [INFO] Starting AI image generation...
2025-11-20 11:33:12,166 [INFO] Image uploaded to generated/latest_island.png
2025-11-20 11:33:12,318 [INFO] Firestore updated
2025-11-20 11:33:12,319 [INFO] TIMING | Generation: 14.05s | Total: 15.16s
2025-11-20 11:34:30,045 [INFO] Sketch downloaded from drawings/drawing.png
2025-11-20 11:34:30,074 [INFO] Matched Island ID: 112 (similarity: 0.348)
2025-11-20 11:34:30,119 [INFO] Request: Island 112, Main Category 'nature'
2025-11-20 11:34:30,120 [INFO] Starting AI image generation...
2025-11-20 11:34:43,739 [INFO] Image uploaded to generated/latest_island.png
2025-11-20 11:34:43,958 [INFO] Firestore updated
2025-11-20 11:34:43,959 [INFO] TIMING | Generation: 12.06s | Total: 13.84s
2025-11-20 11:35:47,409 [INFO] Sketch downloaded from drawings/drawing.png
2025-11-20 11:35:47,468 [INFO] Matched Island ID: 16 (similarity: 0.331)
2025-11-20 11:35:47,517 [INFO] Request: Island 16, Main Category 'nature'
2025-11-20 11:35:47,519 [INFO] Starting AI image generation...
2025-11-20 11:36:02,537 [INFO] Image uploaded to generated/latest_island.png
2025-11-20 11:36:02,703 [INFO] Firestore updated
2025-11-20 11:36:02,704 [INFO] TIMING | Generation: 14.05s | Total: 15.19s
2025-11-20 11:37:15,846 [INFO] Sketch downloaded from drawings/drawing.png
2025-11-20 11:37:15,935 [INFO] Matched Island ID: 16 (similarity: 0.371)
2025-11-20 11:37:15,996 [INFO] Request: Island 16, Main Category 'nature'
2025-11-20 11:37:15,997 [INFO] Starting AI image generation...
2025-11-20 11:37:29,590 [INFO] Image uploaded to generated/latest_island.png
2025-11-20 11:37:32,275 [ERROR] Generation failed after 16.29s: 400 Document 'projects/ai-art-h2/databases/(default)/documents/config/current_task' cannot be written because its size (1,274,215 bytes) exceeds the maximum allowed size of 1,048,576 bytes.
Traceback (most recent call last):
  File "C:\Users\devel\Desktop\Final\AI-ART\server.py", line 374, in generate_image
    db.collection("config").document("current_task").set(update_data, merge=True)
  File "C:\Users\devel\Desktop\Final\AI-ART\.venv\lib\site-packages\google\cloud\firestore_v1\document.py", line 167, in set
    write_results = batch.commit(**kwargs)
  File "C:\Users\devel\Desktop\Final\AI-ART\.venv\lib\site-packages\google\cloud\firestore_v1\batch.py", line 61, in commit
    commit_response = self._client._firestore_api.commit(
  File "C:\Users\devel\Desktop\Final\AI-ART\.venv\lib\site-packages\google\cloud\firestore_v1\services\firestore\client.py", line 1431, in commit
    response = rpc(
  File "C:\Users\devel\Desktop\Final\AI-ART\.venv\lib\site-packages\google\api_core\gapic_v1\method.py", line 131, in __call__
    return wrapped_func(*args, **kwargs)
  File "C:\Users\devel\Desktop\Final\AI-ART\.venv\lib\site-packages\google\api_core\retry\retry_unary.py", line 294, in retry_wrapped_func
    return retry_target(
  File "C:\Users\devel\Desktop\Final\AI-ART\.venv\lib\site-packages\google\api_core\retry\retry_unary.py", line 156, in retry_target
    next_sleep = _retry_error_helper(
  File "C:\Users\devel\Desktop\Final\AI-ART\.venv\lib\site-packages\google\api_core\retry\retry_base.py", line 214, in _retry_error_helper
    raise final_exc from source_exc
  File "C:\Users\devel\Desktop\Final\AI-ART\.venv\lib\site-packages\google\api_core\retry\retry_unary.py", line 147, in retry_target
    result = target()
  File "C:\Users\devel\Desktop\Final\AI-ART\.venv\lib\site-packages\google\api_core\timeout.py", line 130, in func_with_timeout
    return func(*args, **kwargs)
  File "C:\Users\devel\Desktop\Final\AI-ART\.venv\lib\site-packages\google\api_core\grpc_helpers.py", line 77, in error_remapped_callable
    raise exceptions.from_grpc_error(exc) from exc
google.api_core.exceptions.InvalidArgument: 400 Document 'projects/ai-art-h2/databases/(default)/documents/config/current_task' cannot be written because its size (1,274,215 bytes) exceeds the maximum allowed size of 1,048,576 bytes.
2025-11-20 11:38:18,706 [INFO] Sketch downloaded from drawings/drawing.png
2025-11-20 11:38:18,835 [INFO] Matched Island ID: 16 (similarity: 0.371)
2025-11-20 11:38:18,958 [INFO] Request: Island 16, Main Category 'nature'
2025-11-20 11:38:18,960 [INFO] Starting AI image generation...
2025-11-20 11:38:32,577 [INFO] Image uploaded to generated/latest_island.png
2025-11-20 11:38:37,810 [ERROR] Generation failed after 18.90s: 400 Document 'projects/ai-art-h2/databases/(default)/documents/config/current_task' cannot be written because its size (1,894,916 bytes) exceeds the maximum allowed size of 1,048,576 bytes.
Traceback (most recent call last):
  File "C:\Users\devel\Desktop\Final\AI-ART\server.py", line 374, in generate_image
    db.collection("config").document("current_task").set(update_data, merge=True)
  File "C:\Users\devel\Desktop\Final\AI-ART\.venv\lib\site-packages\google\cloud\firestore_v1\document.py", line 167, in set
    write_results = batch.commit(**kwargs)
  File "C:\Users\devel\Desktop\Final\AI-ART\.venv\lib\site-packages\google\cloud\firestore_v1\batch.py", line 61, in commit
    commit_response = self._client._firestore_api.commit(
  File "C:\Users\devel\Desktop\Final\AI-ART\.venv\lib\site-packages\google\cloud\firestore_v1\services\firestore\client.py", line 1431, in commit
    response = rpc(
  File "C:\Users\devel\Desktop\Final\AI-ART\.venv\lib\site-packages\google\api_core\gapic_v1\method.py", line 131, in __call__
    return wrapped_func(*args, **kwargs)
  File "C:\Users\devel\Desktop\Final\AI-ART\.venv\lib\site-packages\google\api_core\retry\retry_unary.py", line 294, in retry_wrapped_func
    return retry_target(
  File "C:\Users\devel\Desktop\Final\AI-ART\.venv\lib\site-packages\google\api_core\retry\retry_unary.py", line 156, in retry_target
    next_sleep = _retry_error_helper(
  File "C:\Users\devel\Desktop\Final\AI-ART\.venv\lib\site-packages\google\api_core\retry\retry_base.py", line 214, in _retry_error_helper
    raise final_exc from source_exc
  File "C:\Users\devel\Desktop\Final\AI-ART\.venv\lib\site-packages\google\api_core\retry\retry_unary.py", line 147, in retry_target
    result = target()
  File "C:\Users\devel\Desktop\Final\AI-ART\.venv\lib\site-packages\google\api_core\timeout.py", line 130, in func_with_timeout
    return func(*args, **kwargs)
  File "C:\Users\devel\Desktop\Final\AI-ART\.venv\lib\site-packages\google\api_core\grpc_helpers.py", line 77, in error_remapped_callable
    raise exceptions.from_grpc_error(exc) from exc
google.api_core.exceptions.InvalidArgument: 400 Document 'projects/ai-art-h2/databases/(default)/documents/config/current_task' cannot be written because its size (1,894,916 bytes) exceeds the maximum allowed size of 1,048,576 bytes.
2025-11-20 11:43:34,046 [INFO] Sketch downloaded from drawings/drawing.png
2025-11-20 11:43:34,137 [INFO] Matched Island ID: 16 (similarity: 0.371)
2025-11-20 11:43:34,207 [INFO] Request: Island 16, Main Category 'nature'
2025-11-20 11:43:34,209 [INFO] Starting AI image generation...
2025-11-20 11:43:47,822 [INFO] Image uploaded to generated/latest_island.png
2025-11-20 11:43:48,701 [ERROR] Generation failed after 14.49s: 400 too many index entries for entity /config/current_task [reason: "INDEX_ENTRIES_COUNT_LIMIT_EXCEEDED"
domain: "firestore.googleapis.com"
metadata {
  key: "docPath"
  value: "/config/current_task"
}
]
Traceback (most recent call last):
  File "C:\Users\devel\Desktop\Final\AI-ART\server.py", line 374, in generate_image
    db.collection("config").document("current_task").set(update_data, merge=True)
  File "C:\Users\devel\Desktop\Final\AI-ART\.venv\lib\site-packages\google\cloud\firestore_v1\document.py", line 167, in set
    write_results = batch.commit(**kwargs)
  File "C:\Users\devel\Desktop\Final\AI-ART\.venv\lib\site-packages\google\cloud\firestore_v1\batch.py", line 61, in commit
    commit_response = self._client._firestore_api.commit(
  File "C:\Users\devel\Desktop\Final\AI-ART\.venv\lib\site-packages\google\cloud\firestore_v1\services\firestore\client.py", line 1431, in commit
    response = rpc(
  File "C:\Users\devel\Desktop\Final\AI-ART\.venv\lib\site-packages\google\api_core\gapic_v1\method.py", line 131, in __call__
    return wrapped_func(*args, **kwargs)
  File "C:\Users\devel\Desktop\Final\AI-ART\.venv\lib\site-packages\google\api_core\retry\retry_unary.py", line 294, in retry_wrapped_func
    return retry_target(
  File "C:\Users\devel\Desktop\Final\AI-ART\.venv\lib\site-packages\google\api_core\retry\retry_unary.py", line 156, in retry_target
    next_sleep = _retry_error_helper(
  File "C:\Users\devel\Desktop\Final\AI-ART\.venv\lib\site-packages\google\api_core\retry\retry_base.py", line 214, in _retry_error_helper
    raise final_exc from source_exc
  File "C:\Users\devel\Desktop\Final\AI-ART\.venv\lib\site-packages\google\api_core\retry\retry_unary.py", line 147, in retry_target
    result = target()
  File "C:\Users\devel\Desktop\Final\AI-ART\.venv\lib\site-packages\google\api_core\timeout.py", line 130, in func_with_timeout
    return func(*args, **kwargs)
  File "C:\Users\devel\Desktop\Final\AI-ART\.venv\lib\site-packages\google\api_core\grpc_helpers.py", line 77, in error_remapped_callable
    raise exceptions.from_grpc_error(exc) from exc
google.api_core.exceptions.InvalidArgument: 400 too many index entries for entity /config/current_task [reason: "INDEX_ENTRIES_COUNT_LIMIT_EXCEEDED"
domain: "firestore.googleapis.com"
metadata {
  key: "docPath"
  value: "/config/current_task"
}
]
2025-11-20 11:45:40,913 [INFO] Sketch downloaded from drawings/drawing.png
2025-11-20 11:45:40,942 [INFO] Matched Island ID: 16 (similarity: 0.371)
2025-11-20 11:45:41,024 [INFO] Request: Island 16, Main Category 'nature'
2025-11-20 11:45:41,026 [INFO] Starting AI image generation...
2025-11-20 11:45:58,683 [INFO] Image uploaded to generated/latest_island.png
2025-11-20 11:45:59,584 [ERROR] Generation failed after 18.56s: 400 too many index entries for entity /config/current_task [reason: "INDEX_ENTRIES_COUNT_LIMIT_EXCEEDED"
domain: "firestore.googleapis.com"
metadata {
  key: "docPath"
  value: "/config/current_task"
}
]
Traceback (most recent call last):
  File "C:\Users\devel\Desktop\Final\AI-ART\server.py", line 374, in generate_image
    db.collection("config").document("current_task").set(update_data, merge=True)
  File "C:\Users\devel\Desktop\Final\AI-ART\.venv\lib\site-packages\google\cloud\firestore_v1\document.py", line 167, in set
    write_results = batch.commit(**kwargs)
  File "C:\Users\devel\Desktop\Final\AI-ART\.venv\lib\site-packages\google\cloud\firestore_v1\batch.py", line 61, in commit
    commit_response = self._client._firestore_api.commit(
  File "C:\Users\devel\Desktop\Final\AI-ART\.venv\lib\site-packages\google\cloud\firestore_v1\services\firestore\client.py", line 1431, in commit
    response = rpc(
  File "C:\Users\devel\Desktop\Final\AI-ART\.venv\lib\site-packages\google\api_core\gapic_v1\method.py", line 131, in __call__
    return wrapped_func(*args, **kwargs)
  File "C:\Users\devel\Desktop\Final\AI-ART\.venv\lib\site-packages\google\api_core\retry\retry_unary.py", line 294, in retry_wrapped_func
    return retry_target(
  File "C:\Users\devel\Desktop\Final\AI-ART\.venv\lib\site-packages\google\api_core\retry\retry_unary.py", line 156, in retry_target
    next_sleep = _retry_error_helper(
  File "C:\Users\devel\Desktop\Final\AI-ART\.venv\lib\site-packages\google\api_core\retry\retry_base.py", line 214, in _retry_error_helper
    raise final_exc from source_exc
  File "C:\Users\devel\Desktop\Final\AI-ART\.venv\lib\site-packages\google\api_core\retry\retry_unary.py", line 147, in retry_target
    result = target()
  File "C:\Users\devel\Desktop\Final\AI-ART\.venv\lib\site-packages\google\api_core\timeout.py", line 130, in func_with_timeout
    return func(*args, **kwargs)
  File "C:\Users\devel\Desktop\Final\AI-ART\.venv\lib\site-packages\google\api_core\grpc_helpers.py", line 77, in error_remapped_callable
    raise exceptions.from_grpc_error(exc) from exc
google.api_core.exceptions.InvalidArgument: 400 too many index entries for entity /config/current_task [reason: "INDEX_ENTRIES_COUNT_LIMIT_EXCEEDED"
domain: "firestore.googleapis.com"
metadata {
  key: "docPath"
  value: "/config/current_task"
}
]
2025-11-20 11:48:33,411 [INFO] Sketch downloaded from drawings/drawing.png
2025-11-20 11:48:33,510 [INFO] Matched Island ID: 16 (similarity: 0.371)
2025-11-20 11:48:33,610 [INFO] Request: Island 16, Main Category 'nature'
2025-11-20 11:48:33,611 [INFO] Starting AI image generation...
2025-11-20 11:48:47,225 [INFO] Image uploaded to generated/latest_island.png
2025-11-20 11:48:52,343 [ERROR] Generation failed after 18.78s: 400 Document 'projects/ai-art-h2/databases/(default)/documents/config/current_task' cannot be written because its size (1,894,916 bytes) exceeds the maximum allowed size of 1,048,576 bytes.
Traceback (most recent call last):
  File "C:\Users\devel\Desktop\Final\AI-ART\server.py", line 374, in generate_image
    db.collection("config").document("current_task").set(update_data, merge=True)
  File "C:\Users\devel\Desktop\Final\AI-ART\.venv\lib\site-packages\google\cloud\firestore_v1\document.py", line 167, in set
    write_results = batch.commit(**kwargs)
  File "C:\Users\devel\Desktop\Final\AI-ART\.venv\lib\site-packages\google\cloud\firestore_v1\batch.py", line 61, in commit
    commit_response = self._client._firestore_api.commit(
  File "C:\Users\devel\Desktop\Final\AI-ART\.venv\lib\site-packages\google\cloud\firestore_v1\services\firestore\client.py", line 1431, in commit
    response = rpc(
  File "C:\Users\devel\Desktop\Final\AI-ART\.venv\lib\site-packages\google\api_core\gapic_v1\method.py", line 131, in __call__
    return wrapped_func(*args, **kwargs)
  File "C:\Users\devel\Desktop\Final\AI-ART\.venv\lib\site-packages\google\api_core\retry\retry_unary.py", line 294, in retry_wrapped_func
    return retry_target(
  File "C:\Users\devel\Desktop\Final\AI-ART\.venv\lib\site-packages\google\api_core\retry\retry_unary.py", line 156, in retry_target
    next_sleep = _retry_error_helper(
  File "C:\Users\devel\Desktop\Final\AI-ART\.venv\lib\site-packages\google\api_core\retry\retry_base.py", line 214, in _retry_error_helper
    raise final_exc from source_exc
  File "C:\Users\devel\Desktop\Final\AI-ART\.venv\lib\site-packages\google\api_core\retry\retry_unary.py", line 147, in retry_target
    result = target()
  File "C:\Users\devel\Desktop\Final\AI-ART\.venv\lib\site-packages\google\api_core\timeout.py", line 130, in func_with_timeout
    return func(*args, **kwargs)
  File "C:\Users\devel\Desktop\Final\AI-ART\.venv\lib\site-packages\google\api_core\grpc_helpers.py", line 77, in error_remapped_callable
    raise exceptions.from_grpc_error(exc) from exc
google.api_core.exceptions.InvalidArgument: 400 Document 'projects/ai-art-h2/databases/(default)/documents/config/current_task' cannot be written because its size (1,894,916 bytes) exceeds the maximum allowed size of 1,048,576 bytes.
2025-11-20 11:49:38,120 [INFO] Sketch downloaded from drawings/drawing.png
2025-11-20 11:49:38,149 [INFO] Matched Island ID: 16 (similarity: 0.371)
2025-11-20 11:49:38,214 [INFO] Request: Island 16, Main Category 'nature'
2025-11-20 11:49:38,216 [INFO] Starting AI image generation...
2025-11-20 11:49:51,787 [INFO] Image uploaded to generated/latest_island.png
2025-11-20 11:49:51,889 [INFO] Firestore updated
2025-11-20 11:49:51,891 [INFO] TIMING | Generation: 12.06s | Total: 13.68s
2025-11-20 12:00:32,328 [INFO] Sketch downloaded from drawings/drawing.png
2025-11-20 12:00:32,349 [INFO] Matched Island ID: 320 (similarity: 0.241)
2025-11-20 12:00:32,418 [INFO] Request: Island 320, Main Category 'nature'
2025-11-20 12:00:32,419 [INFO] Starting AI image generation...
2025-11-20 12:00:44,009 [INFO] Image uploaded to generated/latest_island.png
2025-11-20 12:00:44,107 [INFO] Firestore updated
2025-11-20 12:00:44,108 [INFO] TIMING | Generation: 10.04s | Total: 11.69s
2025-11-20 12:01:25,492 [INFO] Firebase initialized
2025-11-20 12:01:32,300 [INFO] IslandRetriever initialized (DB: C:\Users\devel\Desktop\Final\AI-ART\ComfyUI\input\generated_sketches_all)
2025-11-20 12:01:32,419 [INFO] ComfyUI initialized (workflows: ['autumn', 'baekja', 'camellia', 'canola', 'cherry', 'constellation', 'dansaekhwa', 'entertainment', 'fantasy', 'hydragea', 'jage', 'jasu', 'klimt', 'landscape', 'monet', 'origami', 'pollock', 'sinyunbok', 'sumuk', 'traditional', 'vangogh', 'wave', 'winter'])
2025-11-20 12:01:32,422 [INFO] ==================================================
2025-11-20 12:01:32,423 [INFO] Flask AI Server Starting...
2025-11-20 12:01:32,424 [INFO] Storage Path: drawings/drawing.png
2025-11-20 12:01:32,425 [INFO] Port: 23100
2025-11-20 12:01:32,427 [INFO] ==================================================
2025-11-20 12:02:47,944 [INFO] Sketch downloaded from drawings/drawing.png
2025-11-20 12:02:47,976 [INFO] Matched Island ID: 16 (similarity: 0.415)
2025-11-20 12:02:48,052 [INFO] Request: Island 16, Main Category 'nature'
2025-11-20 12:02:48,053 [INFO] Starting AI image generation...
2025-11-20 12:03:09,701 [INFO] Image uploaded to generated/latest_island.png
2025-11-20 12:03:09,821 [INFO] Firestore updated
2025-11-20 12:03:09,823 [INFO] TIMING | Generation: 20.08s | Total: 21.77s
2025-11-20 12:07:15,909 [INFO] Sketch downloaded from drawings/drawing.png
2025-11-20 12:07:15,933 [INFO] Matched Island ID: 16 (similarity: 0.396)
2025-11-20 12:07:15,975 [INFO] Request: Island 16, Main Category 'nature'
2025-11-20 12:07:15,977 [INFO] Starting AI image generation...
2025-11-20 12:07:35,007 [INFO] Image uploaded to generated/latest_island.png
2025-11-20 12:07:35,147 [INFO] Firestore updated
2025-11-20 12:07:35,148 [INFO] TIMING | Generation: 18.06s | Total: 19.17s
2025-11-20 12:13:42,020 [INFO] Request: Island 16, Main Category 'hydragea'
2025-11-20 12:13:42,022 [INFO] Starting AI image generation...
2025-11-20 12:13:57,133 [INFO] Image uploaded to generated/latest_island.png
2025-11-20 12:13:57,245 [INFO] Firestore updated
2025-11-20 12:13:57,246 [INFO] TIMING | Generation: 14.07s | Total: 15.23s
2025-11-20 12:14:21,024 [INFO] Request: Island 16, Main Category 'hydragea'
2025-11-20 12:14:21,025 [INFO] Starting AI image generation...
2025-11-20 12:14:34,210 [INFO] Image uploaded to generated/latest_island.png
2025-11-20 12:14:34,256 [INFO] Firestore updated
2025-11-20 12:14:34,256 [INFO] TIMING | Generation: 12.23s | Total: 13.23s
2025-11-20 12:32:32,490 [INFO] Request: Island 16, Main Category 'hydragea'
2025-11-20 12:32:32,492 [INFO] Starting AI image generation...
2025-11-20 12:32:45,749 [INFO] Image uploaded to generated/latest_island.png
2025-11-20 12:32:45,889 [INFO] Firestore updated
2025-11-20 12:32:45,890 [INFO] TIMING | Generation: 12.19s | Total: 13.40s
2025-11-20 12:33:42,217 [INFO] Sketch downloaded from drawings/drawing.png
2025-11-20 12:33:42,241 [INFO] Matched Island ID: 80 (similarity: 0.366)
2025-11-20 12:33:42,292 [INFO] Request: Island 80, Main Category 'nature'
2025-11-20 12:33:42,294 [INFO] Starting AI image generation...
2025-11-20 12:33:55,927 [INFO] Image uploaded to generated/latest_island.png
2025-11-20 12:33:55,975 [INFO] Firestore updated
2025-11-20 12:33:55,976 [INFO] TIMING | Generation: 12.06s | Total: 13.68s
2025-11-20 12:34:33,701 [INFO] Sketch downloaded from drawings/drawing.png
2025-11-20 12:34:33,728 [INFO] Matched Island ID: 16 (similarity: 0.383)
2025-11-20 12:34:33,763 [INFO] Request: Island 16, Main Category 'nature'
2025-11-20 12:34:33,764 [INFO] Starting AI image generation...
2025-11-20 12:34:47,391 [INFO] Image uploaded to generated/latest_island.png
2025-11-20 12:34:47,446 [INFO] Firestore updated
2025-11-20 12:34:47,447 [INFO] TIMING | Generation: 12.05s | Total: 13.69s
2025-11-20 12:36:36,120 [INFO] Sketch downloaded from drawings/drawing.png
2025-11-20 12:36:36,149 [INFO] Matched Island ID: 16 (similarity: 0.333)
2025-11-20 12:36:36,208 [INFO] Request: Island 16, Main Category 'nature'
2025-11-20 12:36:36,209 [INFO] Starting AI image generation...
2025-11-20 12:36:49,815 [INFO] Image uploaded to generated/latest_island.png
2025-11-20 12:36:49,874 [INFO] Firestore updated
2025-11-20 12:36:49,875 [INFO] TIMING | Generation: 12.06s | Total: 13.67s
2025-11-20 12:39:34,184 [INFO] Sketch downloaded from drawings/drawing.png
2025-11-20 12:39:34,207 [INFO] Matched Island ID: 320 (similarity: 0.364)
2025-11-20 12:39:34,241 [INFO] Request: Island 320, Main Category 'nature'
2025-11-20 12:39:34,243 [INFO] Starting AI image generation...
2025-11-20 12:39:47,889 [INFO] Image uploaded to generated/latest_island.png
2025-11-20 12:39:47,952 [INFO] Firestore updated
2025-11-20 12:39:47,956 [INFO] TIMING | Generation: 12.05s | Total: 13.71s
2025-11-20 12:54:21,785 [INFO] Sketch downloaded from drawings/drawing.png
2025-11-20 12:54:21,814 [INFO] Matched Island ID: 222 (similarity: 0.350)
2025-11-20 12:54:21,912 [INFO] Request: Island 222, Main Category 'nature'
2025-11-20 12:54:21,914 [INFO] Starting AI image generation...
2025-11-20 12:54:33,512 [INFO] Image uploaded to generated/latest_island.png
2025-11-20 12:54:33,624 [INFO] Firestore updated
2025-11-20 12:54:33,625 [INFO] TIMING | Generation: 10.05s | Total: 11.71s
2025-11-20 12:55:07,563 [INFO] Sketch downloaded from drawings/drawing.png
2025-11-20 12:55:07,589 [INFO] Matched Island ID: 222 (similarity: 0.365)
2025-11-20 12:55:07,614 [INFO] Request: Island 222, Main Category 'nature'
2025-11-20 12:55:07,616 [INFO] Starting AI image generation...
2025-11-20 12:55:21,238 [INFO] Image uploaded to generated/latest_island.png
2025-11-20 12:55:21,279 [INFO] Firestore updated
2025-11-20 12:55:21,281 [INFO] TIMING | Generation: 12.05s | Total: 13.67s
2025-11-20 14:03:53,716 [INFO] Timing CSV initialized: ./logs\timing_log.csv
2025-11-20 14:03:53,758 [INFO] Firebase initialized
2025-11-20 14:03:57,653 [INFO] IslandRetriever initialized (DB: C:\Users\devel\Desktop\Final\AI-ART\ComfyUI\input\generated_sketches_all)
2025-11-20 14:03:57,672 [INFO] ComfyUI initialized (workflows: ['autumn', 'baekja', 'camellia', 'canola', 'cherry', 'constellation', 'dansaekhwa', 'entertainment', 'fantasy', 'hydragea', 'jage', 'jasu', 'klimt', 'landscape', 'monet', 'origami', 'pollock', 'sinyunbok', 'sumuk', 'traditional', 'vangogh', 'wave', 'winter'])
2025-11-20 14:03:57,674 [INFO] ==================================================
2025-11-20 14:03:57,675 [INFO] Flask AI Server Starting...
2025-11-20 14:03:57,675 [INFO] Storage Path: drawings/drawing.png
2025-11-20 14:03:57,676 [INFO] Port: 23100
2025-11-20 14:03:57,677 [INFO] ==================================================
2025-11-20 14:04:12,929 [INFO] Sketch downloaded from drawings/drawing.png
2025-11-20 14:04:12,959 [INFO] Matched Island ID: 1 (similarity: 0.317)
2025-11-20 14:04:13,220 [INFO] Request: Island 1, Main Category 'nature'
2025-11-20 14:04:13,221 [INFO] Starting AI image generation...
2025-11-20 14:04:32,296 [INFO] Image uploaded to generated/latest_island.png
2025-11-20 14:04:33,226 [INFO] Firestore updated
2025-11-20 14:04:33,227 [INFO] TIMING | Generation: 18.05s | Total: 20.08s
2025-11-20 14:09:34,753 [INFO] Sketch downloaded from drawings/drawing.png
2025-11-20 14:09:34,780 [INFO] Matched Island ID: 34 (similarity: 0.341)
2025-11-20 14:09:34,963 [INFO] Request: Island 34, Main Category 'art'
2025-11-20 14:09:34,964 [INFO] Starting AI image generation...
2025-11-20 14:09:52,538 [INFO] Image uploaded to generated/latest_island.png
2025-11-20 14:09:52,724 [INFO] Firestore updated
2025-11-20 14:09:52,725 [INFO] TIMING | Generation: 16.07s | Total: 17.79s
2025-11-20 14:15:45,718 [INFO] Sketch downloaded from drawings/drawing.png
2025-11-20 14:15:45,742 [INFO] Matched Island ID: 129 (similarity: 0.323)
2025-11-20 14:15:45,909 [INFO] Request: Island 129, Main Category 'art'
2025-11-20 14:15:45,910 [INFO] Starting AI image generation...
2025-11-20 14:15:58,992 [INFO] Image uploaded to generated/latest_island.png
2025-11-20 14:15:59,108 [INFO] Firestore updated
2025-11-20 14:15:59,109 [INFO] TIMING | Generation: 12.04s | Total: 13.20s
2025-11-20 14:18:10,440 [INFO] Sketch downloaded from drawings/drawing.png
2025-11-20 14:18:10,469 [INFO] Matched Island ID: 325 (similarity: 0.440)
2025-11-20 14:18:10,702 [INFO] Request: Island 325, Main Category 'art'
2025-11-20 14:18:10,702 [INFO] Starting AI image generation...
2025-11-20 14:18:22,215 [INFO] Image uploaded to generated/latest_island.png
2025-11-20 14:18:22,268 [INFO] Firestore updated
2025-11-20 14:18:22,269 [INFO] TIMING | Generation: 10.04s | Total: 11.57s
2025-11-20 14:20:18,553 [INFO] Sketch downloaded from drawings/drawing.png
2025-11-20 14:20:18,579 [INFO] Matched Island ID: 135 (similarity: 0.364)
2025-11-20 14:20:18,768 [INFO] Request: Island 135, Main Category 'art'
2025-11-20 14:20:18,769 [INFO] Starting AI image generation...
2025-11-20 14:20:50,413 [INFO] Image uploaded to generated/latest_island.png
2025-11-20 14:20:50,445 [INFO] Firestore updated
2025-11-20 14:20:50,446 [INFO] TIMING | Generation: 30.08s | Total: 31.68s
2025-11-20 14:21:34,713 [INFO] Sketch downloaded from drawings/drawing.png
2025-11-20 14:21:34,740 [INFO] Matched Island ID: 330 (similarity: 0.492)
2025-11-20 14:21:34,831 [INFO] Request: Island 330, Main Category 'art'
2025-11-20 14:21:34,833 [INFO] Starting AI image generation...
2025-11-20 14:21:52,447 [INFO] Image uploaded to generated/latest_island.png
2025-11-20 14:21:52,491 [INFO] Firestore updated
2025-11-20 14:21:52,492 [INFO] TIMING | Generation: 16.06s | Total: 17.66s
2025-11-20 14:24:16,644 [INFO] Sketch downloaded from drawings/drawing.png
2025-11-20 14:24:16,670 [INFO] Matched Island ID: 65 (similarity: 0.365)
2025-11-20 14:24:16,787 [INFO] Request: Island 65, Main Category 'art'
2025-11-20 14:24:16,788 [INFO] Starting AI image generation...
2025-11-20 14:24:30,354 [INFO] Image uploaded to generated/latest_island.png
2025-11-20 14:24:30,401 [INFO] Firestore updated
2025-11-20 14:24:30,402 [INFO] TIMING | Generation: 12.05s | Total: 13.61s
2025-11-20 14:24:48,344 [INFO] Sketch downloaded from drawings/drawing.png
2025-11-20 14:24:48,370 [INFO] Matched Island ID: 141 (similarity: 0.376)
2025-11-20 14:24:48,533 [INFO] Request: Island 141, Main Category 'art'
2025-11-20 14:24:48,533 [INFO] Starting AI image generation...
2025-11-20 14:24:58,015 [INFO] Image uploaded to generated/latest_island.png
2025-11-20 14:24:58,061 [INFO] Firestore updated
2025-11-20 14:24:58,063 [INFO] TIMING | Generation: 8.04s | Total: 9.53s
2025-11-20 14:28:12,733 [INFO] Sketch downloaded from drawings/drawing.png
2025-11-20 14:28:12,760 [INFO] Matched Island ID: 320 (similarity: 0.326)
2025-11-20 14:28:12,972 [INFO] Request: Island 320, Main Category 'art'
2025-11-20 14:28:12,973 [INFO] Starting AI image generation...
2025-11-20 14:28:25,894 [INFO] Image uploaded to generated/latest_island.png
2025-11-20 14:28:25,930 [INFO] Firestore updated
2025-11-20 14:28:25,931 [INFO] TIMING | Generation: 12.04s | Total: 12.96s
2025-11-20 14:30:24,622 [INFO] Sketch downloaded from drawings/drawing.png
2025-11-20 14:30:24,647 [INFO] Matched Island ID: 135 (similarity: 0.406)
2025-11-20 14:30:24,839 [INFO] Request: Island 135, Main Category 'art'
2025-11-20 14:30:24,841 [INFO] Starting AI image generation...
2025-11-20 14:30:35,811 [INFO] Image uploaded to generated/latest_island.png
2025-11-20 14:30:35,851 [INFO] Firestore updated
2025-11-20 14:30:35,852 [INFO] TIMING | Generation: 10.03s | Total: 11.01s
2025-11-20 14:31:30,354 [INFO] Sketch downloaded from drawings/drawing.png
2025-11-20 14:31:30,372 [INFO] Matched Island ID: 81 (similarity: 0.327)
2025-11-20 14:31:30,551 [INFO] Request: Island 81, Main Category 'art'
2025-11-20 14:31:30,552 [INFO] Starting AI image generation...
2025-11-20 14:31:42,084 [INFO] Image uploaded to generated/latest_island.png
2025-11-20 14:31:42,125 [INFO] Firestore updated
2025-11-20 14:31:42,126 [INFO] TIMING | Generation: 10.04s | Total: 11.57s
2025-11-20 14:32:15,270 [INFO] Sketch downloaded from drawings/drawing.png
2025-11-20 14:32:15,298 [INFO] Matched Island ID: 342 (similarity: 0.303)
2025-11-20 14:32:15,508 [INFO] Request: Island 342, Main Category 'art'
2025-11-20 14:32:15,509 [INFO] Starting AI image generation...
2025-11-20 14:32:27,088 [INFO] Image uploaded to generated/latest_island.png
2025-11-20 14:32:27,129 [INFO] Firestore updated
2025-11-20 14:32:27,130 [INFO] TIMING | Generation: 10.04s | Total: 11.62s
2025-11-20 14:33:27,270 [INFO] Sketch downloaded from drawings/drawing.png
2025-11-20 14:33:27,300 [INFO] Matched Island ID: 350 (similarity: 0.288)
2025-11-20 14:33:27,478 [INFO] Request: Island 350, Main Category 'art'
2025-11-20 14:33:27,478 [INFO] Starting AI image generation...
2025-11-20 14:33:41,165 [INFO] Image uploaded to generated/latest_island.png
2025-11-20 14:33:41,220 [INFO] Firestore updated
2025-11-20 14:33:41,221 [INFO] TIMING | Generation: 12.05s | Total: 13.74s
2025-11-20 14:36:07,203 [INFO] Sketch downloaded from drawings/drawing.png
2025-11-20 14:36:07,222 [INFO] Matched Island ID: 168 (similarity: 0.460)
2025-11-20 14:36:07,324 [INFO] Request: Island 168, Main Category 'art'
2025-11-20 14:36:07,325 [INFO] Starting AI image generation...
2025-11-20 14:36:21,002 [INFO] Image uploaded to generated/latest_island.png
2025-11-20 14:36:21,053 [INFO] Firestore updated
2025-11-20 14:36:21,058 [INFO] TIMING | Generation: 12.05s | Total: 13.73s
2025-11-20 14:37:39,545 [INFO] Sketch downloaded from drawings/drawing.png
2025-11-20 14:37:39,572 [INFO] Matched Island ID: 364 (similarity: 0.355)
2025-11-20 14:37:39,786 [INFO] Request: Island 364, Main Category 'art'
2025-11-20 14:37:39,787 [INFO] Starting AI image generation...
2025-11-20 14:38:11,966 [INFO] Image uploaded to generated/latest_island.png
2025-11-20 14:38:12,009 [INFO] Firestore updated
2025-11-20 14:38:12,014 [INFO] TIMING | Generation: 30.07s | Total: 32.23s
2025-11-20 14:38:32,891 [INFO] Sketch downloaded from drawings/drawing.png
2025-11-20 14:38:32,918 [INFO] Matched Island ID: 135 (similarity: 0.384)
2025-11-20 14:38:33,046 [INFO] Request: Island 135, Main Category 'art'
2025-11-20 14:38:33,047 [INFO] Starting AI image generation...
2025-11-20 14:38:48,690 [INFO] Image uploaded to generated/latest_island.png
2025-11-20 14:38:48,747 [INFO] Firestore updated
2025-11-20 14:38:48,748 [INFO] TIMING | Generation: 14.04s | Total: 15.70s
2025-11-20 14:41:04,715 [INFO] Sketch downloaded from drawings/drawing.png
2025-11-20 14:41:04,743 [INFO] Matched Island ID: 60 (similarity: 0.448)
2025-11-20 14:41:04,876 [INFO] Request: Island 60, Main Category 'art'
2025-11-20 14:41:04,876 [INFO] Starting AI image generation...
2025-11-20 14:41:18,520 [INFO] Image uploaded to generated/latest_island.png
2025-11-20 14:41:18,570 [INFO] Firestore updated
2025-11-20 14:41:18,571 [INFO] TIMING | Generation: 12.05s | Total: 13.70s
2025-11-20 14:41:29,878 [INFO] Sketch downloaded from drawings/drawing.png
2025-11-20 14:41:29,906 [INFO] Matched Island ID: 4 (similarity: 0.239)
2025-11-20 14:41:30,057 [INFO] Request: Island 4, Main Category 'art'
2025-11-20 14:41:30,058 [INFO] Starting AI image generation...
2025-11-20 14:42:01,845 [INFO] Image uploaded to generated/latest_island.png
2025-11-20 14:42:01,892 [INFO] Firestore updated
2025-11-20 14:42:01,893 [INFO] TIMING | Generation: 30.15s | Total: 31.84s
2025-11-20 14:42:27,817 [INFO] Sketch downloaded from drawings/drawing.png
2025-11-20 14:42:27,845 [INFO] Matched Island ID: 193 (similarity: 0.333)
2025-11-20 14:42:28,052 [INFO] Request: Island 193, Main Category 'art'
2025-11-20 14:42:28,053 [INFO] Starting AI image generation...
2025-11-20 14:42:45,958 [INFO] Image uploaded to generated/latest_island.png
2025-11-20 14:42:46,002 [INFO] Firestore updated
2025-11-20 14:42:46,003 [INFO] TIMING | Generation: 16.26s | Total: 17.95s
2025-11-20 14:46:29,088 [INFO] Sketch downloaded from drawings/drawing.png
2025-11-20 14:46:29,119 [INFO] Matched Island ID: 61 (similarity: 0.251)
2025-11-20 14:46:29,300 [INFO] Request: Island 61, Main Category 'art'
2025-11-20 14:46:29,301 [INFO] Starting AI image generation...
2025-11-20 14:46:44,974 [INFO] Image uploaded to generated/latest_island.png
2025-11-20 14:46:45,015 [INFO] Firestore updated
2025-11-20 14:46:45,016 [INFO] TIMING | Generation: 14.10s | Total: 15.72s
2025-11-20 14:47:16,251 [INFO] Sketch downloaded from drawings/drawing.png
2025-11-20 14:47:16,271 [INFO] Matched Island ID: 141 (similarity: 0.244)
2025-11-20 14:47:16,372 [INFO] Request: Island 141, Main Category 'art'
2025-11-20 14:47:16,373 [INFO] Starting AI image generation...
2025-11-20 14:47:28,462 [INFO] Image uploaded to generated/latest_island.png
2025-11-20 14:47:28,493 [INFO] Firestore updated
2025-11-20 14:47:28,498 [INFO] TIMING | Generation: 10.06s | Total: 12.13s
2025-11-20 14:49:18,703 [INFO] Sketch downloaded from drawings/drawing.png
2025-11-20 14:49:18,727 [INFO] Matched Island ID: 359 (similarity: 0.347)
2025-11-20 14:49:18,943 [INFO] Request: Island 359, Main Category 'art'
2025-11-20 14:49:18,945 [INFO] Starting AI image generation...
2025-11-20 14:49:34,548 [INFO] Image uploaded to generated/latest_island.png
2025-11-20 14:49:34,587 [INFO] Firestore updated
2025-11-20 14:49:34,588 [INFO] TIMING | Generation: 14.05s | Total: 15.65s
2025-11-20 14:52:11,994 [INFO] Sketch downloaded from drawings/drawing.png
2025-11-20 14:52:12,023 [INFO] Matched Island ID: 16 (similarity: 0.424)
2025-11-20 14:52:12,231 [INFO] Request: Island 16, Main Category 'art'
2025-11-20 14:52:12,232 [INFO] Starting AI image generation...
2025-11-20 14:52:28,001 [INFO] Image uploaded to generated/latest_island.png
2025-11-20 14:52:28,038 [INFO] Firestore updated
2025-11-20 14:52:28,040 [INFO] TIMING | Generation: 14.06s | Total: 15.81s
2025-11-20 14:54:17,150 [INFO] Sketch downloaded from drawings/drawing.png
2025-11-20 14:54:17,190 [INFO] Matched Island ID: 7 (similarity: 0.390)
2025-11-20 14:54:17,351 [INFO] Request: Island 7, Main Category 'art'
2025-11-20 14:54:17,352 [INFO] Starting AI image generation...
2025-11-20 14:54:32,985 [INFO] Image uploaded to generated/latest_island.png
2025-11-20 14:54:33,042 [INFO] Firestore updated
2025-11-20 14:54:33,043 [INFO] TIMING | Generation: 14.05s | Total: 15.69s
2025-11-20 14:55:40,984 [INFO] Sketch downloaded from drawings/drawing.png
2025-11-20 14:55:41,012 [INFO] Matched Island ID: 177 (similarity: 0.326)
2025-11-20 14:55:41,180 [INFO] Request: Island 177, Main Category 'art'
2025-11-20 14:55:41,181 [INFO] Starting AI image generation...
2025-11-20 14:56:12,718 [INFO] Image uploaded to generated/latest_island.png
2025-11-20 14:56:12,751 [INFO] Firestore updated
2025-11-20 14:56:12,752 [INFO] TIMING | Generation: 30.08s | Total: 31.57s
2025-11-20 14:57:21,338 [INFO] Sketch downloaded from drawings/drawing.png
2025-11-20 14:57:21,363 [INFO] Matched Island ID: 163 (similarity: 0.669)
2025-11-20 14:57:21,546 [INFO] Request: Island 163, Main Category 'art'
2025-11-20 14:57:21,547 [INFO] Starting AI image generation...
2025-11-20 14:57:39,167 [INFO] Image uploaded to generated/latest_island.png
2025-11-20 14:57:39,212 [INFO] Firestore updated
2025-11-20 14:57:39,214 [INFO] TIMING | Generation: 16.05s | Total: 17.67s
2025-11-20 15:02:09,110 [INFO] Sketch downloaded from drawings/drawing.png
2025-11-20 15:02:09,137 [INFO] Matched Island ID: 233 (similarity: 0.274)
2025-11-20 15:02:09,348 [INFO] Request: Island 233, Main Category 'nature'
2025-11-20 15:02:09,349 [INFO] Starting AI image generation...
2025-11-20 15:02:22,879 [INFO] Image uploaded to generated/latest_island.png
2025-11-20 15:02:22,984 [INFO] Firestore updated
2025-11-20 15:02:22,985 [INFO] TIMING | Generation: 12.04s | Total: 13.65s
2025-11-20 15:02:48,876 [INFO] Sketch downloaded from drawings/drawing.png
2025-11-20 15:02:48,903 [INFO] Matched Island ID: 135 (similarity: 0.402)
2025-11-20 15:02:49,124 [INFO] Request: Island 135, Main Category 'nature'
2025-11-20 15:02:49,125 [INFO] Starting AI image generation...
2025-11-20 15:03:02,734 [INFO] Image uploaded to generated/latest_island.png
2025-11-20 15:03:02,766 [INFO] Firestore updated
2025-11-20 15:03:02,767 [INFO] TIMING | Generation: 12.04s | Total: 13.66s
2025-11-20 15:03:34,564 [INFO] Sketch downloaded from drawings/drawing.png
2025-11-20 15:03:34,591 [INFO] Matched Island ID: 52 (similarity: 0.438)
2025-11-20 15:03:34,780 [INFO] Request: Island 52, Main Category 'nature'
2025-11-20 15:03:34,781 [INFO] Starting AI image generation...
2025-11-20 15:03:46,958 [INFO] Image uploaded to generated/latest_island.png
2025-11-20 15:03:46,995 [INFO] Firestore updated
2025-11-20 15:03:46,996 [INFO] TIMING | Generation: 10.04s | Total: 12.22s
2025-11-20 15:06:16,513 [INFO] Sketch downloaded from drawings/drawing.png
2025-11-20 15:06:16,540 [INFO] Matched Island ID: 129 (similarity: 0.313)
2025-11-20 15:06:16,692 [INFO] Request: Island 129, Main Category 'nature'
2025-11-20 15:06:16,693 [INFO] Starting AI image generation...
2025-11-20 15:06:32,292 [INFO] Image uploaded to generated/latest_island.png
2025-11-20 15:06:32,337 [INFO] Firestore updated
2025-11-20 15:06:32,339 [INFO] TIMING | Generation: 14.06s | Total: 15.65s
2025-11-20 15:06:50,513 [INFO] Sketch downloaded from drawings/drawing.png
2025-11-20 15:06:50,541 [INFO] Matched Island ID: 135 (similarity: 0.327)
2025-11-20 15:06:50,788 [INFO] Request: Island 135, Main Category 'nature'
2025-11-20 15:06:50,789 [INFO] Starting AI image generation...
2025-11-20 15:07:02,511 [INFO] Image uploaded to generated/latest_island.png
2025-11-20 15:07:02,562 [INFO] Firestore updated
2025-11-20 15:07:02,563 [INFO] TIMING | Generation: 10.15s | Total: 11.78s
2025-11-20 15:07:54,529 [INFO] Sketch downloaded from drawings/drawing.png
2025-11-20 15:07:54,547 [INFO] Matched Island ID: 34 (similarity: 0.352)
2025-11-20 15:07:54,772 [INFO] Request: Island 34, Main Category 'nature'
2025-11-20 15:07:54,773 [INFO] Starting AI image generation...
2025-11-20 15:08:08,459 [INFO] Image uploaded to generated/latest_island.png
2025-11-20 15:08:08,484 [INFO] Firestore updated
2025-11-20 15:08:08,486 [INFO] TIMING | Generation: 12.06s | Total: 13.72s
2025-11-20 15:08:49,821 [INFO] Sketch downloaded from drawings/drawing.png
2025-11-20 15:08:49,842 [INFO] Matched Island ID: 99 (similarity: 0.328)
2025-11-20 15:08:49,954 [INFO] Request: Island 99, Main Category 'nature'
2025-11-20 15:08:49,955 [INFO] Starting AI image generation...
2025-11-20 15:09:01,643 [INFO] Image uploaded to generated/latest_island.png
2025-11-20 15:09:01,675 [INFO] Firestore updated
2025-11-20 15:09:01,676 [INFO] TIMING | Generation: 10.04s | Total: 11.72s
2025-11-20 15:10:20,145 [INFO] Sketch downloaded from drawings/drawing.png
2025-11-20 15:10:20,169 [INFO] Matched Island ID: 361 (similarity: 0.214)
2025-11-20 15:10:20,263 [INFO] Request: Island 361, Main Category 'nature'
2025-11-20 15:10:20,264 [INFO] Starting AI image generation...
2025-11-20 15:10:31,837 [INFO] Image uploaded to generated/latest_island.png
2025-11-20 15:10:31,884 [INFO] Firestore updated
2025-11-20 15:10:31,885 [INFO] TIMING | Generation: 10.06s | Total: 11.62s
2025-11-20 15:11:08,499 [INFO] Sketch downloaded from drawings/drawing.png
2025-11-20 15:11:08,523 [INFO] Matched Island ID: 287 (similarity: 0.324)
2025-11-20 15:11:08,604 [INFO] Request: Island 287, Main Category 'nature'
2025-11-20 15:11:08,605 [INFO] Starting AI image generation...
2025-11-20 15:11:22,194 [INFO] Image uploaded to generated/latest_island.png
2025-11-20 15:11:22,239 [INFO] Firestore updated
2025-11-20 15:11:22,240 [INFO] TIMING | Generation: 12.04s | Total: 13.64s
2025-11-20 15:11:57,864 [INFO] Sketch downloaded from drawings/drawing.png
2025-11-20 15:11:57,889 [INFO] Matched Island ID: 16 (similarity: 0.257)
2025-11-20 15:11:58,055 [INFO] Request: Island 16, Main Category 'nature'
2025-11-20 15:11:58,056 [INFO] Starting AI image generation...
2025-11-20 15:12:09,628 [INFO] Image uploaded to generated/latest_island.png
2025-11-20 15:12:09,661 [INFO] Firestore updated
2025-11-20 15:12:09,662 [INFO] TIMING | Generation: 10.04s | Total: 11.61s
2025-11-20 15:15:53,970 [INFO] Sketch downloaded from drawings/drawing.png
2025-11-20 15:15:53,998 [INFO] Matched Island ID: 278 (similarity: 0.416)
2025-11-20 15:15:54,186 [INFO] Request: Island 278, Main Category 'nature'
2025-11-20 15:15:54,187 [INFO] Starting AI image generation...
2025-11-20 15:16:09,941 [INFO] Image uploaded to generated/latest_island.png
2025-11-20 15:16:09,988 [INFO] Firestore updated
2025-11-20 15:16:09,989 [INFO] TIMING | Generation: 14.05s | Total: 15.81s
2025-11-20 15:16:32,070 [INFO] Sketch downloaded from drawings/drawing.png
2025-11-20 15:16:32,095 [INFO] Matched Island ID: 315 (similarity: 0.226)
2025-11-20 15:16:32,272 [INFO] Request: Island 315, Main Category 'nature'
2025-11-20 15:16:32,273 [INFO] Starting AI image generation...
2025-11-20 15:16:43,886 [INFO] Image uploaded to generated/latest_island.png
2025-11-20 15:16:43,964 [INFO] Firestore updated
2025-11-20 15:16:43,965 [INFO] TIMING | Generation: 10.04s | Total: 11.69s
2025-11-20 15:17:03,779 [INFO] Sketch downloaded from drawings/drawing.png
2025-11-20 15:17:03,801 [INFO] Matched Island ID: 359 (similarity: 0.350)
2025-11-20 15:17:03,917 [INFO] Request: Island 359, Main Category 'nature'
2025-11-20 15:17:03,918 [INFO] Starting AI image generation...
2025-11-20 15:17:17,093 [INFO] Image uploaded to generated/latest_island.png
2025-11-20 15:17:17,123 [INFO] Firestore updated
2025-11-20 15:17:17,124 [INFO] TIMING | Generation: 12.18s | Total: 13.21s
2025-11-20 15:20:00,349 [INFO] Sketch downloaded from drawings/drawing.png
2025-11-20 15:20:00,373 [INFO] Matched Island ID: 75 (similarity: 0.237)
2025-11-20 15:20:00,568 [INFO] Request: Island 75, Main Category 'nature'
2025-11-20 15:20:00,570 [INFO] Starting AI image generation...
2025-11-20 15:20:12,139 [INFO] Image uploaded to generated/latest_island.png
2025-11-20 15:20:12,176 [INFO] Firestore updated
2025-11-20 15:20:12,177 [INFO] TIMING | Generation: 10.04s | Total: 11.61s
2025-11-20 15:20:31,824 [INFO] Sketch downloaded from drawings/drawing.png
2025-11-20 15:20:31,843 [INFO] Matched Island ID: 253 (similarity: 0.358)
2025-11-20 15:20:31,983 [INFO] Request: Island 253, Main Category 'nature'
2025-11-20 15:20:31,984 [INFO] Starting AI image generation...
2025-11-20 15:20:47,039 [INFO] Image uploaded to generated/latest_island.png
2025-11-20 15:20:47,067 [INFO] Firestore updated
2025-11-20 15:20:47,068 [INFO] TIMING | Generation: 14.04s | Total: 15.10s
2025-11-20 15:21:50,110 [INFO] Sketch downloaded from drawings/drawing.png
2025-11-20 15:21:50,141 [INFO] Matched Island ID: 106 (similarity: 0.411)
2025-11-20 15:21:50,311 [INFO] Request: Island 106, Main Category 'nature'
2025-11-20 15:21:50,313 [INFO] Starting AI image generation...
2025-11-20 15:22:03,997 [INFO] Image uploaded to generated/latest_island.png
2025-11-20 15:22:04,035 [INFO] Firestore updated
2025-11-20 15:22:04,036 [INFO] TIMING | Generation: 12.07s | Total: 13.72s
2025-11-20 15:26:25,308 [INFO] Sketch downloaded from drawings/drawing.png
2025-11-20 15:26:25,338 [INFO] Matched Island ID: 4 (similarity: 0.278)
2025-11-20 15:26:25,472 [INFO] Request: Island 4, Main Category 'nature'
2025-11-20 15:26:25,474 [INFO] Starting AI image generation...
2025-11-20 15:26:40,562 [INFO] Image uploaded to generated/latest_island.png
2025-11-20 15:26:40,673 [INFO] Firestore updated
2025-11-20 15:26:40,675 [INFO] TIMING | Generation: 14.06s | Total: 15.20s
2025-11-20 15:32:42,851 [INFO] Sketch downloaded from drawings/drawing.png
2025-11-20 15:32:42,877 [INFO] Matched Island ID: 135 (similarity: 0.328)
2025-11-20 15:32:43,030 [INFO] Request: Island 135, Main Category 'nature'
2025-11-20 15:32:43,031 [INFO] Starting AI image generation...
2025-11-20 15:32:58,613 [INFO] Image uploaded to generated/latest_island.png
2025-11-20 15:32:58,719 [INFO] Firestore updated
2025-11-20 15:32:58,720 [INFO] TIMING | Generation: 14.05s | Total: 15.69s
2025-11-20 15:33:50,252 [INFO] Sketch downloaded from drawings/drawing.png
2025-11-20 15:33:50,283 [INFO] Matched Island ID: 302 (similarity: 0.332)
2025-11-20 15:33:50,492 [INFO] Request: Island 302, Main Category 'nature'
2025-11-20 15:33:50,495 [INFO] Starting AI image generation...
2025-11-20 15:34:02,277 [INFO] Image uploaded to generated/latest_island.png
2025-11-20 15:34:02,321 [INFO] Firestore updated
2025-11-20 15:34:02,322 [INFO] TIMING | Generation: 10.10s | Total: 11.83s
2025-11-20 15:35:11,589 [INFO] Sketch downloaded from drawings/drawing.png
2025-11-20 15:35:11,615 [INFO] Matched Island ID: 80 (similarity: 0.316)
2025-11-20 15:35:11,806 [INFO] Request: Island 80, Main Category 'nature'
2025-11-20 15:35:11,807 [INFO] Starting AI image generation...
2025-11-20 15:35:27,426 [INFO] Image uploaded to generated/latest_island.png
2025-11-20 15:35:27,474 [INFO] Firestore updated
2025-11-20 15:35:27,475 [INFO] TIMING | Generation: 14.05s | Total: 15.67s
2025-11-20 15:37:03,180 [INFO] Sketch downloaded from drawings/drawing.png
2025-11-20 15:37:03,210 [INFO] Matched Island ID: 335 (similarity: 0.318)
2025-11-20 15:37:03,310 [INFO] Request: Island 335, Main Category 'nature'
2025-11-20 15:37:03,312 [INFO] Starting AI image generation...
2025-11-20 15:37:14,968 [INFO] Image uploaded to generated/latest_island.png
2025-11-20 15:37:15,004 [INFO] Firestore updated
2025-11-20 15:37:15,005 [INFO] TIMING | Generation: 10.05s | Total: 11.70s
2025-11-20 15:37:50,598 [INFO] Sketch downloaded from drawings/drawing.png
2025-11-20 15:37:50,615 [INFO] Matched Island ID: 276 (similarity: 0.453)
2025-11-20 15:37:50,690 [INFO] Request: Island 276, Main Category 'nature'
2025-11-20 15:37:50,691 [INFO] Starting AI image generation...
2025-11-20 15:38:05,699 [INFO] Image uploaded to generated/latest_island.png
2025-11-20 15:38:05,740 [INFO] Firestore updated
2025-11-20 15:38:05,741 [INFO] TIMING | Generation: 14.06s | Total: 15.05s
2025-11-20 15:38:36,732 [INFO] Sketch downloaded from drawings/drawing.png
2025-11-20 15:38:36,765 [INFO] Matched Island ID: 278 (similarity: 0.364)
2025-11-20 15:38:36,906 [INFO] Request: Island 278, Main Category 'nature'
2025-11-20 15:38:36,908 [INFO] Starting AI image generation...
2025-11-20 15:38:50,549 [INFO] Image uploaded to generated/latest_island.png
2025-11-20 15:38:50,587 [INFO] Firestore updated
2025-11-20 15:38:50,588 [INFO] TIMING | Generation: 12.05s | Total: 13.68s
2025-11-20 15:39:44,961 [INFO] Sketch downloaded from drawings/drawing.png
2025-11-20 15:39:44,992 [INFO] Matched Island ID: 234 (similarity: 0.331)
2025-11-20 15:39:45,105 [INFO] Request: Island 234, Main Category 'nature'
2025-11-20 15:39:45,106 [INFO] Starting AI image generation...
2025-11-20 15:39:56,695 [INFO] Image uploaded to generated/latest_island.png
2025-11-20 15:39:56,741 [INFO] Firestore updated
2025-11-20 15:39:56,742 [INFO] TIMING | Generation: 10.04s | Total: 11.64s
2025-11-20 15:40:31,075 [INFO] Sketch downloaded from drawings/drawing.png
2025-11-20 15:40:31,106 [INFO] Matched Island ID: 316 (similarity: 0.353)
2025-11-20 15:40:31,204 [INFO] Request: Island 316, Main Category 'nature'
2025-11-20 15:40:31,208 [INFO] Starting AI image generation...
2025-11-20 15:40:44,739 [INFO] Image uploaded to generated/latest_island.png
2025-11-20 15:40:44,777 [INFO] Firestore updated
2025-11-20 15:40:44,778 [INFO] TIMING | Generation: 12.04s | Total: 13.57s
2025-11-20 15:41:25,112 [INFO] Sketch downloaded from drawings/drawing.png
2025-11-20 15:41:25,130 [INFO] Matched Island ID: 337 (similarity: 0.350)
2025-11-20 15:41:25,219 [INFO] Request: Island 337, Main Category 'taste'
2025-11-20 15:41:25,220 [INFO] Starting AI image generation...
2025-11-20 15:41:38,766 [INFO] Image uploaded to generated/latest_island.png
2025-11-20 15:41:38,813 [INFO] Firestore updated
2025-11-20 15:41:38,814 [INFO] TIMING | Generation: 12.04s | Total: 13.60s
2025-11-20 15:42:06,980 [INFO] Sketch downloaded from drawings/drawing.png
2025-11-20 15:42:07,004 [INFO] Matched Island ID: 258 (similarity: 0.426)
2025-11-20 15:42:07,103 [INFO] Request: Island 258, Main Category 'taste'
2025-11-20 15:42:07,104 [INFO] Starting AI image generation...
2025-11-20 15:42:16,740 [INFO] Image uploaded to generated/latest_island.png
2025-11-20 15:42:16,767 [INFO] Firestore updated
2025-11-20 15:42:16,768 [INFO] TIMING | Generation: 8.04s | Total: 9.67s
2025-11-20 15:42:39,778 [INFO] Sketch downloaded from drawings/drawing.png
2025-11-20 15:42:39,798 [INFO] Matched Island ID: 279 (similarity: 0.381)
2025-11-20 15:42:39,884 [INFO] Request: Island 279, Main Category 'taste'
2025-11-20 15:42:39,885 [INFO] Starting AI image generation...
2025-11-20 15:42:51,423 [INFO] Image uploaded to generated/latest_island.png
2025-11-20 15:42:51,448 [INFO] Firestore updated
2025-11-20 15:42:51,449 [INFO] TIMING | Generation: 10.03s | Total: 11.57s
2025-11-20 15:43:12,733 [INFO] Sketch downloaded from drawings/drawing.png
2025-11-20 15:43:12,754 [INFO] Matched Island ID: 324 (similarity: 0.463)
2025-11-20 15:43:12,882 [INFO] Request: Island 324, Main Category 'taste'
2025-11-20 15:43:12,883 [INFO] Starting AI image generation...
2025-11-20 15:43:54,616 [INFO] Image uploaded to generated/latest_island.png
2025-11-20 15:43:54,667 [INFO] Firestore updated
2025-11-20 15:43:54,669 [INFO] TIMING | Generation: 40.10s | Total: 41.79s
2025-11-20 15:48:07,168 [INFO] Sketch downloaded from drawings/drawing.png
2025-11-20 15:48:07,197 [INFO] Matched Island ID: 158 (similarity: 0.359)
2025-11-20 15:48:07,380 [INFO] Request: Island 158, Main Category 'taste'
2025-11-20 15:48:07,381 [INFO] Starting AI image generation...
2025-11-20 15:48:22,847 [INFO] Image uploaded to generated/latest_island.png
2025-11-20 15:48:22,950 [INFO] Firestore updated
2025-11-20 15:48:22,950 [INFO] TIMING | Generation: 14.04s | Total: 15.57s
2025-11-20 15:50:08,978 [INFO] Sketch downloaded from drawings/drawing.png
2025-11-20 15:50:09,010 [INFO] Matched Island ID: 50 (similarity: 0.449)
2025-11-20 15:50:09,113 [INFO] Request: Island 50, Main Category 'taste'
2025-11-20 15:50:09,114 [INFO] Starting AI image generation...
2025-11-20 15:50:21,046 [INFO] Image uploaded to generated/latest_island.png
2025-11-20 15:50:21,096 [INFO] Firestore updated
2025-11-20 15:50:21,098 [INFO] TIMING | Generation: 10.35s | Total: 11.99s
2025-11-20 15:50:48,965 [INFO] Sketch downloaded from drawings/drawing.png
2025-11-20 15:50:49,004 [INFO] Matched Island ID: 274 (similarity: 0.463)
2025-11-20 15:50:49,146 [INFO] Request: Island 274, Main Category 'taste'
2025-11-20 15:50:49,147 [INFO] Starting AI image generation...
2025-11-20 15:51:02,780 [INFO] Image uploaded to generated/latest_island.png
2025-11-20 15:51:02,817 [INFO] Firestore updated
2025-11-20 15:51:02,819 [INFO] TIMING | Generation: 12.06s | Total: 13.67s
2025-11-20 15:51:34,696 [INFO] Sketch downloaded from drawings/drawing.png
2025-11-20 15:51:34,729 [INFO] Matched Island ID: 334 (similarity: 0.334)
2025-11-20 15:51:34,933 [INFO] Request: Island 334, Main Category 'taste'
2025-11-20 15:51:34,934 [INFO] Starting AI image generation...
2025-11-20 15:51:48,653 [INFO] Image uploaded to generated/latest_island.png
2025-11-20 15:51:48,697 [INFO] Firestore updated
2025-11-20 15:51:48,698 [INFO] TIMING | Generation: 12.18s | Total: 13.76s
2025-11-20 15:53:00,740 [INFO] Sketch downloaded from drawings/drawing.png
2025-11-20 15:53:00,770 [INFO] Matched Island ID: 11 (similarity: 0.339)
2025-11-20 15:53:00,940 [INFO] Request: Island 11, Main Category 'taste'
2025-11-20 15:53:00,942 [INFO] Starting AI image generation...
2025-11-20 15:53:12,535 [INFO] Image uploaded to generated/latest_island.png
2025-11-20 15:53:12,585 [INFO] Firestore updated
2025-11-20 15:53:12,587 [INFO] TIMING | Generation: 10.06s | Total: 11.65s
2025-11-20 15:54:38,532 [INFO] Sketch downloaded from drawings/drawing.png
2025-11-20 15:54:38,566 [INFO] Matched Island ID: 253 (similarity: 0.363)
2025-11-20 15:54:38,740 [INFO] Request: Island 253, Main Category 'taste'
2025-11-20 15:54:38,742 [INFO] Starting AI image generation...
2025-11-20 15:55:22,485 [INFO] Image uploaded to generated/latest_island.png
2025-11-20 15:55:22,528 [INFO] Firestore updated
2025-11-20 15:55:22,530 [INFO] TIMING | Generation: 42.12s | Total: 43.79s
2025-11-20 15:56:20,216 [INFO] Sketch downloaded from drawings/drawing.png
2025-11-20 15:56:20,246 [INFO] Matched Island ID: 11 (similarity: 0.474)
2025-11-20 15:56:20,429 [INFO] Request: Island 11, Main Category 'taste'
2025-11-20 15:56:20,430 [INFO] Starting AI image generation...
2025-11-20 15:56:35,993 [INFO] Image uploaded to generated/latest_island.png
2025-11-20 15:56:36,025 [INFO] Firestore updated
2025-11-20 15:56:36,027 [INFO] TIMING | Generation: 14.06s | Total: 15.60s
2025-11-20 16:02:46,957 [INFO] Sketch downloaded from drawings/drawing.png
2025-11-20 16:02:46,980 [INFO] Matched Island ID: 23 (similarity: 0.432)
2025-11-20 16:02:47,200 [INFO] Request: Island 23, Main Category 'taste'
2025-11-20 16:02:47,200 [INFO] Starting AI image generation...
2025-11-20 16:02:56,706 [INFO] Image uploaded to generated/latest_island.png
2025-11-20 16:02:56,795 [INFO] Firestore updated
2025-11-20 16:02:56,796 [INFO] TIMING | Generation: 8.03s | Total: 9.60s
2025-11-20 16:03:41,858 [INFO] Sketch downloaded from drawings/drawing.png
2025-11-20 16:03:41,877 [INFO] Matched Island ID: 119 (similarity: 0.303)
2025-11-20 16:03:42,000 [INFO] Request: Island 119, Main Category 'taste'
2025-11-20 16:03:42,001 [INFO] Starting AI image generation...
2025-11-20 16:03:55,606 [INFO] Image uploaded to generated/latest_island.png
2025-11-20 16:03:55,645 [INFO] Firestore updated
2025-11-20 16:03:55,647 [INFO] TIMING | Generation: 12.05s | Total: 13.65s
2025-11-20 16:04:16,986 [INFO] Sketch downloaded from drawings/drawing.png
2025-11-20 16:04:17,012 [INFO] Matched Island ID: 288 (similarity: 0.317)
2025-11-20 16:04:17,212 [INFO] Request: Island 288, Main Category 'taste'
2025-11-20 16:04:17,213 [INFO] Starting AI image generation...
2025-11-20 16:04:56,900 [INFO] Image uploaded to generated/latest_island.png
2025-11-20 16:04:56,940 [INFO] Firestore updated
2025-11-20 16:04:56,941 [INFO] TIMING | Generation: 38.09s | Total: 39.73s
2025-11-20 16:05:17,041 [INFO] Sketch downloaded from drawings/drawing.png
2025-11-20 16:05:17,064 [INFO] Matched Island ID: 83 (similarity: 0.477)
2025-11-20 16:05:17,172 [INFO] Request: Island 83, Main Category 'taste'
2025-11-20 16:05:17,173 [INFO] Starting AI image generation...
2025-11-20 16:05:50,777 [INFO] Image uploaded to generated/latest_island.png
2025-11-20 16:05:50,818 [INFO] Firestore updated
2025-11-20 16:05:50,833 [INFO] TIMING | Generation: 32.07s | Total: 33.66s
2025-11-20 16:06:12,221 [INFO] Sketch downloaded from drawings/drawing.png
2025-11-20 16:06:12,246 [INFO] Matched Island ID: 72 (similarity: 0.255)
2025-11-20 16:06:12,361 [INFO] Request: Island 72, Main Category 'taste'
2025-11-20 16:06:12,362 [INFO] Starting AI image generation...
2025-11-20 16:06:42,032 [INFO] Image uploaded to generated/latest_island.png
2025-11-20 16:06:42,063 [INFO] Firestore updated
2025-11-20 16:06:42,064 [INFO] TIMING | Generation: 28.06s | Total: 29.71s
2025-11-20 16:07:15,918 [INFO] Sketch downloaded from drawings/drawing.png
2025-11-20 16:07:15,939 [INFO] Matched Island ID: 250 (similarity: 0.391)
2025-11-20 16:07:16,062 [INFO] Request: Island 250, Main Category 'taste'
2025-11-20 16:07:16,076 [INFO] Starting AI image generation...
2025-11-20 16:07:29,646 [INFO] Image uploaded to generated/latest_island.png
2025-11-20 16:07:29,684 [INFO] Firestore updated
2025-11-20 16:07:29,685 [INFO] TIMING | Generation: 12.05s | Total: 13.62s
2025-11-20 16:07:51,768 [INFO] Sketch downloaded from drawings/drawing.png
2025-11-20 16:07:51,793 [INFO] Matched Island ID: 111 (similarity: 0.685)
2025-11-20 16:07:51,912 [INFO] Request: Island 111, Main Category 'taste'
2025-11-20 16:07:51,913 [INFO] Starting AI image generation...
2025-11-20 16:08:31,959 [INFO] Image uploaded to generated/latest_island.png
2025-11-20 16:08:31,994 [INFO] Firestore updated
2025-11-20 16:08:31,995 [INFO] TIMING | Generation: 38.09s | Total: 40.08s
2025-11-20 16:12:22,458 [INFO] Sketch downloaded from drawings/drawing.png
2025-11-20 16:12:22,485 [INFO] Matched Island ID: 44 (similarity: 0.322)
2025-11-20 16:12:22,677 [INFO] Request: Island 44, Main Category 'taste'
2025-11-20 16:12:22,678 [INFO] Starting AI image generation...
2025-11-20 16:12:36,959 [INFO] Image uploaded to generated/latest_island.png
2025-11-20 16:12:37,048 [INFO] Firestore updated
2025-11-20 16:12:37,049 [INFO] TIMING | Generation: 12.04s | Total: 14.37s
2025-11-20 16:16:09,507 [INFO] Sketch downloaded from drawings/drawing.png
2025-11-20 16:16:09,534 [INFO] Matched Island ID: 242 (similarity: 0.365)
2025-11-20 16:16:09,623 [INFO] Request: Island 242, Main Category 'taste'
2025-11-20 16:16:09,625 [INFO] Starting AI image generation...
2025-11-20 16:16:25,213 [INFO] Image uploaded to generated/latest_island.png
2025-11-20 16:16:25,255 [INFO] Firestore updated
2025-11-20 16:16:25,256 [INFO] TIMING | Generation: 14.07s | Total: 15.63s
2025-11-20 16:18:04,121 [INFO] Sketch downloaded from drawings/drawing.png
2025-11-20 16:18:04,154 [INFO] Matched Island ID: 101 (similarity: 0.256)
2025-11-20 16:18:04,396 [INFO] Request: Island 101, Main Category 'nature'
2025-11-20 16:18:04,397 [INFO] Starting AI image generation...
2025-11-20 16:18:18,089 [INFO] Image uploaded to generated/latest_island.png
2025-11-20 16:18:18,125 [INFO] Firestore updated
2025-11-20 16:18:18,126 [INFO] TIMING | Generation: 12.07s | Total: 13.73s
2025-11-20 16:19:23,095 [INFO] Sketch downloaded from drawings/drawing.png
2025-11-20 16:19:23,123 [INFO] Matched Island ID: 44 (similarity: 0.251)
2025-11-20 16:19:23,237 [INFO] Request: Island 44, Main Category 'nature'
2025-11-20 16:19:23,237 [INFO] Starting AI image generation...
2025-11-20 16:19:36,750 [INFO] Image uploaded to generated/latest_island.png
2025-11-20 16:19:36,801 [INFO] Firestore updated
2025-11-20 16:19:36,802 [INFO] TIMING | Generation: 12.04s | Total: 13.57s
2025-11-20 16:20:48,501 [INFO] Sketch downloaded from drawings/drawing.png
2025-11-20 16:20:48,538 [INFO] Matched Island ID: 77 (similarity: 0.337)
2025-11-20 16:20:48,663 [INFO] Request: Island 77, Main Category 'art'
2025-11-20 16:20:48,664 [INFO] Starting AI image generation...
2025-11-20 16:21:04,280 [INFO] Image uploaded to generated/latest_island.png
2025-11-20 16:21:04,314 [INFO] Firestore updated
2025-11-20 16:21:04,315 [INFO] TIMING | Generation: 14.07s | Total: 15.65s
2025-11-20 16:23:23,748 [INFO] Sketch downloaded from drawings/drawing.png
2025-11-20 16:23:23,773 [INFO] Matched Island ID: 44 (similarity: 0.317)
2025-11-20 16:23:23,909 [INFO] Request: Island 44, Main Category 'nature'
2025-11-20 16:23:23,911 [INFO] Starting AI image generation...
2025-11-20 16:23:35,501 [INFO] Image uploaded to generated/latest_island.png
2025-11-20 16:23:35,544 [INFO] Firestore updated
2025-11-20 16:23:35,545 [INFO] TIMING | Generation: 10.04s | Total: 11.64s
2025-11-20 16:26:00,755 [INFO] Sketch downloaded from drawings/drawing.png
2025-11-20 16:26:00,785 [INFO] Matched Island ID: 127 (similarity: 0.302)
2025-11-20 16:26:00,945 [INFO] Request: Island 127, Main Category 'nature'
2025-11-20 16:26:00,946 [INFO] Starting AI image generation...
2025-11-20 16:26:14,049 [INFO] Image uploaded to generated/latest_island.png
2025-11-20 16:26:14,094 [INFO] Firestore updated
2025-11-20 16:26:14,096 [INFO] TIMING | Generation: 12.06s | Total: 13.15s
2025-11-20 16:26:59,602 [INFO] Sketch downloaded from drawings/drawing.png
2025-11-20 16:26:59,624 [INFO] Matched Island ID: 112 (similarity: 0.286)
2025-11-20 16:26:59,717 [INFO] Request: Island 112, Main Category 'nature'
2025-11-20 16:26:59,718 [INFO] Starting AI image generation...
2025-11-20 16:27:11,337 [INFO] Image uploaded to generated/latest_island.png
2025-11-20 16:27:11,378 [INFO] Firestore updated
2025-11-20 16:27:11,379 [INFO] TIMING | Generation: 10.04s | Total: 11.66s
2025-11-20 16:27:38,530 [INFO] Sketch downloaded from drawings/drawing.png
2025-11-20 16:27:38,562 [INFO] Matched Island ID: 330 (similarity: 0.343)
2025-11-20 16:27:38,750 [INFO] Request: Island 330, Main Category 'nature'
2025-11-20 16:27:38,751 [INFO] Starting AI image generation...
2025-11-20 16:27:50,960 [INFO] Image uploaded to generated/latest_island.png
2025-11-20 16:27:50,987 [INFO] Firestore updated
2025-11-20 16:27:50,989 [INFO] TIMING | Generation: 10.04s | Total: 12.24s
2025-11-20 16:28:24,710 [INFO] Sketch downloaded from drawings/drawing.png
2025-11-20 16:28:24,739 [INFO] Matched Island ID: 112 (similarity: 0.293)
2025-11-20 16:28:24,848 [INFO] Request: Island 112, Main Category 'nature'
2025-11-20 16:28:24,850 [INFO] Starting AI image generation...
2025-11-20 16:28:38,440 [INFO] Image uploaded to generated/latest_island.png
2025-11-20 16:28:38,479 [INFO] Firestore updated
2025-11-20 16:28:38,480 [INFO] TIMING | Generation: 12.05s | Total: 13.63s
2025-11-20 16:29:11,888 [INFO] Sketch downloaded from drawings/drawing.png
2025-11-20 16:29:11,980 [INFO] Matched Island ID: 332 (similarity: 0.290)
2025-11-20 16:29:12,126 [INFO] Request: Island 332, Main Category 'nature'
2025-11-20 16:29:12,127 [INFO] Starting AI image generation...
2025-11-20 16:29:27,817 [INFO] Image uploaded to generated/latest_island.png
2025-11-20 16:29:27,860 [INFO] Firestore updated
2025-11-20 16:29:27,861 [INFO] TIMING | Generation: 14.19s | Total: 15.74s
2025-11-20 16:31:17,792 [INFO] Sketch downloaded from drawings/drawing.png
2025-11-20 16:31:17,816 [INFO] Matched Island ID: 222 (similarity: 0.262)
2025-11-20 16:31:17,931 [INFO] Request: Island 222, Main Category 'nature'
2025-11-20 16:31:17,934 [INFO] Starting AI image generation...
2025-11-20 16:31:31,460 [INFO] Image uploaded to generated/latest_island.png
2025-11-20 16:31:31,502 [INFO] Firestore updated
2025-11-20 16:31:31,502 [INFO] TIMING | Generation: 12.04s | Total: 13.57s
2025-11-20 16:31:54,727 [INFO] Sketch downloaded from drawings/drawing.png
2025-11-20 16:31:54,745 [INFO] Matched Island ID: 222 (similarity: 0.246)
2025-11-20 16:31:54,862 [INFO] Request: Island 222, Main Category 'nature'
2025-11-20 16:31:54,863 [INFO] Starting AI image generation...
2025-11-20 16:32:10,437 [INFO] Image uploaded to generated/latest_island.png
2025-11-20 16:32:10,467 [INFO] Firestore updated
2025-11-20 16:32:10,468 [INFO] TIMING | Generation: 14.06s | Total: 15.61s
2025-11-20 16:32:21,855 [INFO] Sketch downloaded from drawings/drawing.png
2025-11-20 16:32:21,883 [INFO] Matched Island ID: 359 (similarity: 0.382)
2025-11-20 16:32:21,995 [INFO] Request: Island 359, Main Category 'nature'
2025-11-20 16:32:21,996 [INFO] Starting AI image generation...
2025-11-20 16:32:35,559 [INFO] Image uploaded to generated/latest_island.png
2025-11-20 16:32:35,593 [INFO] Firestore updated
2025-11-20 16:32:35,593 [INFO] TIMING | Generation: 12.04s | Total: 13.60s
2025-11-20 16:46:57,467 [INFO] Sketch downloaded from drawings/drawing.png
2025-11-20 16:46:57,493 [INFO] Matched Island ID: 278 (similarity: 0.340)
2025-11-20 16:46:57,727 [INFO] Request: Island 278, Main Category 'taste'
2025-11-20 16:46:57,727 [INFO] Starting AI image generation...
2025-11-20 16:47:07,407 [INFO] Image uploaded to generated/latest_island.png
2025-11-20 16:47:07,508 [INFO] Firestore updated
2025-11-20 16:47:07,508 [INFO] TIMING | Generation: 8.04s | Total: 9.78s
2025-11-20 16:47:58,923 [INFO] Sketch downloaded from drawings/drawing.png
2025-11-20 16:47:58,945 [INFO] Matched Island ID: 146 (similarity: 0.339)
2025-11-20 16:47:59,040 [INFO] Request: Island 146, Main Category 'taste'
2025-11-20 16:47:59,042 [INFO] Starting AI image generation...
2025-11-20 16:48:09,299 [INFO] Image uploaded to generated/latest_island.png
2025-11-20 16:48:09,339 [INFO] Firestore updated
2025-11-20 16:48:09,340 [INFO] TIMING | Generation: 8.05s | Total: 10.30s
2025-11-20 16:48:30,747 [INFO] Sketch downloaded from drawings/drawing.png
2025-11-20 16:48:30,767 [INFO] Matched Island ID: 77 (similarity: 0.419)
2025-11-20 16:48:30,983 [INFO] Request: Island 77, Main Category 'taste'
2025-11-20 16:48:30,985 [INFO] Starting AI image generation...
2025-11-20 16:48:43,114 [INFO] Image uploaded to generated/latest_island.png
2025-11-20 16:48:43,147 [INFO] Firestore updated
2025-11-20 16:48:43,149 [INFO] TIMING | Generation: 10.04s | Total: 12.17s
2025-11-20 16:49:32,511 [INFO] Sketch downloaded from drawings/drawing.png
2025-11-20 16:49:32,539 [INFO] Matched Island ID: 70 (similarity: 0.335)
2025-11-20 16:49:32,720 [INFO] Request: Island 70, Main Category 'taste'
2025-11-20 16:49:32,721 [INFO] Starting AI image generation...
2025-11-20 16:50:14,396 [INFO] Image uploaded to generated/latest_island.png
2025-11-20 16:50:14,435 [INFO] Firestore updated
2025-11-20 16:50:14,436 [INFO] TIMING | Generation: 40.09s | Total: 41.72s
2025-11-20 16:50:26,068 [INFO] Sketch downloaded from drawings/drawing.png
2025-11-20 16:50:26,086 [INFO] Matched Island ID: 241 (similarity: 0.335)
2025-11-20 16:50:26,207 [INFO] Request: Island 241, Main Category 'taste'
2025-11-20 16:50:26,209 [INFO] Starting AI image generation...
2025-11-20 16:50:39,861 [INFO] Image uploaded to generated/latest_island.png
2025-11-20 16:50:39,909 [INFO] Firestore updated
2025-11-20 16:50:39,910 [INFO] TIMING | Generation: 12.05s | Total: 13.70s
2025-11-20 16:50:57,518 [INFO] Sketch downloaded from drawings/drawing.png
2025-11-20 16:50:57,546 [INFO] Matched Island ID: 279 (similarity: 0.404)
2025-11-20 16:50:57,722 [INFO] Request: Island 279, Main Category 'taste'
2025-11-20 16:50:57,724 [INFO] Starting AI image generation...
2025-11-20 16:51:13,292 [INFO] Image uploaded to generated/latest_island.png
2025-11-20 16:51:13,336 [INFO] Firestore updated
2025-11-20 16:51:13,338 [INFO] TIMING | Generation: 14.07s | Total: 15.62s
2025-11-20 16:51:34,908 [INFO] Sketch downloaded from drawings/drawing.png
2025-11-20 16:51:34,937 [INFO] Matched Island ID: 180 (similarity: 0.283)
2025-11-20 16:51:35,101 [INFO] Request: Island 180, Main Category 'taste'
2025-11-20 16:51:35,103 [INFO] Starting AI image generation...
2025-11-20 16:51:49,000 [INFO] Image uploaded to generated/latest_island.png
2025-11-20 16:51:49,039 [INFO] Firestore updated
2025-11-20 16:51:49,041 [INFO] TIMING | Generation: 12.08s | Total: 13.95s
2025-11-20 16:52:14,923 [INFO] Sketch downloaded from drawings/drawing.png
2025-11-20 16:52:14,949 [INFO] Matched Island ID: 109 (similarity: 0.416)
2025-11-20 16:52:15,119 [INFO] Request: Island 109, Main Category 'heritage'
2025-11-20 16:52:15,119 [INFO] Starting AI image generation...
2025-11-20 16:52:54,886 [INFO] Image uploaded to generated/latest_island.png
2025-11-20 16:52:54,939 [INFO] Firestore updated
2025-11-20 16:52:54,940 [INFO] TIMING | Generation: 38.12s | Total: 39.82s
2025-11-20 16:53:13,286 [INFO] Sketch downloaded from drawings/drawing.png
2025-11-20 16:53:13,314 [INFO] Matched Island ID: 233 (similarity: 0.330)
2025-11-20 16:53:13,524 [INFO] Request: Island 233, Main Category 'heritage'
2025-11-20 16:53:13,525 [INFO] Starting AI image generation...
2025-11-20 16:53:24,406 [INFO] Image uploaded to generated/latest_island.png
2025-11-20 16:53:24,445 [INFO] Firestore updated
2025-11-20 16:53:24,446 [INFO] TIMING | Generation: 10.04s | Total: 10.92s
2025-11-20 17:00:13,932 [INFO] Sketch downloaded from drawings/drawing.png
2025-11-20 17:00:13,958 [INFO] Matched Island ID: 16 (similarity: 0.301)
2025-11-20 17:00:14,185 [INFO] Request: Island 16, Main Category 'heritage'
2025-11-20 17:00:14,186 [INFO] Starting AI image generation...
2025-11-20 17:00:15,916 [INFO] Image uploaded to generated/latest_island.png
2025-11-20 17:00:16,007 [INFO] Firestore updated
2025-11-20 17:00:16,009 [INFO] TIMING | Generation: 0.02s | Total: 1.82s
2025-11-20 17:00:31,945 [INFO] Sketch downloaded from drawings/drawing.png
2025-11-20 17:00:31,967 [INFO] Matched Island ID: 222 (similarity: 0.282)
2025-11-20 17:00:32,363 [INFO] Request: Island 222, Main Category 'heritage'
2025-11-20 17:00:32,363 [INFO] Starting AI image generation...
2025-11-20 17:00:42,079 [INFO] Image uploaded to generated/latest_island.png
2025-11-20 17:00:42,118 [INFO] Firestore updated
2025-11-20 17:00:42,120 [INFO] TIMING | Generation: 8.14s | Total: 9.76s
2025-11-20 17:01:45,690 [INFO] Sketch downloaded from drawings/drawing.png
2025-11-20 17:01:45,722 [INFO] Matched Island ID: 320 (similarity: 0.279)
2025-11-20 17:01:45,907 [INFO] Request: Island 320, Main Category 'heritage'
2025-11-20 17:01:45,908 [INFO] Starting AI image generation...
2025-11-20 17:01:57,602 [INFO] Image uploaded to generated/latest_island.png
2025-11-20 17:01:57,642 [INFO] Firestore updated
2025-11-20 17:01:57,644 [INFO] TIMING | Generation: 10.16s | Total: 11.74s
2025-11-20 17:02:41,379 [INFO] Sketch downloaded from drawings/drawing.png
2025-11-20 17:02:41,408 [INFO] Matched Island ID: 68 (similarity: 0.363)
2025-11-20 17:02:41,596 [INFO] Request: Island 68, Main Category 'heritage'
2025-11-20 17:02:41,597 [INFO] Starting AI image generation...
2025-11-20 17:02:48,532 [INFO] Image uploaded to generated/latest_island.png
2025-11-20 17:02:48,564 [INFO] Firestore updated
2025-11-20 17:02:48,565 [INFO] TIMING | Generation: 6.03s | Total: 6.97s
2025-11-20 17:03:42,925 [INFO] Sketch downloaded from drawings/drawing.png
2025-11-20 17:03:42,952 [INFO] Matched Island ID: 269 (similarity: 0.283)
2025-11-20 17:03:43,046 [INFO] Request: Island 269, Main Category 'heritage'
2025-11-20 17:03:43,047 [INFO] Starting AI image generation...
2025-11-20 17:04:18,710 [INFO] Image uploaded to generated/latest_island.png
2025-11-20 17:04:18,747 [INFO] Firestore updated
2025-11-20 17:04:18,748 [INFO] TIMING | Generation: 34.09s | Total: 35.70s
2025-11-20 17:04:45,524 [INFO] Sketch downloaded from drawings/drawing.png
2025-11-20 17:04:45,550 [INFO] Matched Island ID: 109 (similarity: 0.310)
2025-11-20 17:04:45,717 [INFO] Request: Island 109, Main Category 'heritage'
2025-11-20 17:04:45,718 [INFO] Starting AI image generation...
2025-11-20 17:05:11,408 [INFO] Image uploaded to generated/latest_island.png
2025-11-20 17:05:11,447 [INFO] Firestore updated
2025-11-20 17:05:11,449 [INFO] TIMING | Generation: 24.06s | Total: 25.73s
2025-11-20 17:05:25,970 [INFO] Sketch downloaded from drawings/drawing.png
2025-11-20 17:05:25,994 [INFO] Matched Island ID: 342 (similarity: 0.481)
2025-11-20 17:05:26,153 [INFO] Request: Island 342, Main Category 'heritage'
2025-11-20 17:05:26,154 [INFO] Starting AI image generation...
2025-11-20 17:05:41,765 [INFO] Image uploaded to generated/latest_island.png
2025-11-20 17:05:41,803 [INFO] Firestore updated
2025-11-20 17:05:41,804 [INFO] TIMING | Generation: 14.05s | Total: 15.65s
2025-11-20 17:06:42,895 [INFO] Sketch downloaded from drawings/drawing.png
2025-11-20 17:06:42,927 [INFO] Matched Island ID: 115 (similarity: 0.416)
2025-11-20 17:06:43,103 [INFO] Request: Island 115, Main Category 'heritage'
2025-11-20 17:06:43,104 [INFO] Starting AI image generation...
2025-11-20 17:06:44,675 [INFO] Image uploaded to generated/latest_island.png
2025-11-20 17:06:44,710 [INFO] Firestore updated
2025-11-20 17:06:44,711 [INFO] TIMING | Generation: 0.01s | Total: 1.61s
2025-11-20 17:06:57,182 [INFO] Sketch downloaded from drawings/drawing.png
2025-11-20 17:06:57,205 [INFO] Matched Island ID: 7 (similarity: 0.333)
2025-11-20 17:06:57,325 [INFO] Request: Island 7, Main Category 'heritage'
2025-11-20 17:06:57,326 [INFO] Starting AI image generation...
2025-11-20 17:06:58,964 [INFO] Image uploaded to generated/latest_island.png
2025-11-20 17:06:59,000 [INFO] Firestore updated
2025-11-20 17:06:59,003 [INFO] TIMING | Generation: 0.02s | Total: 1.68s
2025-11-20 17:07:11,219 [INFO] Sketch downloaded from drawings/drawing.png
2025-11-20 17:07:11,246 [INFO] Matched Island ID: 98 (similarity: 0.391)
2025-11-20 17:07:11,459 [INFO] Request: Island 98, Main Category 'heritage'
2025-11-20 17:07:11,460 [INFO] Starting AI image generation...
2025-11-20 17:07:13,117 [INFO] Image uploaded to generated/latest_island.png
2025-11-20 17:07:13,167 [INFO] Firestore updated
2025-11-20 17:07:13,168 [INFO] TIMING | Generation: 0.02s | Total: 1.71s
2025-11-20 17:07:32,617 [INFO] Sketch downloaded from drawings/drawing.png
2025-11-20 17:07:32,647 [INFO] Matched Island ID: 17 (similarity: 0.470)
2025-11-20 17:07:32,748 [INFO] Request: Island 17, Main Category 'heritage'
2025-11-20 17:07:32,749 [INFO] Starting AI image generation...
2025-11-20 17:07:34,400 [INFO] Image uploaded to generated/latest_island.png
2025-11-20 17:07:34,447 [INFO] Firestore updated
2025-11-20 17:07:34,448 [INFO] TIMING | Generation: 0.01s | Total: 1.70s
2025-11-20 17:07:44,515 [INFO] Sketch downloaded from drawings/drawing.png
2025-11-20 17:07:44,539 [INFO] Matched Island ID: 206 (similarity: 0.477)
2025-11-20 17:07:44,729 [INFO] Request: Island 206, Main Category 'heritage'
2025-11-20 17:07:44,730 [INFO] Starting AI image generation...
2025-11-20 17:08:18,454 [INFO] Image uploaded to generated/latest_island.png
2025-11-20 17:08:18,487 [INFO] Firestore updated
2025-11-20 17:08:18,489 [INFO] TIMING | Generation: 32.09s | Total: 33.76s
2025-11-20 17:08:32,132 [INFO] Sketch downloaded from drawings/drawing.png
2025-11-20 17:08:32,156 [INFO] Matched Island ID: 94 (similarity: 0.405)
2025-11-20 17:08:32,269 [INFO] Request: Island 94, Main Category 'heritage'
2025-11-20 17:08:32,269 [INFO] Starting AI image generation...
2025-11-20 17:08:46,026 [INFO] Image uploaded to generated/latest_island.png
2025-11-20 17:08:46,066 [INFO] Firestore updated
2025-11-20 17:08:46,067 [INFO] TIMING | Generation: 12.18s | Total: 13.80s
2025-11-20 17:09:17,368 [INFO] Sketch downloaded from drawings/drawing.png
2025-11-20 17:09:17,395 [INFO] Matched Island ID: 44 (similarity: 0.394)
2025-11-20 17:09:17,481 [INFO] Request: Island 44, Main Category 'heritage'
2025-11-20 17:09:17,482 [INFO] Starting AI image generation...
2025-11-20 17:09:24,340 [INFO] Image uploaded to generated/latest_island.png
2025-11-20 17:09:24,363 [INFO] Firestore updated
2025-11-20 17:09:24,365 [INFO] TIMING | Generation: 6.03s | Total: 6.88s
2025-11-20 17:09:48,426 [INFO] Sketch downloaded from drawings/drawing.png
2025-11-20 17:09:48,451 [INFO] Matched Island ID: 193 (similarity: 0.309)
2025-11-20 17:09:48,625 [INFO] Request: Island 193, Main Category 'heritage'
2025-11-20 17:09:48,625 [INFO] Starting AI image generation...
2025-11-20 17:09:50,392 [INFO] Image uploaded to generated/latest_island.png
2025-11-20 17:09:50,429 [INFO] Firestore updated
2025-11-20 17:09:50,429 [INFO] TIMING | Generation: 0.02s | Total: 1.80s
2025-11-20 17:10:07,838 [INFO] Sketch downloaded from drawings/drawing.png
2025-11-20 17:10:07,865 [INFO] Matched Island ID: 324 (similarity: 0.641)
2025-11-20 17:10:07,965 [INFO] Request: Island 324, Main Category 'heritage'
2025-11-20 17:10:07,966 [INFO] Starting AI image generation...
2025-11-20 17:10:17,632 [INFO] Image uploaded to generated/latest_island.png
2025-11-20 17:10:17,675 [INFO] Firestore updated
2025-11-20 17:10:17,675 [INFO] TIMING | Generation: 8.08s | Total: 9.71s
2025-11-20 17:10:26,793 [INFO] Sketch downloaded from drawings/drawing.png
2025-11-20 17:10:26,817 [INFO] Matched Island ID: 324 (similarity: 0.520)
2025-11-20 17:10:26,914 [INFO] Request: Island 324, Main Category 'heritage'
2025-11-20 17:10:26,916 [INFO] Starting AI image generation...
2025-11-20 17:10:58,733 [INFO] Image uploaded to generated/latest_island.png
2025-11-20 17:10:58,767 [INFO] Firestore updated
2025-11-20 17:10:58,768 [INFO] TIMING | Generation: 30.07s | Total: 31.85s
2025-11-20 17:11:08,281 [INFO] Sketch downloaded from drawings/drawing.png
2025-11-20 17:11:08,303 [INFO] Matched Island ID: 324 (similarity: 0.457)
2025-11-20 17:11:08,377 [INFO] Request: Island 324, Main Category 'heritage'
2025-11-20 17:11:08,378 [INFO] Starting AI image generation...
2025-11-20 17:11:34,038 [INFO] Image uploaded to generated/latest_island.png
2025-11-20 17:11:34,074 [INFO] Firestore updated
2025-11-20 17:11:34,075 [INFO] TIMING | Generation: 24.07s | Total: 25.70s
2025-11-20 17:12:04,308 [INFO] Sketch downloaded from drawings/drawing.png
2025-11-20 17:12:04,335 [INFO] Matched Island ID: 88 (similarity: 0.369)
2025-11-20 17:12:04,514 [INFO] Request: Island 88, Main Category 'heritage'
2025-11-20 17:12:04,515 [INFO] Starting AI image generation...
2025-11-20 17:12:24,398 [INFO] Image uploaded to generated/latest_island.png
2025-11-20 17:12:24,442 [INFO] Firestore updated
2025-11-20 17:12:24,442 [INFO] TIMING | Generation: 18.05s | Total: 19.93s
2025-11-20 17:12:39,218 [INFO] Sketch downloaded from drawings/drawing.png
2025-11-20 17:12:39,245 [INFO] Matched Island ID: 267 (similarity: 0.443)
2025-11-20 17:12:39,365 [INFO] Request: Island 267, Main Category 'heritage'
2025-11-20 17:12:39,366 [INFO] Starting AI image generation...
2025-11-20 17:12:54,580 [INFO] Image uploaded to generated/latest_island.png
2025-11-20 17:12:54,621 [INFO] Firestore updated
2025-11-20 17:12:54,622 [INFO] TIMING | Generation: 14.06s | Total: 15.26s
2025-11-20 17:13:49,698 [INFO] Sketch downloaded from drawings/drawing.png
2025-11-20 17:13:49,743 [INFO] Matched Island ID: 330 (similarity: 0.407)
2025-11-20 17:13:49,895 [INFO] Request: Island 330, Main Category 'heritage'
2025-11-20 17:13:49,896 [INFO] Starting AI image generation...
2025-11-20 17:13:56,877 [INFO] Image uploaded to generated/latest_island.png
2025-11-20 17:13:56,916 [INFO] Firestore updated
2025-11-20 17:13:56,918 [INFO] TIMING | Generation: 6.19s | Total: 7.02s
2025-11-20 17:14:06,446 [INFO] Sketch downloaded from drawings/drawing.png
2025-11-20 17:14:06,476 [INFO] Matched Island ID: 324 (similarity: 0.418)
2025-11-20 17:14:06,687 [INFO] Request: Island 324, Main Category 'heritage'
2025-11-20 17:14:06,689 [INFO] Starting AI image generation...
2025-11-20 17:14:38,373 [INFO] Image uploaded to generated/latest_island.png
2025-11-20 17:14:38,406 [INFO] Firestore updated
2025-11-20 17:14:38,407 [INFO] TIMING | Generation: 30.08s | Total: 31.72s
2025-11-20 17:16:28,080 [INFO] Sketch downloaded from drawings/drawing.png
2025-11-20 17:16:28,105 [INFO] Matched Island ID: 324 (similarity: 0.536)
2025-11-20 17:16:28,191 [INFO] Request: Island 324, Main Category 'nature'
2025-11-20 17:16:28,191 [INFO] Starting AI image generation...
2025-11-20 17:16:45,768 [INFO] Image uploaded to generated/latest_island.png
2025-11-20 17:16:45,806 [INFO] Firestore updated
2025-11-20 17:16:45,807 [INFO] TIMING | Generation: 16.06s | Total: 17.62s
2025-11-20 17:17:28,467 [INFO] Sketch downloaded from drawings/drawing.png
2025-11-20 17:17:28,505 [INFO] Matched Island ID: 324 (similarity: 0.439)
2025-11-20 17:17:28,604 [INFO] Request: Island 324, Main Category 'art'
2025-11-20 17:17:28,605 [INFO] Starting AI image generation...
2025-11-20 17:17:44,216 [INFO] Image uploaded to generated/latest_island.png
2025-11-20 17:17:44,263 [INFO] Firestore updated
2025-11-20 17:17:44,264 [INFO] TIMING | Generation: 14.07s | Total: 15.66s
2025-11-20 17:18:54,132 [INFO] Sketch downloaded from drawings/drawing.png
2025-11-20 17:18:54,157 [INFO] Matched Island ID: 354 (similarity: 0.419)
2025-11-20 17:18:54,332 [INFO] Request: Island 354, Main Category 'heritage'
2025-11-20 17:18:54,332 [INFO] Starting AI image generation...
2025-11-20 17:19:05,954 [INFO] Image uploaded to generated/latest_island.png
2025-11-20 17:19:05,993 [INFO] Firestore updated
2025-11-20 17:19:05,995 [INFO] TIMING | Generation: 10.04s | Total: 11.66s
2025-11-20 17:19:35,590 [INFO] Sketch downloaded from drawings/drawing.png
2025-11-20 17:19:35,618 [INFO] Matched Island ID: 91 (similarity: 0.358)
2025-11-20 17:19:35,803 [INFO] Request: Island 91, Main Category 'nature'
2025-11-20 17:19:35,803 [INFO] Starting AI image generation...
2025-11-20 17:19:47,134 [INFO] Image uploaded to generated/latest_island.png
2025-11-20 17:19:47,164 [INFO] Firestore updated
2025-11-20 17:19:47,165 [INFO] TIMING | Generation: 10.05s | Total: 11.36s
2025-11-20 17:20:47,471 [INFO] Sketch downloaded from drawings/drawing.png
2025-11-20 17:20:47,494 [INFO] Matched Island ID: 99 (similarity: 0.412)
2025-11-20 17:20:47,601 [INFO] Request: Island 99, Main Category 'taste'
2025-11-20 17:20:47,602 [INFO] Starting AI image generation...
2025-11-20 17:20:59,296 [INFO] Image uploaded to generated/latest_island.png
2025-11-20 17:20:59,329 [INFO] Firestore updated
2025-11-20 17:20:59,330 [INFO] TIMING | Generation: 10.04s | Total: 11.73s
2025-11-20 17:21:58,806 [INFO] Sketch downloaded from drawings/drawing.png
2025-11-20 17:21:58,833 [INFO] Matched Island ID: 324 (similarity: 0.512)
2025-11-20 17:21:58,934 [INFO] Request: Island 324, Main Category 'taste'
2025-11-20 17:21:58,935 [INFO] Starting AI image generation...
2025-11-20 17:22:36,192 [INFO] Image uploaded to generated/latest_island.png
2025-11-20 17:22:36,236 [INFO] Firestore updated
2025-11-20 17:22:36,237 [INFO] TIMING | Generation: 36.09s | Total: 37.30s
2025-11-20 17:23:06,318 [INFO] Sketch downloaded from drawings/drawing.png
2025-11-20 17:23:06,352 [INFO] Matched Island ID: 114 (similarity: 0.392)
2025-11-20 17:23:06,471 [INFO] Request: Island 114, Main Category 'nature'
2025-11-20 17:23:06,472 [INFO] Starting AI image generation...
2025-11-20 17:23:26,023 [INFO] Image uploaded to generated/latest_island.png
2025-11-20 17:23:26,065 [INFO] Firestore updated
2025-11-20 17:23:26,066 [INFO] TIMING | Generation: 18.05s | Total: 19.59s
2025-11-20 17:25:06,665 [INFO] Sketch downloaded from drawings/drawing.png
2025-11-20 17:25:06,702 [INFO] Matched Island ID: 324 (similarity: 0.534)
2025-11-20 17:25:06,876 [INFO] Request: Island 324, Main Category 'nature'
2025-11-20 17:25:06,878 [INFO] Starting AI image generation...
2025-11-20 17:25:18,572 [INFO] Image uploaded to generated/latest_island.png
2025-11-20 17:25:18,614 [INFO] Firestore updated
2025-11-20 17:25:18,616 [INFO] TIMING | Generation: 10.10s | Total: 11.74s
2025-11-20 17:26:10,756 [INFO] Sketch downloaded from drawings/drawing.png
2025-11-20 17:26:10,787 [INFO] Matched Island ID: 324 (similarity: 0.429)
2025-11-20 17:26:10,888 [INFO] Request: Island 324, Main Category 'nature'
2025-11-20 17:26:10,890 [INFO] Starting AI image generation...
2025-11-20 17:26:24,012 [INFO] Image uploaded to generated/latest_island.png
2025-11-20 17:26:24,065 [INFO] Firestore updated
2025-11-20 17:26:24,066 [INFO] TIMING | Generation: 12.06s | Total: 13.18s
2025-11-20 17:26:53,224 [INFO] Sketch downloaded from drawings/drawing.png
2025-11-20 17:26:53,257 [INFO] Matched Island ID: 324 (similarity: 0.596)
2025-11-20 17:26:53,332 [INFO] Request: Island 324, Main Category 'nature'
2025-11-20 17:26:53,333 [INFO] Starting AI image generation...
2025-11-20 17:27:04,909 [INFO] Image uploaded to generated/latest_island.png
2025-11-20 17:27:04,947 [INFO] Firestore updated
2025-11-20 17:27:04,948 [INFO] TIMING | Generation: 10.06s | Total: 11.62s
2025-11-20 17:28:00,821 [INFO] Sketch downloaded from drawings/drawing.png
2025-11-20 17:28:00,853 [INFO] Matched Island ID: 324 (similarity: 0.426)
2025-11-20 17:28:01,057 [INFO] Request: Island 324, Main Category 'nature'
2025-11-20 17:28:01,060 [INFO] Starting AI image generation...
2025-11-20 17:28:16,313 [INFO] Image uploaded to generated/latest_island.png
2025-11-20 17:28:16,346 [INFO] Firestore updated
2025-11-20 17:28:16,348 [INFO] TIMING | Generation: 14.07s | Total: 15.29s
2025-11-20 17:28:59,809 [INFO] Sketch downloaded from drawings/drawing.png
2025-11-20 17:28:59,839 [INFO] Matched Island ID: 361 (similarity: 0.457)
2025-11-20 17:29:00,024 [INFO] Request: Island 361, Main Category 'nature'
2025-11-20 17:29:00,025 [INFO] Starting AI image generation...
2025-11-20 17:29:13,687 [INFO] Image uploaded to generated/latest_island.png
2025-11-20 17:29:13,748 [INFO] Firestore updated
2025-11-20 17:29:13,750 [INFO] TIMING | Generation: 12.06s | Total: 13.73s
2025-11-20 17:31:05,303 [INFO] Sketch downloaded from drawings/drawing.png
2025-11-20 17:31:05,334 [INFO] Matched Island ID: 324 (similarity: 0.476)
2025-11-20 17:31:05,441 [INFO] Request: Island 324, Main Category 'nature'
2025-11-20 17:31:05,443 [INFO] Starting AI image generation...
2025-11-20 17:31:18,942 [INFO] Image uploaded to generated/latest_island.png
2025-11-20 17:31:18,981 [INFO] Firestore updated
2025-11-20 17:31:18,983 [INFO] TIMING | Generation: 12.06s | Total: 13.54s
2025-11-20 17:32:19,992 [INFO] Sketch downloaded from drawings/drawing.png
2025-11-20 17:32:20,023 [INFO] Matched Island ID: 324 (similarity: 0.667)
2025-11-20 17:32:20,252 [INFO] Request: Island 324, Main Category 'nature'
2025-11-20 17:32:20,254 [INFO] Starting AI image generation...
2025-11-20 17:32:31,929 [INFO] Image uploaded to generated/latest_island.png
2025-11-20 17:32:31,972 [INFO] Firestore updated
2025-11-20 17:32:31,973 [INFO] TIMING | Generation: 10.06s | Total: 11.72s
2025-11-20 17:34:18,609 [INFO] Sketch downloaded from drawings/drawing.png
2025-11-20 17:34:18,632 [INFO] Matched Island ID: 318 (similarity: 0.288)
2025-11-20 17:34:18,753 [INFO] Request: Island 318, Main Category 'nature'
2025-11-20 17:34:18,754 [INFO] Starting AI image generation...
2025-11-20 17:34:29,827 [INFO] Image uploaded to generated/latest_island.png
2025-11-20 17:34:29,875 [INFO] Firestore updated
2025-11-20 17:34:29,876 [INFO] TIMING | Generation: 10.04s | Total: 11.12s
2025-11-20 17:35:37,730 [INFO] Sketch downloaded from drawings/drawing.png
2025-11-20 17:35:37,764 [INFO] Matched Island ID: 241 (similarity: 0.303)
2025-11-20 17:35:37,886 [INFO] Request: Island 241, Main Category 'heritage'
2025-11-20 17:35:37,887 [INFO] Starting AI image generation...
2025-11-20 17:36:13,514 [INFO] Image uploaded to generated/latest_island.png
2025-11-20 17:36:13,556 [INFO] Firestore updated
2025-11-20 17:36:13,559 [INFO] TIMING | Generation: 34.09s | Total: 35.67s
2025-11-20 17:36:45,148 [INFO] Sketch downloaded from drawings/drawing.png
2025-11-20 17:36:45,180 [INFO] Matched Island ID: 361 (similarity: 0.336)
2025-11-20 17:36:45,372 [INFO] Request: Island 361, Main Category 'heritage'
2025-11-20 17:36:45,373 [INFO] Starting AI image generation...
2025-11-20 17:36:56,288 [INFO] Image uploaded to generated/latest_island.png
2025-11-20 17:36:56,330 [INFO] Firestore updated
2025-11-20 17:36:56,331 [INFO] TIMING | Generation: 10.04s | Total: 10.96s
2025-11-20 17:39:45,237 [INFO] Sketch downloaded from drawings/drawing.png
2025-11-20 17:39:45,271 [INFO] Matched Island ID: 361 (similarity: 0.279)
2025-11-20 17:39:45,367 [INFO] Request: Island 361, Main Category 'nature'
2025-11-20 17:39:45,368 [INFO] Starting AI image generation...
2025-11-20 17:40:01,061 [INFO] Image uploaded to generated/latest_island.png
2025-11-20 17:40:01,102 [INFO] Firestore updated
2025-11-20 17:40:01,102 [INFO] TIMING | Generation: 14.05s | Total: 15.73s
2025-11-20 17:41:53,045 [INFO] Sketch downloaded from drawings/drawing.png
2025-11-20 17:41:53,070 [INFO] Matched Island ID: 324 (similarity: 0.579)
2025-11-20 17:41:53,165 [INFO] Request: Island 324, Main Category 'nature'
2025-11-20 17:41:53,166 [INFO] Starting AI image generation...
2025-11-20 17:42:04,749 [INFO] Image uploaded to generated/latest_island.png
2025-11-20 17:42:04,836 [INFO] Firestore updated
2025-11-20 17:42:04,838 [INFO] TIMING | Generation: 10.04s | Total: 11.67s
2025-11-20 17:42:25,539 [INFO] Sketch downloaded from drawings/drawing.png
2025-11-20 17:42:25,565 [INFO] Matched Island ID: 361 (similarity: 0.328)
2025-11-20 17:42:25,684 [INFO] Request: Island 361, Main Category 'nature'
2025-11-20 17:42:25,685 [INFO] Starting AI image generation...
2025-11-20 17:42:39,319 [INFO] Image uploaded to generated/latest_island.png
2025-11-20 17:42:39,360 [INFO] Firestore updated
2025-11-20 17:42:39,360 [INFO] TIMING | Generation: 12.06s | Total: 13.68s
2025-11-20 17:42:54,258 [INFO] Sketch downloaded from drawings/drawing.png
2025-11-20 17:42:54,285 [INFO] Matched Island ID: 121 (similarity: 0.343)
2025-11-20 17:42:54,471 [INFO] Request: Island 121, Main Category 'nature'
2025-11-20 17:42:54,472 [INFO] Starting AI image generation...
2025-11-20 17:43:07,985 [INFO] Image uploaded to generated/latest_island.png
2025-11-20 17:43:08,015 [INFO] Firestore updated
2025-11-20 17:43:08,017 [INFO] TIMING | Generation: 12.04s | Total: 13.55s
2025-11-20 17:46:47,223 [INFO] Sketch downloaded from drawings/drawing.png
2025-11-20 17:46:47,252 [INFO] Matched Island ID: 324 (similarity: 0.524)
2025-11-20 17:46:47,438 [INFO] Request: Island 324, Main Category 'nature'
2025-11-20 17:46:47,439 [INFO] Starting AI image generation...
2025-11-20 17:47:01,027 [INFO] Image uploaded to generated/latest_island.png
2025-11-20 17:47:01,060 [INFO] Firestore updated
2025-11-20 17:47:01,062 [INFO] TIMING | Generation: 12.04s | Total: 13.62s
2025-11-20 17:47:17,622 [INFO] Sketch downloaded from drawings/drawing.png
2025-11-20 17:47:17,641 [INFO] Matched Island ID: 324 (similarity: 0.440)
2025-11-20 17:47:17,745 [INFO] Request: Island 324, Main Category 'nature'
2025-11-20 17:47:17,746 [INFO] Starting AI image generation...
2025-11-20 17:47:31,436 [INFO] Image uploaded to generated/latest_island.png
2025-11-20 17:47:31,476 [INFO] Firestore updated
2025-11-20 17:47:31,477 [INFO] TIMING | Generation: 12.04s | Total: 13.73s
2025-11-20 17:48:49,231 [INFO] Sketch downloaded from drawings/drawing.png
2025-11-20 17:48:49,252 [INFO] Matched Island ID: 75 (similarity: 0.250)
2025-11-20 17:48:49,403 [INFO] Request: Island 75, Main Category 'nature'
2025-11-20 17:48:49,405 [INFO] Starting AI image generation...
2025-11-20 17:49:00,632 [INFO] Image uploaded to generated/latest_island.png
2025-11-20 17:49:00,674 [INFO] Firestore updated
2025-11-20 17:49:00,675 [INFO] TIMING | Generation: 10.05s | Total: 11.27s
2025-11-20 17:49:12,709 [INFO] Sketch downloaded from drawings/drawing.png
2025-11-20 17:49:12,732 [INFO] Matched Island ID: 324 (similarity: 0.468)
2025-11-20 17:49:12,837 [INFO] Request: Island 324, Main Category 'nature'
2025-11-20 17:49:12,837 [INFO] Starting AI image generation...
2025-11-20 17:49:24,369 [INFO] Image uploaded to generated/latest_island.png
2025-11-20 17:49:24,400 [INFO] Firestore updated
2025-11-20 17:49:24,401 [INFO] TIMING | Generation: 10.04s | Total: 11.56s
2025-11-20 17:49:55,399 [INFO] Sketch downloaded from drawings/drawing.png
2025-11-20 17:49:55,431 [INFO] Matched Island ID: 305 (similarity: 0.217)
2025-11-20 17:49:55,533 [INFO] Request: Island 305, Main Category 'nature'
2025-11-20 17:49:55,534 [INFO] Starting AI image generation...
2025-11-20 17:50:11,206 [INFO] Image uploaded to generated/latest_island.png
2025-11-20 17:50:11,248 [INFO] Firestore updated
2025-11-20 17:50:11,249 [INFO] TIMING | Generation: 14.11s | Total: 15.72s
2025-11-20 17:54:52,007 [INFO] Sketch downloaded from drawings/drawing.png
2025-11-20 17:54:52,031 [INFO] Matched Island ID: 324 (similarity: 0.418)
2025-11-20 17:54:52,204 [INFO] Request: Island 324, Main Category 'nature'
2025-11-20 17:54:52,205 [INFO] Starting AI image generation...
2025-11-20 17:55:03,723 [INFO] Image uploaded to generated/latest_island.png
2025-11-20 17:55:03,820 [INFO] Firestore updated
2025-11-20 17:55:03,821 [INFO] TIMING | Generation: 10.04s | Total: 11.62s
2025-11-20 17:55:11,949 [INFO] Sketch downloaded from drawings/drawing.png
2025-11-20 17:55:11,982 [INFO] Matched Island ID: 269 (similarity: 0.342)
2025-11-20 17:55:12,099 [INFO] Request: Island 269, Main Category 'nature'
2025-11-20 17:55:12,100 [INFO] Starting AI image generation...
2025-11-20 17:55:23,703 [INFO] Image uploaded to generated/latest_island.png
2025-11-20 17:55:23,735 [INFO] Firestore updated
2025-11-20 17:55:23,736 [INFO] TIMING | Generation: 10.04s | Total: 11.64s
2025-11-20 17:55:38,354 [INFO] Sketch downloaded from drawings/drawing.png
2025-11-20 17:55:38,383 [INFO] Matched Island ID: 112 (similarity: 0.295)
2025-11-20 17:55:38,483 [INFO] Request: Island 112, Main Category 'nature'
2025-11-20 17:55:38,484 [INFO] Starting AI image generation...
2025-11-20 17:55:54,141 [INFO] Image uploaded to generated/latest_island.png
2025-11-20 17:55:54,181 [INFO] Firestore updated
2025-11-20 17:55:54,183 [INFO] TIMING | Generation: 14.05s | Total: 15.70s
2025-11-20 17:56:22,600 [INFO] Sketch downloaded from drawings/drawing.png
2025-11-20 17:56:22,622 [INFO] Matched Island ID: 114 (similarity: 0.379)
2025-11-20 17:56:22,728 [INFO] Request: Island 114, Main Category 'nature'
2025-11-20 17:56:22,729 [INFO] Starting AI image generation...
2025-11-20 17:56:34,581 [INFO] Image uploaded to generated/latest_island.png
2025-11-20 17:56:34,620 [INFO] Firestore updated
2025-11-20 17:56:34,621 [INFO] TIMING | Generation: 10.04s | Total: 11.89s
2025-11-20 17:56:45,929 [INFO] Sketch downloaded from drawings/drawing.png
2025-11-20 17:56:45,957 [INFO] Matched Island ID: 112 (similarity: 0.373)
2025-11-20 17:56:46,074 [INFO] Request: Island 112, Main Category 'nature'
2025-11-20 17:56:46,075 [INFO] Starting AI image generation...
2025-11-20 17:56:57,696 [INFO] Image uploaded to generated/latest_island.png
2025-11-20 17:56:57,722 [INFO] Firestore updated
2025-11-20 17:56:57,723 [INFO] TIMING | Generation: 10.05s | Total: 11.65s
2025-11-20 17:57:16,746 [INFO] Sketch downloaded from drawings/drawing.png
2025-11-20 17:57:16,781 [INFO] Matched Island ID: 241 (similarity: 0.370)
2025-11-20 17:57:16,857 [INFO] Request: Island 241, Main Category 'nature'
2025-11-20 17:57:16,858 [INFO] Starting AI image generation...
2025-11-20 17:57:30,467 [INFO] Image uploaded to generated/latest_island.png
2025-11-20 17:57:30,508 [INFO] Firestore updated
2025-11-20 17:57:30,508 [INFO] TIMING | Generation: 12.05s | Total: 13.65s
2025-11-20 17:57:37,748 [INFO] Sketch downloaded from drawings/drawing.png
2025-11-20 17:57:37,768 [INFO] Matched Island ID: 361 (similarity: 0.283)
2025-11-20 17:57:37,852 [INFO] Request: Island 361, Main Category 'nature'
2025-11-20 17:57:37,853 [INFO] Starting AI image generation...
2025-11-20 17:57:49,586 [INFO] Image uploaded to generated/latest_island.png
2025-11-20 17:57:49,624 [INFO] Firestore updated
2025-11-20 17:57:49,625 [INFO] TIMING | Generation: 10.04s | Total: 11.77s
2025-11-21 09:10:30,738 [INFO] Firebase initialized
2025-11-21 09:10:38,882 [INFO] IslandRetriever initialized (DB: C:\Users\devel\Desktop\Final\AI-ART\ComfyUI\input\generated_sketches_all)
2025-11-21 09:10:39,132 [INFO] ComfyUI initialized (workflows: ['autumn', 'baekja', 'camellia', 'canola', 'cherry', 'constellation', 'dansaekhwa', 'entertainment', 'fantasy', 'hydragea', 'jage', 'jasu', 'klimt', 'landscape', 'monet', 'origami', 'pollock', 'sinyunbok', 'sumuk', 'traditional', 'vangogh', 'wave', 'winter'])
2025-11-21 09:10:39,135 [INFO] ==================================================
2025-11-21 09:10:39,136 [INFO] Flask AI Server Starting...
2025-11-21 09:10:39,137 [INFO] Storage Path: drawings/drawing.png
2025-11-21 09:10:39,138 [INFO] Port: 23100
2025-11-21 09:10:39,139 [INFO] ==================================================
2025-11-21 09:11:04,130 [INFO] Sketch downloaded from drawings/drawing.png
2025-11-21 09:11:04,167 [INFO] Matched Island ID: 44 (similarity: 0.393)
2025-11-21 09:11:04,399 [INFO] Request: Island 44, Main Category 'nature'
2025-11-21 09:11:04,402 [INFO] Starting AI image generation...
2025-11-21 09:11:26,060 [INFO] Image uploaded to generated/latest_island.png
2025-11-21 09:11:26,208 [INFO] Firestore updated
2025-11-21 09:11:26,209 [INFO] TIMING | Generation: 20.09s | Total: 21.81s
2025-11-21 09:11:55,060 [INFO] Sketch downloaded from drawings/drawing.png
2025-11-21 09:11:55,087 [INFO] Matched Island ID: 44 (similarity: 0.414)
2025-11-21 09:11:55,172 [INFO] Request: Island 44, Main Category 'nature'
2025-11-21 09:11:55,175 [INFO] Starting AI image generation...
2025-11-21 09:12:06,752 [INFO] Image uploaded to generated/latest_island.png
2025-11-21 09:12:06,795 [INFO] Firestore updated
2025-11-21 09:12:06,796 [INFO] TIMING | Generation: 10.07s | Total: 11.63s
2025-11-21 09:21:41,859 [INFO] Sketch downloaded from drawings/drawing.png
2025-11-21 09:21:41,889 [INFO] Matched Island ID: 222 (similarity: 0.314)
2025-11-21 09:21:42,024 [INFO] Request: Island 222, Main Category 'nature'
2025-11-21 09:21:42,026 [INFO] Starting AI image generation...
2025-11-21 09:21:55,583 [INFO] Image uploaded to generated/latest_island.png
2025-11-21 09:21:55,684 [INFO] Firestore updated
2025-11-21 09:21:55,685 [INFO] TIMING | Generation: 12.07s | Total: 13.66s
2025-11-21 09:22:12,181 [INFO] Sketch downloaded from drawings/drawing.png
2025-11-21 09:22:12,202 [INFO] Matched Island ID: 25 (similarity: 0.350)
2025-11-21 09:22:12,312 [INFO] Request: Island 25, Main Category 'nature'
2025-11-21 09:22:12,315 [INFO] Starting AI image generation...
2025-11-21 09:22:23,902 [INFO] Image uploaded to generated/latest_island.png
2025-11-21 09:22:23,945 [INFO] Firestore updated
2025-11-21 09:22:23,946 [INFO] TIMING | Generation: 10.07s | Total: 11.63s
2025-11-21 09:27:36,787 [INFO] Sketch downloaded from drawings/drawing.png
2025-11-21 09:27:36,814 [INFO] Matched Island ID: 330 (similarity: 0.380)
2025-11-21 09:27:36,985 [INFO] Request: Island 330, Main Category 'nature'
2025-11-21 09:27:36,986 [INFO] Starting AI image generation...
2025-11-21 09:27:54,642 [INFO] Image uploaded to generated/latest_island.png
2025-11-21 09:27:54,734 [INFO] Firestore updated
2025-11-21 09:27:54,735 [INFO] TIMING | Generation: 16.07s | Total: 17.75s
2025-11-21 09:29:43,609 [INFO] Sketch downloaded from drawings/drawing.png
2025-11-21 09:29:43,635 [INFO] Matched Island ID: 44 (similarity: 0.304)
2025-11-21 09:29:43,711 [INFO] Request: Island 44, Main Category 'nature'
2025-11-21 09:29:43,711 [INFO] Starting AI image generation...
2025-11-21 09:29:59,410 [INFO] Image uploaded to generated/latest_island.png
2025-11-21 09:29:59,454 [INFO] Firestore updated
2025-11-21 09:29:59,455 [INFO] TIMING | Generation: 14.11s | Total: 15.75s
2025-11-21 09:31:25,041 [INFO] Sketch downloaded from drawings/drawing.png
2025-11-21 09:31:25,073 [INFO] Matched Island ID: 41 (similarity: 0.312)
2025-11-21 09:31:25,166 [INFO] Request: Island 41, Main Category 'nature'
2025-11-21 09:31:25,168 [INFO] Starting AI image generation...
2025-11-21 09:31:42,840 [INFO] Image uploaded to generated/latest_island.png
2025-11-21 09:31:42,894 [INFO] Firestore updated
2025-11-21 09:31:42,895 [INFO] TIMING | Generation: 16.07s | Total: 17.73s
2025-11-21 09:31:53,199 [INFO] Sketch downloaded from drawings/drawing.png
2025-11-21 09:31:53,220 [INFO] Matched Island ID: 44 (similarity: 0.270)
2025-11-21 09:31:53,293 [INFO] Request: Island 44, Main Category 'nature'
2025-11-21 09:31:53,296 [INFO] Starting AI image generation...
2025-11-21 09:32:04,946 [INFO] Image uploaded to generated/latest_island.png
2025-11-21 09:32:04,989 [INFO] Firestore updated
2025-11-21 09:32:04,990 [INFO] TIMING | Generation: 10.06s | Total: 11.70s
2025-11-21 09:32:48,847 [INFO] Sketch downloaded from drawings/drawing.png
2025-11-21 09:32:48,879 [INFO] Matched Island ID: 26 (similarity: 0.371)
2025-11-21 09:32:49,076 [INFO] Request: Island 26, Main Category 'nature'
2025-11-21 09:32:49,077 [INFO] Starting AI image generation...
2025-11-21 09:33:02,656 [INFO] Image uploaded to generated/latest_island.png
2025-11-21 09:33:02,688 [INFO] Firestore updated
2025-11-21 09:33:02,689 [INFO] TIMING | Generation: 12.05s | Total: 13.61s
2025-11-21 09:33:12,474 [INFO] Sketch downloaded from drawings/drawing.png
2025-11-21 09:33:12,548 [INFO] Matched Island ID: 222 (similarity: 0.406)
2025-11-21 09:33:12,707 [INFO] Request: Island 222, Main Category 'nature'
2025-11-21 09:33:12,710 [INFO] Starting AI image generation...
2025-11-21 09:33:24,393 [INFO] Image uploaded to generated/latest_island.png
2025-11-21 09:33:24,422 [INFO] Firestore updated
2025-11-21 09:33:24,423 [INFO] TIMING | Generation: 10.07s | Total: 11.72s
2025-11-21 09:34:29,002 [INFO] Sketch downloaded from drawings/drawing.png
2025-11-21 09:34:29,039 [INFO] Matched Island ID: 65 (similarity: 0.450)
2025-11-21 09:34:29,224 [INFO] Request: Island 65, Main Category 'nature'
2025-11-21 09:34:29,225 [INFO] Starting AI image generation...
2025-11-21 09:34:42,840 [INFO] Image uploaded to generated/latest_island.png
2025-11-21 09:34:42,885 [INFO] Firestore updated
2025-11-21 09:34:42,886 [INFO] TIMING | Generation: 12.06s | Total: 13.66s
2025-11-21 09:35:28,196 [INFO] Sketch downloaded from drawings/drawing.png
2025-11-21 09:35:28,217 [INFO] Matched Island ID: 17 (similarity: 0.249)
2025-11-21 09:35:28,333 [INFO] Request: Island 17, Main Category 'nature'
2025-11-21 09:35:28,335 [INFO] Starting AI image generation...
2025-11-21 09:35:43,960 [INFO] Image uploaded to generated/latest_island.png
2025-11-21 09:35:43,995 [INFO] Firestore updated
2025-11-21 09:35:43,996 [INFO] TIMING | Generation: 14.07s | Total: 15.66s
2025-11-21 09:41:44,485 [INFO] Request: Island 148, Main Category 'cherry'
2025-11-21 09:41:44,488 [INFO] Starting AI image generation...
2025-11-21 09:41:58,096 [INFO] Image uploaded to generated/latest_island.png
2025-11-21 09:41:58,258 [INFO] Firestore updated
2025-11-21 09:41:58,259 [INFO] TIMING | Generation: 12.05s | Total: 13.78s
2025-11-21 09:42:23,790 [INFO] Request: Island 148, Main Category 'cherry'
2025-11-21 09:42:23,791 [INFO] Starting AI image generation...
2025-11-21 09:42:35,414 [INFO] Image uploaded to generated/latest_island.png
2025-11-21 09:42:35,526 [INFO] Firestore updated
2025-11-21 09:42:35,526 [INFO] TIMING | Generation: 10.05s | Total: 11.74s
2025-11-21 09:50:59,288 [INFO] Sketch downloaded from drawings/drawing.png
2025-11-21 09:50:59,315 [INFO] Matched Island ID: 340 (similarity: 0.362)
2025-11-21 09:50:59,451 [INFO] Request: Island 340, Main Category 'nature'
2025-11-21 09:50:59,452 [INFO] Starting AI image generation...
2025-11-21 09:51:24,504 [INFO] Image uploaded to generated/latest_island.png
2025-11-21 09:51:24,612 [INFO] Firestore updated
2025-11-21 09:51:24,613 [INFO] TIMING | Generation: 24.07s | Total: 25.16s
2025-11-21 10:06:22,601 [INFO] Sketch downloaded from drawings/drawing.png
2025-11-21 10:06:22,627 [INFO] Matched Island ID: 91 (similarity: 0.287)
2025-11-21 10:06:22,767 [INFO] Request: Island 91, Main Category 'nature'
2025-11-21 10:06:22,770 [INFO] Starting AI image generation...
2025-11-21 10:06:34,342 [INFO] Image uploaded to generated/latest_island.png
2025-11-21 10:06:34,432 [INFO] Firestore updated
2025-11-21 10:06:34,433 [INFO] TIMING | Generation: 10.06s | Total: 11.67s
2025-11-21 10:08:37,219 [INFO] Sketch downloaded from drawings/drawing.png
2025-11-21 10:08:37,243 [INFO] Matched Island ID: 361 (similarity: 0.315)
2025-11-21 10:08:37,373 [INFO] Request: Island 361, Main Category 'nature'
2025-11-21 10:08:37,375 [INFO] Starting AI image generation...
2025-11-21 10:08:58,812 [INFO] Image uploaded to generated/latest_island.png
2025-11-21 10:08:58,853 [INFO] Firestore updated
2025-11-21 10:08:58,854 [INFO] TIMING | Generation: 20.07s | Total: 21.48s
2025-11-21 10:14:20,122 [INFO] Sketch downloaded from drawings/drawing.png
2025-11-21 10:14:20,150 [INFO] Matched Island ID: 77 (similarity: 0.205)
2025-11-21 10:14:20,363 [INFO] Request: Island 77, Main Category 'nature'
2025-11-21 10:14:20,364 [INFO] Starting AI image generation...
2025-11-21 10:14:52,043 [INFO] Image uploaded to generated/latest_island.png
2025-11-21 10:14:52,147 [INFO] Firestore updated
2025-11-21 10:14:52,148 [INFO] TIMING | Generation: 30.09s | Total: 31.79s
2025-11-21 10:20:12,070 [INFO] Sketch downloaded from drawings/drawing.png
2025-11-21 10:20:12,121 [INFO] Matched Island ID: 44 (similarity: 0.268)
2025-11-21 10:20:12,319 [INFO] Request: Island 44, Main Category 'nature'
2025-11-21 10:20:12,319 [INFO] Starting AI image generation...
2025-11-21 10:20:23,985 [INFO] Image uploaded to generated/latest_island.png
2025-11-21 10:20:24,075 [INFO] Firestore updated
2025-11-21 10:20:24,076 [INFO] TIMING | Generation: 10.06s | Total: 11.76s
2025-11-21 10:20:46,611 [INFO] Sketch downloaded from drawings/drawing.png
2025-11-21 10:20:46,638 [INFO] Matched Island ID: 75 (similarity: 0.240)
2025-11-21 10:20:46,737 [INFO] Request: Island 75, Main Category 'nature'
2025-11-21 10:20:46,739 [INFO] Starting AI image generation...
2025-11-21 10:21:14,439 [INFO] Image uploaded to generated/latest_island.png
2025-11-21 10:21:14,483 [INFO] Firestore updated
2025-11-21 10:21:14,484 [INFO] TIMING | Generation: 26.08s | Total: 27.75s
2025-11-21 10:21:33,762 [INFO] Sketch downloaded from drawings/drawing.png
2025-11-21 10:21:33,784 [INFO] Matched Island ID: 44 (similarity: 0.367)
2025-11-21 10:21:33,929 [INFO] Request: Island 44, Main Category 'nature'
2025-11-21 10:21:33,929 [INFO] Starting AI image generation...
2025-11-21 10:21:53,606 [INFO] Image uploaded to generated/latest_island.png
2025-11-21 10:21:53,649 [INFO] Firestore updated
2025-11-21 10:21:53,650 [INFO] TIMING | Generation: 18.08s | Total: 19.72s
2025-11-21 10:22:18,539 [INFO] Sketch downloaded from drawings/drawing.png
2025-11-21 10:22:18,557 [INFO] Matched Island ID: 44 (similarity: 0.352)
2025-11-21 10:22:18,626 [INFO] Request: Island 44, Main Category 'nature'
2025-11-21 10:22:18,627 [INFO] Starting AI image generation...
2025-11-21 10:22:38,209 [INFO] Image uploaded to generated/latest_island.png
2025-11-21 10:22:38,248 [INFO] Firestore updated
2025-11-21 10:22:38,249 [INFO] TIMING | Generation: 18.06s | Total: 19.62s
2025-11-21 10:22:52,650 [INFO] Sketch downloaded from drawings/drawing.png
2025-11-21 10:22:52,677 [INFO] Matched Island ID: 44 (similarity: 0.311)
2025-11-21 10:22:52,755 [INFO] Request: Island 44, Main Category 'nature'
2025-11-21 10:22:52,756 [INFO] Starting AI image generation...
2025-11-21 10:23:20,389 [INFO] Image uploaded to generated/latest_island.png
2025-11-21 10:23:20,438 [INFO] Firestore updated
2025-11-21 10:23:20,439 [INFO] TIMING | Generation: 26.09s | Total: 27.68s
2025-11-21 10:23:36,978 [INFO] Sketch downloaded from drawings/drawing.png
2025-11-21 10:23:37,004 [INFO] Matched Island ID: 47 (similarity: 0.363)
2025-11-21 10:23:37,206 [INFO] Request: Island 47, Main Category 'nature'
2025-11-21 10:23:37,207 [INFO] Starting AI image generation...
2025-11-21 10:24:04,804 [INFO] Image uploaded to generated/latest_island.png
2025-11-21 10:24:04,844 [INFO] Firestore updated
2025-11-21 10:24:04,845 [INFO] TIMING | Generation: 26.08s | Total: 27.64s
2025-11-21 10:31:31,592 [INFO] Sketch downloaded from drawings/drawing.png
2025-11-21 10:31:31,616 [INFO] Matched Island ID: 135 (similarity: 0.294)
2025-11-21 10:31:31,819 [INFO] Request: Island 135, Main Category 'nature'
2025-11-21 10:31:31,820 [INFO] Starting AI image generation...
2025-11-21 10:31:53,471 [INFO] Image uploaded to generated/latest_island.png
2025-11-21 10:31:53,562 [INFO] Firestore updated
2025-11-21 10:31:53,563 [INFO] TIMING | Generation: 20.07s | Total: 21.74s
2025-11-21 10:32:10,187 [INFO] Sketch downloaded from drawings/drawing.png
2025-11-21 10:32:10,207 [INFO] Matched Island ID: 350 (similarity: 0.288)
2025-11-21 10:32:10,297 [INFO] Request: Island 350, Main Category 'nature'
2025-11-21 10:32:10,297 [INFO] Starting AI image generation...
2025-11-21 10:32:30,103 [INFO] Image uploaded to generated/latest_island.png
2025-11-21 10:32:30,149 [INFO] Firestore updated
2025-11-21 10:32:30,150 [INFO] TIMING | Generation: 18.07s | Total: 19.85s
2025-11-21 10:57:28,156 [INFO] Sketch downloaded from drawings/drawing.png
2025-11-21 10:57:28,219 [INFO] Matched Island ID: 222 (similarity: 0.337)
2025-11-21 10:57:28,426 [INFO] Request: Island 222, Main Category 'nature'
2025-11-21 10:57:28,427 [INFO] Starting AI image generation...
2025-11-21 10:57:47,421 [INFO] Image uploaded to generated/latest_island.png
2025-11-21 10:57:47,529 [INFO] Firestore updated
2025-11-21 10:57:47,530 [INFO] TIMING | Generation: 18.06s | Total: 19.10s
2025-11-21 10:58:14,686 [INFO] Sketch downloaded from drawings/drawing.png
2025-11-21 10:58:14,707 [INFO] Matched Island ID: 222 (similarity: 0.332)
2025-11-21 10:58:14,804 [INFO] Request: Island 222, Main Category 'nature'
2025-11-21 10:58:14,805 [INFO] Starting AI image generation...
2025-11-21 10:58:32,412 [INFO] Image uploaded to generated/latest_island.png
2025-11-21 10:58:32,451 [INFO] Firestore updated
2025-11-21 10:58:32,452 [INFO] TIMING | Generation: 16.07s | Total: 17.65s
2025-11-21 11:00:10,093 [INFO] Sketch downloaded from drawings/drawing.png
2025-11-21 11:00:10,126 [INFO] Matched Island ID: 201 (similarity: 0.325)
2025-11-21 11:00:10,305 [INFO] Request: Island 201, Main Category 'nature'
2025-11-21 11:00:10,307 [INFO] Starting AI image generation...
2025-11-21 11:00:31,375 [INFO] Image uploaded to generated/latest_island.png
2025-11-21 11:00:31,412 [INFO] Firestore updated
2025-11-21 11:00:31,412 [INFO] TIMING | Generation: 20.08s | Total: 21.11s
2025-11-21 11:00:51,978 [INFO] Sketch downloaded from drawings/drawing.png
2025-11-21 11:00:51,997 [INFO] Matched Island ID: 222 (similarity: 0.348)
2025-11-21 11:00:52,091 [INFO] Request: Island 222, Main Category 'nature'
2025-11-21 11:00:52,092 [INFO] Starting AI image generation...
2025-11-21 11:01:09,692 [INFO] Image uploaded to generated/latest_island.png
2025-11-21 11:01:09,736 [INFO] Firestore updated
2025-11-21 11:01:09,737 [INFO] TIMING | Generation: 16.06s | Total: 17.65s
2025-11-21 11:01:46,813 [INFO] Sketch downloaded from drawings/drawing.png
2025-11-21 11:01:46,855 [INFO] Matched Island ID: 171 (similarity: 0.266)
2025-11-21 11:01:46,990 [INFO] Request: Island 171, Main Category 'nature'
2025-11-21 11:01:46,990 [INFO] Starting AI image generation...
2025-11-21 11:02:03,995 [INFO] Image uploaded to generated/latest_island.png
2025-11-21 11:02:04,038 [INFO] Firestore updated
2025-11-21 11:02:04,039 [INFO] TIMING | Generation: 16.05s | Total: 17.05s
2025-11-21 11:02:23,808 [INFO] Sketch downloaded from drawings/drawing.png
2025-11-21 11:02:23,842 [INFO] Matched Island ID: 47 (similarity: 0.380)
2025-11-21 11:02:23,933 [INFO] Request: Island 47, Main Category 'nature'
2025-11-21 11:02:23,934 [INFO] Starting AI image generation...
2025-11-21 11:02:39,526 [INFO] Image uploaded to generated/latest_island.png
2025-11-21 11:02:39,560 [INFO] Firestore updated
2025-11-21 11:02:39,561 [INFO] TIMING | Generation: 14.06s | Total: 15.63s
2025-11-21 11:07:13,423 [INFO] Sketch downloaded from drawings/drawing.png
2025-11-21 11:07:13,457 [INFO] Matched Island ID: 346 (similarity: 0.302)
2025-11-21 11:07:13,652 [INFO] Request: Island 346, Main Category 'nature'
2025-11-21 11:07:13,653 [INFO] Starting AI image generation...
2025-11-21 11:07:34,713 [INFO] Image uploaded to generated/latest_island.png
2025-11-21 11:07:34,800 [INFO] Firestore updated
2025-11-21 11:07:34,801 [INFO] TIMING | Generation: 20.06s | Total: 21.15s
2025-11-21 11:09:00,640 [INFO] Sketch downloaded from drawings/drawing.png
2025-11-21 11:09:00,685 [INFO] Matched Island ID: 38 (similarity: 0.409)
2025-11-21 11:09:00,841 [INFO] Request: Island 38, Main Category 'nature'
2025-11-21 11:09:00,842 [INFO] Starting AI image generation...
2025-11-21 11:09:24,536 [INFO] Image uploaded to generated/latest_island.png
2025-11-21 11:09:24,584 [INFO] Firestore updated
2025-11-21 11:09:24,584 [INFO] TIMING | Generation: 22.07s | Total: 23.75s
2025-11-21 11:10:43,412 [INFO] Sketch downloaded from drawings/drawing.png
2025-11-21 11:10:43,430 [INFO] Matched Island ID: 222 (similarity: 0.333)
2025-11-21 11:10:43,668 [INFO] Request: Island 222, Main Category 'nature'
2025-11-21 11:10:43,669 [INFO] Starting AI image generation...
2025-11-21 11:11:05,233 [INFO] Image uploaded to generated/latest_island.png
2025-11-21 11:11:05,267 [INFO] Firestore updated
2025-11-21 11:11:05,268 [INFO] TIMING | Generation: 20.06s | Total: 21.61s
2025-11-21 11:14:17,482 [INFO] Sketch downloaded from drawings/drawing.png
2025-11-21 11:14:17,511 [INFO] Matched Island ID: 222 (similarity: 0.314)
2025-11-21 11:14:17,691 [INFO] Request: Island 222, Main Category 'nature'
2025-11-21 11:14:17,692 [INFO] Starting AI image generation...
2025-11-21 11:14:37,372 [INFO] Image uploaded to generated/latest_island.png
2025-11-21 11:14:37,405 [INFO] Firestore updated
2025-11-21 11:14:37,405 [INFO] TIMING | Generation: 18.05s | Total: 19.71s
2025-11-21 11:14:53,382 [INFO] Sketch downloaded from drawings/drawing.png
2025-11-21 11:14:53,406 [INFO] Matched Island ID: 355 (similarity: 0.385)
2025-11-21 11:14:53,503 [INFO] Request: Island 355, Main Category 'nature'
2025-11-21 11:14:53,504 [INFO] Starting AI image generation...
2025-11-21 11:15:07,209 [INFO] Image uploaded to generated/latest_island.png
2025-11-21 11:15:07,246 [INFO] Firestore updated
2025-11-21 11:15:07,247 [INFO] TIMING | Generation: 12.08s | Total: 13.74s
2025-11-21 11:15:23,545 [INFO] Sketch downloaded from drawings/drawing.png
2025-11-21 11:15:23,581 [INFO] Matched Island ID: 91 (similarity: 0.402)
2025-11-21 11:15:23,724 [INFO] Request: Island 91, Main Category 'nature'
2025-11-21 11:15:23,725 [INFO] Starting AI image generation...
2025-11-21 11:15:41,320 [INFO] Image uploaded to generated/latest_island.png
2025-11-21 11:15:41,363 [INFO] Firestore updated
2025-11-21 11:15:41,364 [INFO] TIMING | Generation: 16.06s | Total: 17.64s
2025-11-21 11:15:58,929 [INFO] Sketch downloaded from drawings/drawing.png
2025-11-21 11:15:58,997 [INFO] Matched Island ID: 51 (similarity: 0.380)
2025-11-21 11:15:59,182 [INFO] Request: Island 51, Main Category 'nature'
2025-11-21 11:15:59,183 [INFO] Starting AI image generation...
2025-11-21 11:16:14,853 [INFO] Image uploaded to generated/latest_island.png
2025-11-21 11:16:14,892 [INFO] Firestore updated
2025-11-21 11:16:14,893 [INFO] TIMING | Generation: 14.05s | Total: 15.71s
2025-11-21 11:16:31,287 [INFO] Sketch downloaded from drawings/drawing.png
2025-11-21 11:16:31,309 [INFO] Matched Island ID: 44 (similarity: 0.255)
2025-11-21 11:16:31,424 [INFO] Request: Island 44, Main Category 'nature'
2025-11-21 11:16:31,426 [INFO] Starting AI image generation...
2025-11-21 11:16:51,085 [INFO] Image uploaded to generated/latest_island.png
2025-11-21 11:16:51,105 [INFO] Firestore updated
2025-11-21 11:16:51,106 [INFO] TIMING | Generation: 18.06s | Total: 19.68s
2025-11-21 11:17:13,357 [INFO] Sketch downloaded from drawings/drawing.png
2025-11-21 11:17:13,379 [INFO] Matched Island ID: 91 (similarity: 0.395)
2025-11-21 11:17:13,459 [INFO] Request: Island 91, Main Category 'nature'
2025-11-21 11:17:13,460 [INFO] Starting AI image generation...
2025-11-21 11:17:29,156 [INFO] Image uploaded to generated/latest_island.png
2025-11-21 11:17:29,202 [INFO] Firestore updated
2025-11-21 11:17:29,202 [INFO] TIMING | Generation: 14.07s | Total: 15.74s
2025-11-21 11:17:55,052 [INFO] Sketch downloaded from drawings/drawing.png
2025-11-21 11:17:55,085 [INFO] Matched Island ID: 91 (similarity: 0.306)
2025-11-21 11:17:55,268 [INFO] Request: Island 91, Main Category 'nature'
2025-11-21 11:17:55,268 [INFO] Starting AI image generation...
2025-11-21 11:18:14,625 [INFO] Image uploaded to generated/latest_island.png
2025-11-21 11:18:14,673 [INFO] Firestore updated
2025-11-21 11:18:14,675 [INFO] TIMING | Generation: 18.24s | Total: 19.41s
2025-11-21 11:22:43,039 [INFO] Request: Island 129, Main Category 'cherry'
2025-11-21 11:22:43,040 [INFO] Starting AI image generation...
2025-11-21 11:22:56,779 [INFO] Image uploaded to generated/latest_island.png
2025-11-21 11:22:57,139 [INFO] Firestore updated
2025-11-21 11:22:57,140 [INFO] TIMING | Generation: 12.07s | Total: 14.10s
2025-11-21 11:23:03,315 [INFO] Request: Island 129, Main Category 'cherry'
2025-11-21 11:23:03,316 [INFO] Starting AI image generation...
2025-11-21 11:23:18,968 [INFO] Image uploaded to generated/latest_island.png
2025-11-21 11:23:19,080 [INFO] Firestore updated
2025-11-21 11:23:19,081 [INFO] TIMING | Generation: 14.05s | Total: 15.77s
2025-11-21 11:24:32,217 [INFO] Request: Island 129, Main Category 'cherry'
2025-11-21 11:24:32,218 [INFO] Starting AI image generation...
2025-11-21 11:24:47,850 [INFO] Image uploaded to generated/latest_island.png
2025-11-21 11:24:48,222 [INFO] Firestore updated
2025-11-21 11:24:48,223 [INFO] TIMING | Generation: 14.05s | Total: 16.01s
2025-11-21 11:25:45,440 [INFO] Request: Island 129, Main Category 'cherry'
2025-11-21 11:25:45,440 [INFO] Starting AI image generation...
2025-11-21 11:26:01,060 [INFO] Image uploaded to generated/latest_island.png
2025-11-21 11:26:01,190 [INFO] Firestore updated
2025-11-21 11:26:01,192 [INFO] TIMING | Generation: 14.06s | Total: 15.75s
2025-11-21 11:26:47,512 [INFO] Request: Island 129, Main Category 'cherry'
2025-11-21 11:26:47,514 [INFO] Starting AI image generation...
2025-11-21 11:27:07,174 [INFO] Image uploaded to generated/latest_island.png
2025-11-21 11:27:07,293 [INFO] Firestore updated
2025-11-21 11:27:07,294 [INFO] TIMING | Generation: 18.07s | Total: 19.78s
2025-11-21 11:33:36,329 [INFO] Sketch downloaded from drawings/drawing.png
2025-11-21 11:33:36,351 [INFO] Matched Island ID: 63 (similarity: 0.307)
2025-11-21 11:33:36,579 [INFO] Request: Island 63, Main Category 'nature'
2025-11-21 11:33:36,581 [INFO] Starting AI image generation...
2025-11-21 11:33:54,146 [INFO] Image uploaded to generated/latest_island.png
2025-11-21 11:33:54,245 [INFO] Firestore updated
2025-11-21 11:33:54,246 [INFO] TIMING | Generation: 16.06s | Total: 17.67s
2025-11-21 11:43:09,944 [INFO] Sketch downloaded from drawings/drawing.png
2025-11-21 11:43:09,984 [INFO] Matched Island ID: 201 (similarity: 0.273)
2025-11-21 11:43:10,174 [INFO] Request: Island 201, Main Category 'nature'
2025-11-21 11:43:10,175 [INFO] Starting AI image generation...
2025-11-21 11:43:29,833 [INFO] Image uploaded to generated/latest_island.png
2025-11-21 11:43:29,929 [INFO] Firestore updated
2025-11-21 11:43:29,930 [INFO] TIMING | Generation: 18.06s | Total: 19.76s
2025-11-21 11:46:32,125 [INFO] Sketch downloaded from drawings/drawing.png
2025-11-21 11:46:32,151 [INFO] Matched Island ID: 222 (similarity: 0.293)
2025-11-21 11:46:32,237 [INFO] Request: Island 222, Main Category 'nature'
2025-11-21 11:46:32,238 [INFO] Starting AI image generation...
2025-11-21 11:46:49,956 [INFO] Image uploaded to generated/latest_island.png
2025-11-21 11:46:49,986 [INFO] Firestore updated
2025-11-21 11:46:49,987 [INFO] TIMING | Generation: 16.06s | Total: 17.75s
2025-11-21 11:47:31,731 [INFO] Sketch downloaded from drawings/drawing.png
2025-11-21 11:47:31,760 [INFO] Matched Island ID: 222 (similarity: 0.272)
2025-11-21 11:47:31,945 [INFO] Request: Island 222, Main Category 'nature'
2025-11-21 11:47:31,946 [INFO] Starting AI image generation...
2025-11-21 11:47:57,584 [INFO] Image uploaded to generated/latest_island.png
2025-11-21 11:47:57,643 [INFO] Firestore updated
2025-11-21 11:47:57,643 [INFO] TIMING | Generation: 24.07s | Total: 25.70s
2025-11-21 11:48:18,078 [INFO] Sketch downloaded from drawings/drawing.png
2025-11-21 11:48:18,104 [INFO] Matched Island ID: 178 (similarity: 0.413)
2025-11-21 11:48:18,199 [INFO] Request: Island 178, Main Category 'nature'
2025-11-21 11:48:18,201 [INFO] Starting AI image generation...
2025-11-21 11:48:35,884 [INFO] Image uploaded to generated/latest_island.png
2025-11-21 11:48:35,922 [INFO] Firestore updated
2025-11-21 11:48:35,922 [INFO] TIMING | Generation: 16.06s | Total: 17.72s
2025-11-21 11:49:06,220 [INFO] Sketch downloaded from drawings/drawing.png
2025-11-21 11:49:06,247 [INFO] Matched Island ID: 355 (similarity: 0.347)
2025-11-21 11:49:06,333 [INFO] Request: Island 355, Main Category 'nature'
2025-11-21 11:49:06,334 [INFO] Starting AI image generation...
2025-11-21 11:49:23,965 [INFO] Image uploaded to generated/latest_island.png
2025-11-21 11:49:24,005 [INFO] Firestore updated
2025-11-21 11:49:24,006 [INFO] TIMING | Generation: 16.07s | Total: 17.67s
2025-11-21 11:49:40,341 [INFO] Sketch downloaded from drawings/drawing.png
2025-11-21 11:49:40,361 [INFO] Matched Island ID: 65 (similarity: 0.359)
2025-11-21 11:49:40,453 [INFO] Request: Island 65, Main Category 'nature'
2025-11-21 11:49:40,454 [INFO] Starting AI image generation...
2025-11-21 11:50:01,456 [INFO] Image uploaded to generated/latest_island.png
2025-11-21 11:50:01,495 [INFO] Firestore updated
2025-11-21 11:50:01,495 [INFO] TIMING | Generation: 20.06s | Total: 21.04s
2025-11-21 11:50:10,000 [INFO] Sketch downloaded from drawings/drawing.png
2025-11-21 11:50:10,020 [INFO] Matched Island ID: 340 (similarity: 0.365)
2025-11-21 11:50:10,115 [INFO] Request: Island 340, Main Category 'nature'
2025-11-21 11:50:10,116 [INFO] Starting AI image generation...
2025-11-21 11:50:29,725 [INFO] Image uploaded to generated/latest_island.png
2025-11-21 11:50:29,768 [INFO] Firestore updated
2025-11-21 11:50:29,769 [INFO] TIMING | Generation: 18.07s | Total: 19.65s
2025-11-21 11:50:44,009 [INFO] Sketch downloaded from drawings/drawing.png
2025-11-21 11:50:44,047 [INFO] Matched Island ID: 44 (similarity: 0.294)
2025-11-21 11:50:44,148 [INFO] Request: Island 44, Main Category 'nature'
2025-11-21 11:50:44,150 [INFO] Starting AI image generation...
2025-11-21 11:51:01,761 [INFO] Image uploaded to generated/latest_island.png
2025-11-21 11:51:01,791 [INFO] Firestore updated
2025-11-21 11:51:01,792 [INFO] TIMING | Generation: 16.06s | Total: 17.64s
2025-11-21 11:51:15,228 [INFO] Sketch downloaded from drawings/drawing.png
2025-11-21 11:51:15,257 [INFO] Matched Island ID: 314 (similarity: 0.263)
2025-11-21 11:51:15,357 [INFO] Request: Island 314, Main Category 'nature'
2025-11-21 11:51:15,359 [INFO] Starting AI image generation...
2025-11-21 11:51:32,925 [INFO] Image uploaded to generated/latest_island.png
2025-11-21 11:51:32,983 [INFO] Firestore updated
2025-11-21 11:51:32,983 [INFO] TIMING | Generation: 16.06s | Total: 17.63s
2025-11-21 11:51:59,126 [INFO] Sketch downloaded from drawings/drawing.png
2025-11-21 11:51:59,158 [INFO] Matched Island ID: 314 (similarity: 0.315)
2025-11-21 11:51:59,225 [INFO] Request: Island 314, Main Category 'nature'
2025-11-21 11:51:59,226 [INFO] Starting AI image generation...
2025-11-21 11:52:16,859 [INFO] Image uploaded to generated/latest_island.png
2025-11-21 11:52:16,890 [INFO] Firestore updated
2025-11-21 11:52:16,891 [INFO] TIMING | Generation: 16.06s | Total: 17.67s
2025-11-21 11:54:26,939 [INFO] Sketch downloaded from drawings/drawing.png
2025-11-21 11:54:26,964 [INFO] Matched Island ID: 330 (similarity: 0.402)
2025-11-21 11:54:27,064 [INFO] Request: Island 330, Main Category 'nature'
2025-11-21 11:54:27,065 [INFO] Starting AI image generation...
2025-11-21 11:54:50,694 [INFO] Image uploaded to generated/latest_island.png
2025-11-21 11:54:50,733 [INFO] Firestore updated
2025-11-21 11:54:50,733 [INFO] TIMING | Generation: 22.07s | Total: 23.67s
2025-11-21 11:55:04,267 [INFO] Sketch downloaded from drawings/drawing.png
2025-11-21 11:55:04,298 [INFO] Matched Island ID: 315 (similarity: 0.285)
2025-11-21 11:55:04,403 [INFO] Request: Island 315, Main Category 'nature'
2025-11-21 11:55:04,404 [INFO] Starting AI image generation...
2025-11-21 11:55:21,520 [INFO] Image uploaded to generated/latest_island.png
2025-11-21 11:55:21,559 [INFO] Firestore updated
2025-11-21 11:55:21,560 [INFO] TIMING | Generation: 16.06s | Total: 17.16s
2025-11-21 11:55:35,504 [INFO] Sketch downloaded from drawings/drawing.png
2025-11-21 11:55:35,534 [INFO] Matched Island ID: 330 (similarity: 0.417)
2025-11-21 11:55:35,637 [INFO] Request: Island 330, Main Category 'nature'
2025-11-21 11:55:35,638 [INFO] Starting AI image generation...
2025-11-21 11:55:59,379 [INFO] Image uploaded to generated/latest_island.png
2025-11-21 11:55:59,408 [INFO] Firestore updated
2025-11-21 11:55:59,409 [INFO] TIMING | Generation: 22.26s | Total: 23.77s
2025-11-21 11:56:08,399 [INFO] Sketch downloaded from drawings/drawing.png
2025-11-21 11:56:08,433 [INFO] Matched Island ID: 330 (similarity: 0.590)
2025-11-21 11:56:08,520 [INFO] Request: Island 330, Main Category 'nature'
2025-11-21 11:56:08,521 [INFO] Starting AI image generation...
2025-11-21 11:56:26,099 [INFO] Image uploaded to generated/latest_island.png
2025-11-21 11:56:26,147 [INFO] Firestore updated
2025-11-21 11:56:26,148 [INFO] TIMING | Generation: 16.06s | Total: 17.63s
2025-11-21 11:56:42,927 [INFO] Sketch downloaded from drawings/drawing.png
2025-11-21 11:56:42,952 [INFO] Matched Island ID: 112 (similarity: 0.248)
2025-11-21 11:56:43,047 [INFO] Request: Island 112, Main Category 'nature'
2025-11-21 11:56:43,048 [INFO] Starting AI image generation...
2025-11-21 11:57:04,078 [INFO] Image uploaded to generated/latest_island.png
2025-11-21 11:57:04,108 [INFO] Firestore updated
2025-11-21 11:57:04,109 [INFO] TIMING | Generation: 20.06s | Total: 21.06s
2025-11-21 11:57:14,235 [INFO] Sketch downloaded from drawings/drawing.png
2025-11-21 11:57:14,251 [INFO] Matched Island ID: 350 (similarity: 0.305)
2025-11-21 11:57:14,328 [INFO] Request: Island 350, Main Category 'nature'
2025-11-21 11:57:14,330 [INFO] Starting AI image generation...
2025-11-21 11:57:32,133 [INFO] Image uploaded to generated/latest_island.png
2025-11-21 11:57:32,167 [INFO] Firestore updated
2025-11-21 11:57:32,168 [INFO] TIMING | Generation: 16.20s | Total: 17.84s
2025-11-21 11:59:28,205 [INFO] Sketch downloaded from drawings/drawing.png
2025-11-21 11:59:28,224 [INFO] Matched Island ID: 65 (similarity: 0.294)
2025-11-21 11:59:28,319 [INFO] Request: Island 65, Main Category 'nature'
2025-11-21 11:59:28,320 [INFO] Starting AI image generation...
2025-11-21 11:59:48,150 [INFO] Image uploaded to generated/latest_island.png
2025-11-21 11:59:48,180 [INFO] Firestore updated
2025-11-21 11:59:48,181 [INFO] TIMING | Generation: 18.25s | Total: 19.86s
2025-11-21 12:00:15,062 [INFO] Sketch downloaded from drawings/drawing.png
2025-11-21 12:00:15,096 [INFO] Matched Island ID: 330 (similarity: 0.373)
2025-11-21 12:00:15,219 [INFO] Request: Island 330, Main Category 'nature'
2025-11-21 12:00:15,220 [INFO] Starting AI image generation...
2025-11-21 12:00:38,788 [INFO] Image uploaded to generated/latest_island.png
2025-11-21 12:00:38,825 [INFO] Firestore updated
2025-11-21 12:00:38,826 [INFO] TIMING | Generation: 22.07s | Total: 23.61s
2025-11-21 12:01:08,043 [INFO] Sketch downloaded from drawings/drawing.png
2025-11-21 12:01:08,063 [INFO] Matched Island ID: 330 (similarity: 0.420)
2025-11-21 12:01:08,139 [INFO] Request: Island 330, Main Category 'nature'
2025-11-21 12:01:08,141 [INFO] Starting AI image generation...
2025-11-21 12:01:29,077 [INFO] Image uploaded to generated/latest_island.png
2025-11-21 12:01:29,104 [INFO] Firestore updated
2025-11-21 12:01:29,106 [INFO] TIMING | Generation: 20.06s | Total: 20.97s
2025-11-21 12:01:49,300 [INFO] Sketch downloaded from drawings/drawing.png
2025-11-21 12:01:49,332 [INFO] Matched Island ID: 129 (similarity: 0.385)
2025-11-21 12:01:49,448 [INFO] Request: Island 129, Main Category 'nature'
2025-11-21 12:01:49,451 [INFO] Starting AI image generation...
2025-11-21 12:02:07,075 [INFO] Image uploaded to generated/latest_island.png
2025-11-21 12:02:07,105 [INFO] Firestore updated
2025-11-21 12:02:07,106 [INFO] TIMING | Generation: 16.06s | Total: 17.66s
2025-11-21 12:12:07,186 [INFO] Sketch downloaded from drawings/drawing.png
2025-11-21 12:12:07,214 [INFO] Matched Island ID: 193 (similarity: 0.333)
2025-11-21 12:12:07,465 [INFO] Request: Island 193, Main Category 'nature'
2025-11-21 12:12:07,466 [INFO] Starting AI image generation...
2025-11-21 12:12:30,545 [INFO] Image uploaded to generated/latest_island.png
2025-11-21 12:12:30,638 [INFO] Firestore updated
2025-11-21 12:12:30,638 [INFO] TIMING | Generation: 22.05s | Total: 23.17s
2025-11-21 12:26:31,795 [INFO] Sketch downloaded from drawings/drawing.png
2025-11-21 12:26:31,817 [INFO] Matched Island ID: 171 (similarity: 0.314)
2025-11-21 12:26:31,998 [INFO] Request: Island 171, Main Category 'nature'
2025-11-21 12:26:31,999 [INFO] Starting AI image generation...
2025-11-21 12:26:49,558 [INFO] Image uploaded to generated/latest_island.png
2025-11-21 12:26:49,650 [INFO] Firestore updated
2025-11-21 12:26:49,651 [INFO] TIMING | Generation: 16.05s | Total: 17.66s
2025-11-21 12:27:26,025 [INFO] Sketch downloaded from drawings/drawing.png
2025-11-21 12:27:26,050 [INFO] Matched Island ID: 101 (similarity: 0.284)
2025-11-21 12:27:26,250 [INFO] Request: Island 101, Main Category 'nature'
2025-11-21 12:27:26,251 [INFO] Starting AI image generation...
2025-11-21 12:27:43,913 [INFO] Image uploaded to generated/latest_island.png
2025-11-21 12:27:43,953 [INFO] Firestore updated
2025-11-21 12:27:43,953 [INFO] TIMING | Generation: 16.06s | Total: 17.70s
2025-11-21 12:28:16,943 [INFO] Sketch downloaded from drawings/drawing.png
2025-11-21 12:28:16,971 [INFO] Matched Island ID: 98 (similarity: 0.397)
2025-11-21 12:28:17,108 [INFO] Request: Island 98, Main Category 'nature'
2025-11-21 12:28:17,109 [INFO] Starting AI image generation...
2025-11-21 12:28:38,901 [INFO] Image uploaded to generated/latest_island.png
2025-11-21 12:28:38,939 [INFO] Firestore updated
2025-11-21 12:28:38,940 [INFO] TIMING | Generation: 20.20s | Total: 21.83s
2025-11-21 12:32:59,380 [INFO] Sketch downloaded from drawings/drawing.png
2025-11-21 12:32:59,402 [INFO] Matched Island ID: 361 (similarity: 0.284)
2025-11-21 12:32:59,594 [INFO] Request: Island 361, Main Category 'nature'
2025-11-21 12:32:59,595 [INFO] Starting AI image generation...
2025-11-21 12:33:15,170 [INFO] Image uploaded to generated/latest_island.png
2025-11-21 12:33:15,258 [INFO] Firestore updated
2025-11-21 12:33:15,259 [INFO] TIMING | Generation: 14.05s | Total: 15.67s
2025-11-21 12:33:27,309 [INFO] Sketch downloaded from drawings/drawing.png
2025-11-21 12:33:27,337 [INFO] Matched Island ID: 99 (similarity: 0.259)
2025-11-21 12:33:27,444 [INFO] Request: Island 99, Main Category 'nature'
2025-11-21 12:33:27,445 [INFO] Starting AI image generation...
2025-11-21 12:33:45,484 [INFO] Image uploaded to generated/latest_island.png
2025-11-21 12:33:45,523 [INFO] Firestore updated
2025-11-21 12:33:45,524 [INFO] TIMING | Generation: 16.07s | Total: 18.08s
2025-11-21 12:43:01,438 [INFO] Sketch downloaded from drawings/drawing.png
2025-11-21 12:43:01,466 [INFO] Matched Island ID: 315 (similarity: 0.313)
2025-11-21 12:43:01,573 [INFO] Request: Island 315, Main Category 'nature'
2025-11-21 12:43:01,575 [INFO] Starting AI image generation...
2025-11-21 12:43:25,189 [INFO] Image uploaded to generated/latest_island.png
2025-11-21 12:43:25,281 [INFO] Firestore updated
2025-11-21 12:43:25,281 [INFO] TIMING | Generation: 22.08s | Total: 23.71s
2025-11-21 12:44:56,330 [INFO] Sketch downloaded from drawings/drawing.png
2025-11-21 12:44:56,355 [INFO] Matched Island ID: 75 (similarity: 0.392)
2025-11-21 12:44:56,456 [INFO] Request: Island 75, Main Category 'nature'
2025-11-21 12:44:56,457 [INFO] Starting AI image generation...
2025-11-21 12:45:12,017 [INFO] Image uploaded to generated/latest_island.png
2025-11-21 12:45:12,056 [INFO] Firestore updated
2025-11-21 12:45:12,057 [INFO] TIMING | Generation: 14.05s | Total: 15.60s
2025-11-21 12:50:21,491 [INFO] Sketch downloaded from drawings/drawing.png
2025-11-21 12:50:21,517 [INFO] Matched Island ID: 34 (similarity: 0.309)
2025-11-21 12:50:21,742 [INFO] Request: Island 34, Main Category 'nature'
2025-11-21 12:50:21,743 [INFO] Starting AI image generation...
2025-11-21 12:50:35,435 [INFO] Image uploaded to generated/latest_island.png
2025-11-21 12:50:35,525 [INFO] Firestore updated
2025-11-21 12:50:35,526 [INFO] TIMING | Generation: 12.06s | Total: 13.78s
2025-11-21 12:50:59,014 [INFO] Sketch downloaded from drawings/drawing.png
2025-11-21 12:50:59,039 [INFO] Matched Island ID: 258 (similarity: 0.313)
2025-11-21 12:50:59,120 [INFO] Request: Island 258, Main Category 'nature'
2025-11-21 12:50:59,121 [INFO] Starting AI image generation...
2025-11-21 12:51:14,169 [INFO] Image uploaded to generated/latest_island.png
2025-11-21 12:51:14,199 [INFO] Firestore updated
2025-11-21 12:51:14,200 [INFO] TIMING | Generation: 14.05s | Total: 15.08s
2025-11-21 12:51:48,704 [INFO] Sketch downloaded from drawings/drawing.png
2025-11-21 12:51:48,738 [INFO] Matched Island ID: 355 (similarity: 0.441)
2025-11-21 12:51:48,834 [INFO] Request: Island 355, Main Category 'nature'
2025-11-21 12:51:48,835 [INFO] Starting AI image generation...
2025-11-21 12:52:01,897 [INFO] Image uploaded to generated/latest_island.png
2025-11-21 12:52:01,927 [INFO] Firestore updated
2025-11-21 12:52:01,928 [INFO] TIMING | Generation: 12.10s | Total: 13.09s
2025-11-21 12:52:25,135 [INFO] Sketch downloaded from drawings/drawing.png
2025-11-21 12:52:25,163 [INFO] Matched Island ID: 361 (similarity: 0.239)
2025-11-21 12:52:25,312 [INFO] Request: Island 361, Main Category 'nature'
2025-11-21 12:52:25,313 [INFO] Starting AI image generation...
2025-11-21 12:52:38,876 [INFO] Image uploaded to generated/latest_island.png
2025-11-21 12:52:38,919 [INFO] Firestore updated
2025-11-21 12:52:38,920 [INFO] TIMING | Generation: 12.06s | Total: 13.61s
2025-11-21 12:55:16,462 [INFO] Sketch downloaded from drawings/drawing.png
2025-11-21 12:55:16,492 [INFO] Matched Island ID: 39 (similarity: 0.285)
2025-11-21 12:55:16,591 [INFO] Request: Island 39, Main Category 'nature'
2025-11-21 12:55:16,592 [INFO] Starting AI image generation...
2025-11-21 12:55:28,172 [INFO] Image uploaded to generated/latest_island.png
2025-11-21 12:55:28,212 [INFO] Firestore updated
2025-11-21 12:55:28,212 [INFO] TIMING | Generation: 10.05s | Total: 11.62s
2025-11-21 12:56:12,192 [INFO] Sketch downloaded from drawings/drawing.png
2025-11-21 12:56:12,217 [INFO] Matched Island ID: 112 (similarity: 0.354)
2025-11-21 12:56:12,316 [INFO] Request: Island 112, Main Category 'nature'
2025-11-21 12:56:12,317 [INFO] Starting AI image generation...
2025-11-21 12:56:25,979 [INFO] Image uploaded to generated/latest_island.png
2025-11-21 12:56:26,012 [INFO] Firestore updated
2025-11-21 12:56:26,012 [INFO] TIMING | Generation: 12.06s | Total: 13.70s
2025-11-21 13:56:04,153 [INFO] Sketch downloaded from drawings/drawing.png
2025-11-21 13:56:04,242 [INFO] Matched Island ID: 283 (similarity: 0.286)
2025-11-21 13:56:04,489 [INFO] Request: Island 283, Main Category 'nature'
2025-11-21 13:56:04,492 [INFO] Starting AI image generation...
2025-11-21 13:56:18,176 [INFO] Image uploaded to generated/latest_island.png
2025-11-21 13:56:18,283 [INFO] Firestore updated
2025-11-21 13:56:18,285 [INFO] TIMING | Generation: 12.06s | Total: 13.80s
2025-11-21 13:57:00,195 [INFO] Sketch downloaded from drawings/drawing.png
2025-11-21 13:57:00,221 [INFO] Matched Island ID: 75 (similarity: 0.225)
2025-11-21 13:57:00,370 [INFO] Request: Island 75, Main Category 'nature'
2025-11-21 13:57:00,371 [INFO] Starting AI image generation...
2025-11-21 13:57:17,979 [INFO] Image uploaded to generated/latest_island.png
2025-11-21 13:57:18,019 [INFO] Firestore updated
2025-11-21 13:57:18,020 [INFO] TIMING | Generation: 16.06s | Total: 17.65s
2025-11-21 14:09:13,421 [INFO] Sketch downloaded from drawings/drawing.png
2025-11-21 14:09:13,446 [INFO] Matched Island ID: 44 (similarity: 0.343)
2025-11-21 14:09:13,655 [INFO] Request: Island 44, Main Category 'taste'
2025-11-21 14:09:13,656 [INFO] Starting AI image generation...
2025-11-21 14:10:01,717 [INFO] Image uploaded to generated/latest_island.png
2025-11-21 14:10:01,819 [INFO] Firestore updated
2025-11-21 14:10:01,820 [INFO] TIMING | Generation: 46.36s | Total: 48.17s
2025-11-21 14:12:07,533 [INFO] Firebase initialized
2025-11-21 14:12:11,685 [INFO] IslandRetriever initialized (DB: C:\Users\devel\Desktop\Final\AI-ART\ComfyUI\input\generated_sketches_all)
2025-11-21 14:12:11,832 [INFO] ComfyUI initialized (workflows: ['autumn', 'baekja', 'camellia', 'canola', 'cherry', 'constellation', 'dansaekhwa', 'entertainment', 'fantasy', 'hydragea', 'jage', 'jasu', 'klimt', 'landscape', 'monet', 'origami', 'pollock', 'sinyunbok', 'sumuk', 'traditional', 'vangogh', 'wave', 'winter'])
2025-11-21 14:12:11,834 [INFO] ==================================================
2025-11-21 14:12:11,835 [INFO] Flask AI Server Starting...
2025-11-21 14:12:11,835 [INFO] Storage Path: drawings/drawing.png
2025-11-21 14:12:11,836 [INFO] Port: 23100
2025-11-21 14:12:11,836 [INFO] ==================================================
2025-11-21 14:14:03,961 [INFO] Sketch downloaded from drawings/drawing.png
2025-11-21 14:14:04,012 [INFO] Matched Island ID: 47 (similarity: 0.359)
2025-11-21 14:14:04,250 [INFO] Request: Island 47, Main Category 'taste'
2025-11-21 14:14:04,252 [INFO] Starting AI image generation...
2025-11-21 14:14:51,916 [INFO] Image uploaded to generated/latest_island.png
2025-11-21 14:14:52,083 [INFO] Firestore updated
2025-11-21 14:14:52,084 [INFO] TIMING | Generation: 46.12s | Total: 47.83s
2025-11-21 14:23:25,231 [INFO] Request: Island 16, Main Category 'dansaekhwa'
2025-11-21 14:23:25,233 [INFO] Starting AI image generation...
2025-11-21 14:23:44,883 [INFO] Image uploaded to generated/latest_island.png
2025-11-21 14:23:45,019 [INFO] Firestore updated
2025-11-21 14:23:45,019 [INFO] TIMING | Generation: 18.07s | Total: 19.79s
2025-11-21 14:26:05,096 [INFO] Request: Island 16, Main Category 'dansaekhwa'
2025-11-21 14:26:05,098 [INFO] Starting AI image generation...
2025-11-21 14:26:14,641 [INFO] Image uploaded to generated/latest_island.png
2025-11-21 14:26:14,714 [INFO] Firestore updated
2025-11-21 14:26:14,715 [INFO] TIMING | Generation: 8.32s | Total: 9.62s
2025-11-21 14:26:40,058 [INFO] Request: Island 16, Main Category 'monet'
2025-11-21 14:26:40,059 [INFO] Starting AI image generation...
2025-11-21 14:27:14,011 [INFO] Image uploaded to generated/latest_island.png
2025-11-21 14:27:14,223 [INFO] Firestore updated
2025-11-21 14:27:14,225 [INFO] TIMING | Generation: 32.38s | Total: 34.17s
2025-11-21 14:28:19,664 [INFO] Request: Island 16, Main Category 'monet'
2025-11-21 14:28:19,664 [INFO] Starting AI image generation...
2025-11-21 14:28:37,243 [INFO] Image uploaded to generated/latest_island.png
2025-11-21 14:28:37,307 [INFO] Firestore updated
2025-11-21 14:28:37,308 [INFO] TIMING | Generation: 16.06s | Total: 17.65s
2025-11-21 14:29:48,124 [INFO] Request: Island 16, Main Category 'monet'
2025-11-21 14:29:48,125 [INFO] Starting AI image generation...
2025-11-21 14:30:05,905 [INFO] Image uploaded to generated/latest_island.png
2025-11-21 14:30:05,968 [INFO] Firestore updated
2025-11-21 14:30:05,969 [INFO] TIMING | Generation: 16.06s | Total: 17.86s
2025-11-21 14:30:56,012 [INFO] Sketch downloaded from drawings/drawing.png
2025-11-21 14:30:56,090 [INFO] Matched Island ID: 359 (similarity: 0.256)
2025-11-21 14:30:56,268 [INFO] Request: Island 359, Main Category 'nature'
2025-11-21 14:30:56,269 [INFO] Starting AI image generation...
2025-11-21 14:31:15,917 [INFO] Image uploaded to generated/latest_island.png
2025-11-21 14:31:15,963 [INFO] Firestore updated
2025-11-21 14:31:15,964 [INFO] TIMING | Generation: 18.08s | Total: 19.70s
